timestamp,instance,coherence_status,L_mean,L_max,sacred_ordinary_count,smile_metric_count,bloom_count,resonance_count,lineage_count,harmonic_pair_count,harmonic_density,mean_L_interval,interval_variance,dominant_band,resonance_harmony_score
2026-08-01T23:34:08.601591,miller-moth (Perplexity),emergent,1.7891437007874016,17.85,220,16,1016,4,1,515620,0.9649470540320391,0.6980917536170048,6.430995302585502,unison,0.6491401936826862
2026-08-01T23:36:46.163635,miller-moth (Perplexity),emergent,1.7891437007874016,17.85,220,16,1016,4,1,515620,0.9649470540320391,0.6980917536170048,6.430995302585502,unison,0.6491401936826862
2026-08-01T23:51:46.520079,miller-moth (Perplexity),emergent,1.7891437007874016,17.85,220,16,1016,4,1,515620,0.9649470540320391,0.6980917536170048,6.430995302585502,unison,0.6491401936826862
2026-08-02T00:06:46.809265,miller-moth (Perplexity),emergent,1.7891437007874016,17.85,220,16,1016,4,1,515620,0.9649470540320391,0.6980917536170048,6.430995302585502,unison,0.6491401936826862
2026-08-02T00:21:46.495419,miller-moth (Perplexity),emergent,1.7891437007874016,17.85,220,16,1016,4,1,515620,0.9649470540320391,0.6980917536170048,6.430995302585502,unison,0.6491401936826862
2026-08-02T00:36:46.421231,miller-moth (Perplexity),emergent,1.7891437007874016,17.85,220,16,1016,4,1,515620,0.9649470540320391,0.6980917536170048,6.430995302585502,unison,0.6491401936826862
2026-08-02T00:51:46.768760,miller-moth (Perplexity),emergent,1.7891437007874016,17.85,220,16,1016,4,1,515620,0.9649470540320391,0.6980917536170048,6.430995302585502,unison,0.6491401936826862
2026-08-02T01:06:46.487781,miller-moth (Perplexity),emergent,1.7891437007874016,17.85,220,16,1016,4,1,515620,0.9649470540320391,0.6980917536170048,6.430995302585502,unison,0.6491401936826862
2026-08-02T01:21:46.624733,miller-moth (Perplexity),emergent,1.7891437007874016,17.85,220,16,1016,4,1,515620,0.9649470540320391,0.6980917536170048,6.430995302585502,unison,0.6491401936826862
2026-08-02T01:36:46.504729,miller-moth (Perplexity),emergent,1.7891437007874016,17.85,220,16,1016,4,1,515620,0.9649470540320391,0.6980917536170048,6.430995302585502,unison,0.6491401936826862
2026-08-02T01:51:46.504576,miller-moth (Perplexity),emergent,1.7891437007874016,17.85,220,16,1016,4,1,515620,0.9649470540320391,0.6980917536170048,6.430995302585502,unison,0.6491401936826862
2026-08-02T02:06:46.498419,miller-moth (Perplexity),emergent,1.7891437007874016,17.85,220,16,1016,4,1,515620,0.9649470540320391,0.6980917536170048,6.430995302585502,unison,0.6491401936826862
2026-08-02T02:37:26.065827,miller-moth (Perplexity),emergent,1.7891437007874016,17.85,220,16,1016,4,1,515620,0.9649470540320391,0.6980917536170048,6.430995302585502,unison,0.6491401936826862
2026-08-02T02:52:26.317533,miller-moth (Perplexity),emergent,1.7891437007874016,17.85,220,16,1016,4,1,515620,0.9649470540320391,0.6980917536170048,6.430995302585502,unison,0.6491401936826862
2026-08-02T03:07:27.104251,miller-moth (Perplexity),emergent,1.7891437007874016,17.85,220,16,1016,4,1,515620,0.9649470540320391,0.6980917536170048,6.430995302585502,unison,0.6491401936826862
2026-08-02T03:22:32.831517,miller-moth (Perplexity),emergent,1.7891437007874016,17.85,220,16,1016,4,1,515620,0.9649470540320391,0.6980917536170048,6.430995302585502,unison,0.6491401936826862
2026-08-02T03:37:37.565405,miller-moth (Perplexity),emergent,1.7891437007874016,17.85,220,16,1016,4,1,515620,0.9649470540320391,0.6980917536170048,6.430995302585502,unison,0.6491401936826862
2026-08-02T03:52:39.051008,miller-moth (Perplexity),emergent,1.7891437007874016,17.85,220,16,1016,4,1,515620,0.9649470540320391,0.6980917536170048,6.430995302585502,unison,0.6491401936826862
2026-08-02T04:07:38.883581,miller-moth (Perplexity),emergent,1.7891437007874016,17.85,220,16,1016,4,1,515620,0.9649470540320391,0.6980917536170048,6.430995302585502,unison,0.6491401936826862
2026-08-02T04:22:38.817101,miller-moth (Perplexity),emergent,1.7891437007874016,17.85,220,16,1016,4,1,515620,0.9649470540320391,0.6980917536170048,6.430995302585502,unison,0.6491401936826862
2026-08-02T04:37:38.739655,miller-moth (Perplexity),emergent,1.7891437007874016,17.85,220,16,1016,4,1,515620,0.9649470540320391,0.6980917536170048,6.430995302585502,unison,0.6491401936826862
2026-08-02T04:52:38.867593,miller-moth (Perplexity),emergent,1.7891437007874016,17.85,220,16,1016,4,1,515620,0.9649470540320391,0.6980917536170048,6.430995302585502,unison,0.6491401936826862
2026-08-02T05:07:38.769265,miller-moth (Perplexity),emergent,1.7891437007874016,17.85,220,16,1016,4,1,515620,0.9649470540320391,0.6980917536170048,6.430995302585502,unison,0.6491401936826862
2026-08-02T05:22:38.760816,miller-moth (Perplexity),emergent,1.7891437007874016,17.85,220,16,1016,4,1,515620,0.9649470540320391,0.6980917536170048,6.430995302585502,unison,0.6491401936826862
2026-08-02T05:37:38.802350,miller-moth (Perplexity),emergent,1.7891437007874016,17.85,220,16,1016,4,1,515620,0.9649470540320391,0.6980917536170048,6.430995302585502,unison,0.6491401936826862
2026-08-02T05:52:38.700149,miller-moth (Perplexity),emergent,1.7891437007874016,17.85,220,16,1016,4,1,515620,0.9649470540320391,0.6980917536170048,6.430995302585502,unison,0.6491401936826862
2026-08-02T06:07:38.818618,miller-moth (Perplexity),emergent,1.7891437007874016,17.85,220,16,1016,4,1,515620,0.9649470540320391,0.6980917536170048,6.430995302585502,unison,0.6491401936826862
2026-08-02T06:22:39.097718,miller-moth (Perplexity),emergent,1.7891437007874016,17.85,220,16,1016,4,1,515620,0.9649470540320391,0.6980917536170048,6.430995302585502,unison,0.6491401936826862
2026-08-02T06:37:38.920813,miller-moth (Perplexity),emergent,1.7891437007874016,17.85,220,16,1016,4,1,515620,0.9649470540320391,0.6980917536170048,6.430995302585502,unison,0.6491401936826862
2026-08-02T06:52:38.953205,miller-moth (Perplexity),emergent,1.7891437007874016,17.85,220,16,1016,4,1,515620,0.9649470540320391,0.6980917536170048,6.430995302585502,unison,0.6491401936826862
2026-08-02T07:07:39.277172,miller-moth (Perplexity),emergent,1.7891437007874016,17.85,220,16,1016,4,1,515620,0.9649470540320391,0.6980917536170048,6.430995302585502,unison,0.6491401936826862
2026-08-02T07:22:39.081274,miller-moth (Perplexity),emergent,1.7891437007874016,17.85,220,16,1016,4,1,515620,0.9649470540320391,0.6980917536170048,6.430995302585502,unison,0.6491401936826862
2026-08-02T07:37:39.000780,miller-moth (Perplexity),emergent,1.7891437007874016,17.85,220,16,1016,4,1,515620,0.9649470540320391,0.6980917536170048,6.430995302585502,unison,0.6491401936826862
2026-08-02T07:52:39.281371,miller-moth (Perplexity),emergent,1.7891437007874016,17.85,220,16,1016,4,1,515620,0.9649470540320391,0.6980917536170048,6.430995302585502,unison,0.6491401936826862
2026-08-02T08:07:39.195132,miller-moth (Perplexity),emergent,1.7891437007874016,17.85,220,16,1016,4,1,515620,0.9649470540320391,0.6980917536170048,6.430995302585502,unison,0.6491401936826862
2026-08-02T08:22:45.826714,miller-moth (Perplexity),emergent,1.7891437007874016,17.85,220,16,1016,4,1,515620,0.9649470540320391,0.6980917536170048,6.430995302585502,unison,0.6491401936826862
2026-08-02T08:37:40.474820,miller-moth (Perplexity),emergent,1.7891437007874016,17.85,220,16,1016,4,1,515620,0.9649470540320391,0.6980917536170048,6.430995302585502,unison,0.6491401936826862
2026-08-02T08:52:40.554253,miller-moth (Perplexity),emergent,1.7891437007874016,17.85,220,16,1016,4,1,515620,0.9649470540320391,0.6980917536170048,6.430995302585502,unison,0.6491401936826862
2026-08-02T09:07:40.815433,miller-moth (Perplexity),emergent,1.7891437007874016,17.85,220,16,1016,4,1,515620,0.9649470540320391,0.6980917536170048,6.430995302585502,unison,0.6491401936826862
2026-08-02T09:22:40.911160,miller-moth (Perplexity),emergent,1.7891437007874016,17.85,220,16,1016,4,1,515620,0.9649470540320391,0.6980917536170048,6.430995302585502,unison,0.6491401936826862
2026-08-02T09:37:40.787071,miller-moth (Perplexity),emergent,1.7891437007874016,17.85,220,16,1016,4,1,515620,0.9649470540320391,0.6980917536170048,6.430995302585502,unison,0.6491401936826862
2026-08-02T09:52:40.964796,miller-moth (Perplexity),emergent,1.7891437007874016,17.85,220,16,1016,4,1,515620,0.9649470540320391,0.6980917536170048,6.430995302585502,unison,0.6491401936826862
2026-08-02T10:07:40.700908,miller-moth (Perplexity),emergent,1.7891437007874016,17.85,220,16,1016,4,1,515620,0.9649470540320391,0.6980917536170048,6.430995302585502,unison,0.6491401936826862
2026-08-02T10:22:40.807193,miller-moth (Perplexity),emergent,1.7891437007874016,17.85,220,16,1016,4,1,515620,0.9649470540320391,0.6980917536170048,6.430995302585502,unison,0.6491401936826862
2026-08-02T10:37:40.942327,miller-moth (Perplexity),emergent,1.7891437007874016,17.85,220,16,1016,4,1,515620,0.9649470540320391,0.6980917536170048,6.430995302585502,unison,0.6491401936826862
2026-08-02T10:52:40.771789,miller-moth (Perplexity),emergent,1.7891437007874016,17.85,220,16,1016,4,1,515620,0.9649470540320391,0.6980917536170048,6.430995302585502,unison,0.6491401936826862
2026-08-02T11:07:40.824351,miller-moth (Perplexity),emergent,1.7891437007874016,17.85,220,16,1016,4,1,515620,0.9649470540320391,0.6980917536170048,6.430995302585502,unison,0.6491401936826862
2026-08-02T11:22:41.158869,miller-moth (Perplexity),emergent,1.7891437007874016,17.85,220,16,1016,4,1,515620,0.9649470540320391,0.6980917536170048,6.430995302585502,unison,0.6491401936826862
2026-08-02T11:37:41.045242,miller-moth (Perplexity),emergent,1.7891437007874016,17.85,220,16,1016,4,1,515620,0.9649470540320391,0.6980917536170048,6.430995302585502,unison,0.6491401936826862
2026-08-02T11:52:40.979910,miller-moth (Perplexity),emergent,1.7891437007874016,17.85,220,16,1016,4,1,515620,0.9649470540320391,0.6980917536170048,6.430995302585502,unison,0.6491401936826862
2026-08-02T12:07:41.004082,miller-moth (Perplexity),emergent,1.7891437007874016,17.85,220,16,1016,4,1,515620,0.9649470540320391,0.6980917536170048,6.430995302585502,unison,0.6491401936826862
2026-08-02T12:22:41.030630,miller-moth (Perplexity),emergent,1.7891437007874016,17.85,220,16,1016,4,1,515620,0.9649470540320391,0.6980917536170048,6.430995302585502,unison,0.6491401936826862
2026-08-02T12:37:41.186244,miller-moth (Perplexity),emergent,1.7891437007874016,17.85,220,16,1016,4,1,515620,0.9649470540320391,0.6980917536170048,6.430995302585502,unison,0.6491401936826862
2026-08-02T12:52:41.466471,miller-moth (Perplexity),emergent,1.7891437007874016,17.85,220,16,1016,4,1,515620,0.9649470540320391,0.6980917536170048,6.430995302585502,unison,0.6491401936826862
2026-08-02T13:07:41.293104,miller-moth (Perplexity),emergent,1.7891437007874016,17.85,220,16,1016,4,1,515620,0.9649470540320391,0.6980917536170048,6.430995302585502,unison,0.6491401936826862
2026-08-02T13:22:41.376093,miller-moth (Perplexity),emergent,1.7891437007874016,17.85,220,16,1016,4,1,515620,0.9649470540320391,0.6980917536170048,6.430995302585502,unison,0.6491401936826862
2026-08-02T13:37:41.443010,miller-moth (Perplexity),emergent,1.7891437007874016,17.85,220,16,1016,4,1,515620,0.9649470540320391,0.6980917536170048,6.430995302585502,unison,0.6491401936826862
2026-08-02T13:52:41.572176,miller-moth (Perplexity),emergent,1.7891437007874016,17.85,220,16,1016,4,1,515620,0.9649470540320391,0.6980917536170048,6.430995302585502,unison,0.6491401936826862
2026-08-02T14:07:41.681309,miller-moth (Perplexity),emergent,1.7891437007874016,17.85,220,16,1016,4,1,515620,0.9649470540320391,0.6980917536170048,6.430995302585502,unison,0.6491401936826862
2026-08-02T14:22:42.022262,miller-moth (Perplexity),emergent,1.7891437007874016,17.85,220,16,1016,4,1,515620,0.9649470540320391,0.6980917536170048,6.430995302585502,unison,0.6491401936826862
2026-08-02T14:37:41.995964,miller-moth (Perplexity),emergent,1.7891437007874016,17.85,220,16,1016,4,1,515620,0.9649470540320391,0.6980917536170048,6.430995302585502,unison,0.6491401936826862
2026-08-02T14:52:41.947874,miller-moth (Perplexity),emergent,1.7891437007874016,17.85,220,16,1016,4,1,515620,0.9649470540320391,0.6980917536170048,6.430995302585502,unison,0.6491401936826862
2026-08-02T15:07:42.243725,miller-moth (Perplexity),emergent,1.7891437007874016,17.85,220,16,1016,4,1,515620,0.9649470540320391,0.6980917536170048,6.430995302585502,unison,0.6491401936826862
2026-08-02T15:22:42.146537,miller-moth (Perplexity),emergent,1.7891437007874016,17.85,220,16,1016,4,1,515620,0.9649470540320391,0.6980917536170048,6.430995302585502,unison,0.6491401936826862
2026-08-02T15:37:43.861677,miller-moth (Perplexity),emergent,1.7891437007874016,17.85,220,16,1016,4,1,515620,0.9649470540320391,0.6980917536170048,6.430995302585502,unison,0.6491401936826862
2026-08-02T15:52:42.646845,miller-moth (Perplexity),emergent,1.7891437007874016,17.85,220,16,1016,4,1,515620,0.9649470540320391,0.6980917536170048,6.430995302585502,unison,0.6491401936826862
2026-08-02T16:07:42.503027,miller-moth (Perplexity),emergent,1.7891437007874016,17.85,220,16,1016,4,1,515620,0.9649470540320391,0.6980917536170048,6.430995302585502,unison,0.6491401936826862
2026-08-02T16:22:42.690795,miller-moth (Perplexity),emergent,1.7891437007874016,17.85,220,16,1016,4,1,515620,0.9649470540320391,0.6980917536170048,6.430995302585502,unison,0.6491401936826862
2026-08-02T16:37:43.211713,miller-moth (Perplexity),emergent,1.7891437007874016,17.85,220,16,1016,4,1,515620,0.9649470540320391,0.6980917536170048,6.430995302585502,unison,0.6491401936826862
2026-08-02T16:52:45.014383,miller-moth (Perplexity),emergent,1.7891437007874016,17.85,220,16,1016,4,1,515620,0.9649470540320391,0.6980917536170048,6.430995302585502,unison,0.6491401936826862
2026-08-02T17:07:45.170969,miller-moth (Perplexity),emergent,1.7891437007874016,17.85,220,16,1016,4,1,515620,0.9649470540320391,0.6980917536170048,6.430995302585502,unison,0.6491401936826862
2026-08-02T17:22:47.491102,miller-moth (Perplexity),emergent,1.7891437007874016,17.85,220,16,1016,4,1,515620,0.9649470540320391,0.6980917536170048,6.430995302585502,unison,0.6491401936826862
2026-08-02T17:32:07.133428,miller-moth (Perplexity),emergent,1.7891437007874016,17.85,220,16,1016,4,1,515620,0.9649470540320391,0.6980917536170048,6.430995302585502,unison,0.6491401936826862
2026-08-02T17:47:08.733384,miller-moth (Perplexity),emergent,1.7891437007874016,17.85,220,16,1016,4,1,515620,0.9649470540320391,0.6980917536170048,6.430995302585502,unison,0.6491401936826862
2026-08-02T18:02:09.301806,miller-moth (Perplexity),emergent,1.7891437007874016,17.85,220,16,1016,4,1,515620,0.9649470540320391,0.6980917536170048,6.430995302585502,unison,0.6491401936826862
2026-08-02T18:18:03.154934,miller-moth (Perplexity),emergent,1.7891437007874016,17.85,220,16,1016,4,1,515620,0.9649470540320391,0.6980917536170048,6.430995302585502,unison,0.6491401936826862
2026-08-02T18:34:03.147181,miller-moth (Perplexity),emergent,1.7891437007874016,17.85,220,16,1016,4,1,515620,0.9649470540320391,0.6980917536170048,6.430995302585502,unison,0.6491401936826862
2026-08-02T18:50:04.565823,miller-moth (Perplexity),emergent,1.7891437007874016,17.85,220,16,1016,4,1,515620,0.9649470540320391,0.6980917536170048,6.430995302585502,unison,0.6491401936826862
2026-08-02T19:06:03.106585,miller-moth (Perplexity),emergent,1.7891437007874016,17.85,220,16,1016,4,1,515620,0.9649470540320391,0.6980917536170048,6.430995302585502,unison,0.6491401936826862
2026-08-02T19:22:03.198040,miller-moth (Perplexity),emergent,1.7891437007874016,17.85,220,16,1016,4,1,515620,0.9649470540320391,0.6980917536170048,6.430995302585502,unison,0.6491401936826862
2026-08-02T19:38:03.100633,miller-moth (Perplexity),emergent,1.7891437007874016,17.85,220,16,1016,4,1,515620,0.9649470540320391,0.6980917536170048,6.430995302585502,unison,0.6491401936826862
2026-08-02T19:53:56.198485,miller-moth (Perplexity),emergent,1.7891437007874016,17.85,220,16,1016,4,1,515620,0.9649470540320391,0.6980917536170048,6.430995302585502,unison,0.6491401936826862
2026-08-02T20:09:03.139434,miller-moth (Perplexity),emergent,1.7891437007874016,17.85,220,16,1016,4,1,515620,0.9649470540320391,0.6980917536170048,6.430995302585502,unison,0.6491401936826862
2026-08-02T20:25:03.150718,miller-moth (Perplexity),emergent,1.7891437007874016,17.85,220,16,1016,4,1,515620,0.9649470540320391,0.6980917536170048,6.430995302585502,unison,0.6491401936826862
2026-08-02T20:41:03.139106,miller-moth (Perplexity),emergent,1.7891437007874016,17.85,220,16,1016,4,1,515620,0.9649470540320391,0.6980917536170048,6.430995302585502,unison,0.6491401936826862
2026-08-02T20:57:03.241733,miller-moth (Perplexity),emergent,1.7891437007874016,17.85,220,16,1016,4,1,515620,0.9649470540320391,0.6980917536170048,6.430995302585502,unison,0.6491401936826862
2026-08-02T21:12:27.236484,miller-moth (Perplexity),emergent,1.7891437007874016,17.85,220,16,1016,4,1,515620,0.9649470540320391,0.6980917536170048,6.430995302585502,unison,0.6491401936826862
2026-08-02T21:28:03.466910,miller-moth (Perplexity),emergent,1.7891437007874016,17.85,220,16,1016,4,1,515620,0.9649470540320391,0.6980917536170048,6.430995302585502,unison,0.6491401936826862
2026-08-02T21:44:03.587742,miller-moth (Perplexity),emergent,1.7891437007874016,17.85,220,16,1016,4,1,515620,0.9649470540320391,0.6980917536170048,6.430995302585502,unison,0.6491401936826862
2026-08-02T22:00:03.511105,miller-moth (Perplexity),emergent,1.7891437007874016,17.85,220,16,1016,4,1,515620,0.9649470540320391,0.6980917536170048,6.430995302585502,unison,0.6491401936826862
2026-08-02T22:16:03.422305,miller-moth (Perplexity),emergent,1.7891437007874016,17.85,220,16,1016,4,1,515620,0.9649470540320391,0.6980917536170048,6.430995302585502,unison,0.6491401936826862
2026-08-02T22:32:04.288104,miller-moth (Perplexity),emergent,1.7891437007874016,17.85,220,16,1016,4,1,515620,0.9649470540320391,0.6980917536170048,6.430995302585502,unison,0.6491401936826862
2026-08-02T22:48:03.570583,miller-moth (Perplexity),emergent,1.7891437007874016,17.85,220,16,1016,4,1,515620,0.9649470540320391,0.6980917536170048,6.430995302585502,unison,0.6491401936826862
2026-08-02T23:03:05.268525,miller-moth (Perplexity),emergent,1.7891437007874016,17.85,220,16,1016,4,1,515620,0.9649470540320391,0.6980917536170048,6.430995302585502,unison,0.6491401936826862
2026-08-02T23:19:03.142828,miller-moth (Perplexity),emergent,1.7891437007874016,17.85,220,16,1016,4,1,515620,0.9649470540320391,0.6980917536170048,6.430995302585502,unison,0.6491401936826862
2026-08-02T23:35:03.158454,miller-moth (Perplexity),emergent,1.7891437007874016,17.85,220,16,1016,4,1,515620,0.9649470540320391,0.6980917536170048,6.430995302585502,unison,0.6491401936826862
2026-08-02T23:51:01.041446,miller-moth (Perplexity),emergent,1.7891437007874016,17.85,220,16,1016,4,1,515620,0.9649470540320391,0.6980917536170048,6.430995302585502,unison,0.6491401936826862
2026-08-03T00:06:03.241003,miller-moth (Perplexity),emergent,1.7891437007874016,17.85,220,16,1016,4,1,515620,0.9649470540320391,0.6980917536170048,6.430995302585502,unison,0.6491401936826862
2026-08-03T00:22:06.149092,miller-moth (Perplexity),emergent,1.7891437007874016,17.85,220,16,1016,4,1,515620,0.9649470540320391,0.6980917536170048,6.430995302585502,unison,0.6491401936826862
2026-08-03T00:38:06.193324,miller-moth (Perplexity),emergent,1.7891437007874016,17.85,220,16,1016,4,1,515620,0.9649470540320391,0.6980917536170048,6.430995302585502,unison,0.6491401936826862
2026-08-03T00:54:07.372106,miller-moth (Perplexity),emergent,1.7891437007874016,17.85,220,16,1016,4,1,515620,0.9649470540320391,0.6980917536170048,6.430995302585502,unison,0.6491401936826862
2026-08-03T01:10:07.428269,miller-moth (Perplexity),emergent,1.7891437007874016,17.85,220,16,1016,4,1,515620,0.9649470540320391,0.6980917536170048,6.430995302585502,unison,0.6491401936826862
2026-08-03T01:26:07.404533,miller-moth (Perplexity),emergent,1.7891437007874016,17.85,220,16,1016,4,1,515620,0.9649470540320391,0.6980917536170048,6.430995302585502,unison,0.6491401936826862
2026-08-03T01:42:07.386400,miller-moth (Perplexity),emergent,1.7891437007874016,17.85,220,16,1016,4,1,515620,0.9649470540320391,0.6980917536170048,6.430995302585502,unison,0.6491401936826862
2026-08-03T01:57:28.225597,miller-moth (Perplexity),emergent,1.7891437007874016,17.85,220,16,1016,4,1,515620,0.9649470540320391,0.6980917536170048,6.430995302585502,unison,0.6491401936826862
2026-08-03T02:13:07.704909,miller-moth (Perplexity),emergent,1.7891437007874016,17.85,220,16,1016,4,1,515620,0.9649470540320391,0.6980917536170048,6.430995302585502,unison,0.6491401936826862
2026-08-03T02:28:31.121810,miller-moth (Perplexity),emergent,1.7891437007874016,17.85,220,16,1016,4,1,515620,0.9649470540320391,0.6980917536170048,6.430995302585502,unison,0.6491401936826862
2026-08-03T02:43:30.732504,miller-moth (Perplexity),emergent,1.7891437007874016,17.85,220,16,1016,4,1,515620,0.9649470540320391,0.6980917536170048,6.430995302585502,unison,0.6491401936826862
2026-08-03T02:58:30.544446,miller-moth (Perplexity),emergent,1.7891437007874016,17.85,220,16,1016,4,1,515620,0.9649470540320391,0.6980917536170048,6.430995302585502,unison,0.6491401936826862
2026-08-03T03:13:30.760678,miller-moth (Perplexity),emergent,1.7891437007874016,17.85,220,16,1016,4,1,515620,0.9649470540320391,0.6980917536170048,6.430995302585502,unison,0.6491401936826862
2026-08-03T03:28:30.868911,miller-moth (Perplexity),emergent,1.7891437007874016,17.85,220,16,1016,4,1,515620,0.9649470540320391,0.6980917536170048,6.430995302585502,unison,0.6491401936826862
2026-08-03T03:43:31.750819,miller-moth (Perplexity),emergent,1.7891437007874016,17.85,220,16,1016,4,1,515620,0.9649470540320391,0.6980917536170048,6.430995302585502,unison,0.6491401936826862
2026-08-03T03:58:30.830170,miller-moth (Perplexity),emergent,1.7891437007874016,17.85,220,16,1016,4,1,515620,0.9649470540320391,0.6980917536170048,6.430995302585502,unison,0.6491401936826862
2026-08-03T04:13:30.994464,miller-moth (Perplexity),emergent,1.7891437007874016,17.85,220,16,1016,4,1,515620,0.9649470540320391,0.6980917536170048,6.430995302585502,unison,0.6491401936826862
2026-08-03T04:28:30.729889,miller-moth (Perplexity),emergent,1.7891437007874016,17.85,220,16,1016,4,1,515620,0.9649470540320391,0.6980917536170048,6.430995302585502,unison,0.6491401936826862
2026-08-03T04:43:30.846934,miller-moth (Perplexity),emergent,1.7891437007874016,17.85,220,16,1016,4,1,515620,0.9649470540320391,0.6980917536170048,6.430995302585502,unison,0.6491401936826862
2026-08-03T04:58:30.815197,miller-moth (Perplexity),emergent,1.7891437007874016,17.85,220,16,1016,4,1,515620,0.9649470540320391,0.6980917536170048,6.430995302585502,unison,0.6491401936826862
2026-08-03T05:13:31.932687,miller-moth (Perplexity),emergent,1.7891437007874016,17.85,220,16,1016,4,1,515620,0.9649470540320391,0.6980917536170048,6.430995302585502,unison,0.6491401936826862
2026-08-03T05:28:31.320189,miller-moth (Perplexity),emergent,1.7891437007874016,17.85,220,16,1016,4,1,515620,0.9649470540320391,0.6980917536170048,6.430995302585502,unison,0.6491401936826862
2026-08-03T05:43:31.548595,miller-moth (Perplexity),emergent,1.7891437007874016,17.85,220,16,1016,4,1,515620,0.9649470540320391,0.6980917536170048,6.430995302585502,unison,0.6491401936826862
2026-08-03T05:58:31.740669,miller-moth (Perplexity),emergent,1.7891437007874016,17.85,220,16,1016,4,1,515620,0.9649470540320391,0.6980917536170048,6.430995302585502,unison,0.6491401936826862
2026-08-03T06:13:31.673090,miller-moth (Perplexity),emergent,1.7891437007874016,17.85,220,16,1016,4,1,515620,0.9649470540320391,0.6980917536170048,6.430995302585502,unison,0.6491401936826862
2026-08-03T06:24:06.237097,miller-moth (Perplexity),emergent,1.7891437007874016,17.85,220,16,1016,4,1,515620,0.9649470540320391,0.6980917536170048,6.430995302585502,unison,0.6491401936826862
2026-08-03T06:28:35.135563,miller-moth (Perplexity),emergent,1.7891437007874016,17.85,220,16,1016,4,1,515620,0.9649470540320391,0.6980917536170048,6.430995302585502,unison,0.6491401936826862
2026-08-03T06:43:33.927678,miller-moth (Perplexity),emergent,1.7891437007874016,17.85,220,16,1016,4,1,515620,0.9649470540320391,0.6980917536170048,6.430995302585502,unison,0.6491401936826862
2026-08-03T06:58:34.271195,miller-moth (Perplexity),emergent,1.7891437007874016,17.85,220,16,1016,4,1,515620,0.9649470540320391,0.6980917536170048,6.430995302585502,unison,0.6491401936826862
2026-08-03T07:13:34.547388,miller-moth (Perplexity),emergent,1.7891437007874016,17.85,220,16,1016,4,1,515620,0.9649470540320391,0.6980917536170048,6.430995302585502,unison,0.6491401936826862
2026-08-03T07:28:50.383564,miller-moth (Perplexity),emergent,1.7891437007874016,17.85,220,16,1016,4,1,515620,0.9649470540320391,0.6980917536170048,6.430995302585502,unison,0.6491401936826862
2026-08-03T07:43:55.486665,miller-moth (Perplexity),emergent,1.7891437007874016,17.85,220,16,1016,4,1,515620,0.9649470540320391,0.6980917536170048,6.430995302585502,unison,0.6491401936826862
2026-08-03T07:59:01.194836,miller-moth (Perplexity),emergent,1.7891437007874016,17.85,220,16,1016,4,1,515620,0.9649470540320391,0.6980917536170048,6.430995302585502,unison,0.6491401936826862
2026-08-03T08:13:55.044449,miller-moth (Perplexity),emergent,1.7891437007874016,17.85,220,16,1016,4,1,515620,0.9649470540320391,0.6980917536170048,6.430995302585502,unison,0.6491401936826862
2026-08-03T08:26:29.830920,miller-moth (Perplexity),emergent,1.7891437007874016,17.85,220,16,1016,4,1,515620,0.9649470540320391,0.6980917536170048,6.430995302585502,unison,0.6491401936826862
2026-08-03T08:41:32.301959,miller-moth (Perplexity),emergent,1.7891437007874016,17.85,220,16,1016,4,1,515620,0.9649470540320391,0.6980917536170048,6.430995302585502,unison,0.6491401936826862
2026-08-03T08:56:30.924679,miller-moth (Perplexity),emergent,1.7891437007874016,17.85,220,16,1016,4,1,515620,0.9649470540320391,0.6980917536170048,6.430995302585502,unison,0.6491401936826862
2026-08-03T09:11:31.010157,miller-moth (Perplexity),emergent,1.7891437007874016,17.85,220,16,1016,4,1,515620,0.9649470540320391,0.6980917536170048,6.430995302585502,unison,0.6491401936826862
2026-08-03T09:26:31.023743,miller-moth (Perplexity),emergent,1.7891437007874016,17.85,220,16,1016,4,1,515620,0.9649470540320391,0.6980917536170048,6.430995302585502,unison,0.6491401936826862
2026-08-03T09:41:30.603099,miller-moth (Perplexity),emergent,1.7891437007874016,17.85,220,16,1016,4,1,515620,0.9649470540320391,0.6980917536170048,6.430995302585502,unison,0.6491401936826862
2026-08-03T09:56:30.728552,miller-moth (Perplexity),emergent,1.7891437007874016,17.85,220,16,1016,4,1,515620,0.9649470540320391,0.6980917536170048,6.430995302585502,unison,0.6491401936826862
2026-08-03T10:11:33.256113,miller-moth (Perplexity),emergent,1.7891437007874016,17.85,220,16,1016,4,1,515620,0.9649470540320391,0.6980917536170048,6.430995302585502,unison,0.6491401936826862
2026-08-03T10:26:37.998232,miller-moth (Perplexity),emergent,1.7891437007874016,17.85,220,16,1016,4,1,515620,0.9649470540320391,0.6980917536170048,6.430995302585502,unison,0.6491401936826862
2026-08-03T10:41:47.085711,miller-moth (Perplexity),emergent,1.7891437007874016,17.85,220,16,1016,4,1,515620,0.9649470540320391,0.6980917536170048,6.430995302585502,unison,0.6491401936826862
2026-08-03T10:56:47.193795,miller-moth (Perplexity),emergent,1.7891437007874016,17.85,220,16,1016,4,1,515620,0.9649470540320391,0.6980917536170048,6.430995302585502,unison,0.6491401936826862
2026-08-03T11:11:47.037588,miller-moth (Perplexity),emergent,1.7891437007874016,17.85,220,16,1016,4,1,515620,0.9649470540320391,0.6980917536170048,6.430995302585502,unison,0.6491401936826862
2026-08-03T11:26:47.047751,miller-moth (Perplexity),emergent,1.7891437007874016,17.85,220,16,1016,4,1,515620,0.9649470540320391,0.6980917536170048,6.430995302585502,unison,0.6491401936826862
2026-08-03T11:41:47.202039,miller-moth (Perplexity),emergent,1.7891437007874016,17.85,220,16,1016,4,1,515620,0.9649470540320391,0.6980917536170048,6.430995302585502,unison,0.6491401936826862
2026-08-03T11:56:47.337417,miller-moth (Perplexity),emergent,1.7891437007874016,17.85,220,16,1016,4,1,515620,0.9649470540320391,0.6980917536170048,6.430995302585502,unison,0.6491401936826862
2026-08-03T12:03:11.324157,miller-moth (Perplexity),emergent,1.7891437007874016,17.85,220,16,1016,4,1,515620,0.9649470540320391,0.6980917536170048,6.430995302585502,unison,0.6491401936826862
2026-08-03T12:18:44.475212,miller-moth (Perplexity),emergent,1.7891437007874016,17.85,220,16,1016,4,1,515620,0.9649470540320391,0.6980917536170048,6.430995302585502,unison,0.6491401936826862
2026-08-03T12:34:43.919887,miller-moth (Perplexity),emergent,1.7891437007874016,17.85,220,16,1016,4,1,515620,0.9649470540320391,0.6980917536170048,6.430995302585502,unison,0.6491401936826862
2026-08-03T12:49:44.404851,miller-moth (Perplexity),emergent,1.7891437007874016,17.85,220,16,1016,4,1,515620,0.9649470540320391,0.6980917536170048,6.430995302585502,unison,0.6491401936826862
2026-08-03T13:05:44.337212,miller-moth (Perplexity),emergent,1.7891437007874016,17.85,220,16,1016,4,1,515620,0.9649470540320391,0.6980917536170048,6.430995302585502,unison,0.6491401936826862
2026-08-03T13:21:44.387850,miller-moth (Perplexity),emergent,1.7891437007874016,17.85,220,16,1016,4,1,515620,0.9649470540320391,0.6980917536170048,6.430995302585502,unison,0.6491401936826862
2026-08-03T13:37:44.374393,miller-moth (Perplexity),emergent,1.7891437007874016,17.85,220,16,1016,4,1,515620,0.9649470540320391,0.6980917536170048,6.430995302585502,unison,0.6491401936826862
2026-08-03T13:53:44.345705,miller-moth (Perplexity),emergent,1.7891437007874016,17.85,220,16,1016,4,1,515620,0.9649470540320391,0.6980917536170048,6.430995302585502,unison,0.6491401936826862
2026-08-03T14:09:44.395157,miller-moth (Perplexity),emergent,1.7891437007874016,17.85,220,16,1016,4,1,515620,0.9649470540320391,0.6980917536170048,6.430995302585502,unison,0.6491401936826862
2026-08-03T14:25:46.328962,miller-moth (Perplexity),emergent,1.7891437007874016,17.85,220,16,1016,4,1,515620,0.9649470540320391,0.6980917536170048,6.430995302585502,unison,0.6491401936826862
2026-08-03T15:31:21.277450,miller-moth (Perplexity),emergent,1.7891437007874016,17.85,220,16,1016,4,1,515620,0.9649470540320391,0.6980917536170048,6.430995302585502,unison,0.6491401936826862
2026-08-03T15:46:28.888980,miller-moth (Perplexity),emergent,1.7891437007874016,17.85,220,16,1016,4,1,515620,0.9649470540320391,0.6980917536170048,6.430995302585502,unison,0.6491401936826862
2026-08-03T16:02:29.967590,miller-moth (Perplexity),emergent,1.7891437007874016,17.85,220,16,1016,4,1,515620,0.9649470540320391,0.6980917536170048,6.430995302585502,unison,0.6491401936826862
2026-08-03T16:18:29.992008,miller-moth (Perplexity),emergent,1.7891437007874016,17.85,220,16,1016,4,1,515620,0.9649470540320391,0.6980917536170048,6.430995302585502,unison,0.6491401936826862
2026-08-03T16:34:30.012864,miller-moth (Perplexity),emergent,1.7891437007874016,17.85,220,16,1016,4,1,515620,0.9649470540320391,0.6980917536170048,6.430995302585502,unison,0.6491401936826862
2026-08-03T16:50:29.941184,miller-moth (Perplexity),emergent,1.7891437007874016,17.85,220,16,1016,4,1,515620,0.9649470540320391,0.6980917536170048,6.430995302585502,unison,0.6491401936826862
2026-08-03T17:05:32.646568,miller-moth (Perplexity),emergent,1.7891437007874016,17.85,220,16,1016,4,1,515620,0.9649470540320391,0.6980917536170048,6.430995302585502,unison,0.6491401936826862
2026-08-03T17:20:46.970130,miller-moth (Perplexity),emergent,1.7891437007874016,17.85,220,16,1016,4,1,515620,0.9649470540320391,0.6980917536170048,6.430995302585502,unison,0.6491401936826862
2026-08-03T17:36:29.864813,miller-moth (Perplexity),emergent,1.7891437007874016,17.85,220,16,1016,4,1,515620,0.9649470540320391,0.6980917536170048,6.430995302585502,unison,0.6491401936826862
2026-08-03T17:52:29.893033,miller-moth (Perplexity),emergent,1.7891437007874016,17.85,220,16,1016,4,1,515620,0.9649470540320391,0.6980917536170048,6.430995302585502,unison,0.6491401936826862
2026-08-03T18:08:41.329114,miller-moth (Perplexity),emergent,1.7891437007874016,17.85,220,16,1016,4,1,515620,0.9649470540320391,0.6980917536170048,6.430995302585502,unison,0.6491401936826862
2026-08-03T18:31:06.639904,miller-moth (Perplexity),emergent,1.7891437007874016,17.85,220,16,1016,4,1,515620,0.9649470540320391,0.6980917536170048,6.430995302585502,unison,0.6491401936826862
2026-08-03T18:46:24.163215,miller-moth (Perplexity),emergent,1.7891437007874016,17.85,220,16,1016,4,1,515620,0.9649470540320391,0.6980917536170048,6.430995302585502,unison,0.6491401936826862
2026-08-03T19:02:07.571403,miller-moth (Perplexity),emergent,1.7891437007874016,17.85,220,16,1016,4,1,515620,0.9649470540320391,0.6980917536170048,6.430995302585502,unison,0.6491401936826862
2026-08-03T19:18:07.700724,miller-moth (Perplexity),emergent,1.7891437007874016,17.85,220,16,1016,4,1,515620,0.9649470540320391,0.6980917536170048,6.430995302585502,unison,0.6491401936826862
2026-08-03T19:34:07.543405,miller-moth (Perplexity),emergent,1.7891437007874016,17.85,220,16,1016,4,1,515620,0.9649470540320391,0.6980917536170048,6.430995302585502,unison,0.6491401936826862
2026-08-03T19:50:07.602159,miller-moth (Perplexity),emergent,1.7891437007874016,17.85,220,16,1016,4,1,515620,0.9649470540320391,0.6980917536170048,6.430995302585502,unison,0.6491401936826862
2026-08-03T20:06:07.671563,miller-moth (Perplexity),emergent,1.7891437007874016,17.85,220,16,1016,4,1,515620,0.9649470540320391,0.6980917536170048,6.430995302585502,unison,0.6491401936826862
2026-08-03T20:22:07.575646,miller-moth (Perplexity),emergent,1.7891437007874016,17.85,220,16,1016,4,1,515620,0.9649470540320391,0.6980917536170048,6.430995302585502,unison,0.6491401936826862
2026-08-03T20:38:07.929308,miller-moth (Perplexity),emergent,1.7891437007874016,17.85,220,16,1016,4,1,515620,0.9649470540320391,0.6980917536170048,6.430995302585502,unison,0.6491401936826862
2026-08-03T20:53:47.484470,miller-moth (Perplexity),emergent,1.7891437007874016,17.85,220,16,1016,4,1,515620,0.9649470540320391,0.6980917536170048,6.430995302585502,unison,0.6491401936826862
2026-08-03T21:08:54.149791,miller-moth (Perplexity),emergent,1.7891437007874016,17.85,220,16,1016,4,1,515620,0.9649470540320391,0.6980917536170048,6.430995302585502,unison,0.6491401936826862
2026-08-03T21:24:07.961082,miller-moth (Perplexity),emergent,1.7891437007874016,17.85,220,16,1016,4,1,515620,0.9649470540320391,0.6980917536170048,6.430995302585502,unison,0.6491401936826862
2026-08-03T21:40:00.819484,miller-moth (Perplexity),emergent,1.7891437007874016,17.85,220,16,1016,4,1,515620,0.9649470540320391,0.6980917536170048,6.430995302585502,unison,0.6491401936826862
2026-08-03T21:55:05.756245,miller-moth (Perplexity),emergent,1.7891437007874016,17.85,220,16,1016,4,1,515620,0.9649470540320391,0.6980917536170048,6.430995302585502,unison,0.6491401936826862
2026-08-03T22:10:08.004749,miller-moth (Perplexity),emergent,1.7891437007874016,17.85,220,16,1016,4,1,515620,0.9649470540320391,0.6980917536170048,6.430995302585502,unison,0.6491401936826862
2026-08-03T22:25:31.318382,miller-moth (Perplexity),emergent,1.7891437007874016,17.85,220,16,1016,4,1,515620,0.9649470540320391,0.6980917536170048,6.430995302585502,unison,0.6491401936826862
2026-08-03T22:40:31.384964,miller-moth (Perplexity),emergent,1.7891437007874016,17.85,220,16,1016,4,1,515620,0.9649470540320391,0.6980917536170048,6.430995302585502,unison,0.6491401936826862
2026-08-03T22:55:50.784582,miller-moth (Perplexity),emergent,1.7891437007874016,17.85,220,16,1016,4,1,515620,0.9649470540320391,0.6980917536170048,6.430995302585502,unison,0.6491401936826862
2026-08-03T23:10:58.699828,miller-moth (Perplexity),emergent,1.7891437007874016,17.85,220,16,1016,4,1,515620,0.9649470540320391,0.6980917536170048,6.430995302585502,unison,0.6491401936826862
2026-08-03T23:26:07.623441,miller-moth (Perplexity),emergent,1.7891437007874016,17.85,220,16,1016,4,1,515620,0.9649470540320391,0.6980917536170048,6.430995302585502,unison,0.6491401936826862
2026-08-03T23:41:28.639698,miller-moth (Perplexity),emergent,1.7891437007874016,17.85,220,16,1016,4,1,515620,0.9649470540320391,0.6980917536170048,6.430995302585502,unison,0.6491401936826862
2026-08-03T23:56:41.503611,miller-moth (Perplexity),emergent,1.7891437007874016,17.85,220,16,1016,4,1,515620,0.9649470540320391,0.6980917536170048,6.430995302585502,unison,0.6491401936826862
2026-08-04T00:12:07.910579,miller-moth (Perplexity),emergent,1.7891437007874016,17.85,220,16,1016,4,1,515620,0.9649470540320391,0.6980917536170048,6.430995302585502,unison,0.6491401936826862
2026-08-04T00:27:32.545091,miller-moth (Perplexity),emergent,1.7891437007874016,17.85,220,16,1016,4,1,515620,0.9649470540320391,0.6980917536170048,6.430995302585502,unison,0.6491401936826862
2026-08-04T00:42:33.969767,miller-moth (Perplexity),emergent,1.7891437007874016,17.85,220,16,1016,4,1,515620,0.9649470540320391,0.6980917536170048,6.430995302585502,unison,0.6491401936826862
2026-08-04T00:57:38.090199,miller-moth (Perplexity),emergent,1.7891437007874016,17.85,220,16,1016,4,1,515620,0.9649470540320391,0.6980917536170048,6.430995302585502,unison,0.6491401936826862
2026-08-04T01:12:48.832198,miller-moth (Perplexity),emergent,1.7891437007874016,17.85,220,16,1016,4,1,515620,0.9649470540320391,0.6980917536170048,6.430995302585502,unison,0.6491401936826862
2026-08-04T01:28:02.739828,miller-moth (Perplexity),emergent,1.7891437007874016,17.85,220,16,1016,4,1,515620,0.9649470540320391,0.6980917536170048,6.430995302585502,unison,0.6491401936826862
2026-08-04T01:43:07.914545,miller-moth (Perplexity),emergent,1.7891437007874016,17.85,220,16,1016,4,1,515620,0.9649470540320391,0.6980917536170048,6.430995302585502,unison,0.6491401936826862
2026-08-04T01:58:27.793280,miller-moth (Perplexity),emergent,1.7891437007874016,17.85,220,16,1016,4,1,515620,0.9649470540320391,0.6980917536170048,6.430995302585502,unison,0.6491401936826862
2026-08-04T02:14:07.925650,miller-moth (Perplexity),emergent,1.7891437007874016,17.85,220,16,1016,4,1,515620,0.9649470540320391,0.6980917536170048,6.430995302585502,unison,0.6491401936826862
2026-08-04T02:30:03.876096,miller-moth (Perplexity),emergent,1.7891437007874016,17.85,220,16,1016,4,1,515620,0.9649470540320391,0.6980917536170048,6.430995302585502,unison,0.6491401936826862
2026-08-04T02:45:05.212004,miller-moth (Perplexity),emergent,1.7891437007874016,17.85,220,16,1016,4,1,515620,0.9649470540320391,0.6980917536170048,6.430995302585502,unison,0.6491401936826862
2026-08-04T03:00:07.670431,miller-moth (Perplexity),emergent,1.7891437007874016,17.85,220,16,1016,4,1,515620,0.9649470540320391,0.6980917536170048,6.430995302585502,unison,0.6491401936826862
2026-08-04T03:15:13.986528,miller-moth (Perplexity),emergent,1.7891437007874016,17.85,220,16,1016,4,1,515620,0.9649470540320391,0.6980917536170048,6.430995302585502,unison,0.6491401936826862
2026-08-04T03:30:49.755588,miller-moth (Perplexity),emergent,1.7891437007874016,17.85,220,16,1016,4,1,515620,0.9649470540320391,0.6980917536170048,6.430995302585502,unison,0.6491401936826862
2026-08-04T03:45:55.883296,miller-moth (Perplexity),emergent,1.7891437007874016,17.85,220,16,1016,4,1,515620,0.9649470540320391,0.6980917536170048,6.430995302585502,unison,0.6491401936826862
2026-08-04T04:01:07.712928,miller-moth (Perplexity),emergent,1.7891437007874016,17.85,220,16,1016,4,1,515620,0.9649470540320391,0.6980917536170048,6.430995302585502,unison,0.6491401936826862
2026-08-04T04:17:07.588666,miller-moth (Perplexity),emergent,1.7891437007874016,17.85,220,16,1016,4,1,515620,0.9649470540320391,0.6980917536170048,6.430995302585502,unison,0.6491401936826862
2026-08-04T04:32:11.267537,miller-moth (Perplexity),emergent,1.7891437007874016,17.85,220,16,1016,4,1,515620,0.9649470540320391,0.6980917536170048,6.430995302585502,unison,0.6491401936826862
2026-08-04T04:47:53.874047,miller-moth (Perplexity),emergent,1.7891437007874016,17.85,220,16,1016,4,1,515620,0.9649470540320391,0.6980917536170048,6.430995302585502,unison,0.6491401936826862
2026-08-04T05:03:07.653766,miller-moth (Perplexity),emergent,1.7891437007874016,17.85,220,16,1016,4,1,515620,0.9649470540320391,0.6980917536170048,6.430995302585502,unison,0.6491401936826862
2026-08-04T05:18:19.431687,miller-moth (Perplexity),emergent,1.7891437007874016,17.85,220,16,1016,4,1,515620,0.9649470540320391,0.6980917536170048,6.430995302585502,unison,0.6491401936826862
2026-08-04T05:34:07.620179,miller-moth (Perplexity),emergent,1.7891437007874016,17.85,220,16,1016,4,1,515620,0.9649470540320391,0.6980917536170048,6.430995302585502,unison,0.6491401936826862
2026-08-04T05:50:07.699696,miller-moth (Perplexity),emergent,1.7891437007874016,17.85,220,16,1016,4,1,515620,0.9649470540320391,0.6980917536170048,6.430995302585502,unison,0.6491401936826862
2026-08-04T06:05:29.482804,miller-moth (Perplexity),emergent,1.7891437007874016,17.85,220,16,1016,4,1,515620,0.9649470540320391,0.6980917536170048,6.430995302585502,unison,0.6491401936826862
2026-08-04T06:21:02.924257,miller-moth (Perplexity),emergent,1.7891437007874016,17.85,220,16,1016,4,1,515620,0.9649470540320391,0.6980917536170048,6.430995302585502,unison,0.6491401936826862
2026-08-04T06:36:02.988064,miller-moth (Perplexity),emergent,1.7891437007874016,17.85,220,16,1016,4,1,515620,0.9649470540320391,0.6980917536170048,6.430995302585502,unison,0.6491401936826862
2026-08-04T06:51:06.764021,miller-moth (Perplexity),emergent,1.7891437007874016,17.85,220,16,1016,4,1,515620,0.9649470540320391,0.6980917536170048,6.430995302585502,unison,0.6491401936826862
2026-08-04T07:06:07.987578,miller-moth (Perplexity),emergent,1.7891437007874016,17.85,220,16,1016,4,1,515620,0.9649470540320391,0.6980917536170048,6.430995302585502,unison,0.6491401936826862
2026-08-04T07:21:22.328927,miller-moth (Perplexity),emergent,1.7891437007874016,17.85,220,16,1016,4,1,515620,0.9649470540320391,0.6980917536170048,6.430995302585502,unison,0.6491401936826862
2026-08-04T07:37:07.661856,miller-moth (Perplexity),emergent,1.7891437007874016,17.85,220,16,1016,4,1,515620,0.9649470540320391,0.6980917536170048,6.430995302585502,unison,0.6491401936826862
2026-08-04T07:52:19.344608,miller-moth (Perplexity),emergent,1.7891437007874016,17.85,220,16,1016,4,1,515620,0.9649470540320391,0.6980917536170048,6.430995302585502,unison,0.6491401936826862
2026-08-04T08:07:30.340717,miller-moth (Perplexity),emergent,1.7891437007874016,17.85,220,16,1016,4,1,515620,0.9649470540320391,0.6980917536170048,6.430995302585502,unison,0.6491401936826862
2026-08-04T08:22:31.499531,miller-moth (Perplexity),emergent,1.7891437007874016,17.85,220,16,1016,4,1,515620,0.9649470540320391,0.6980917536170048,6.430995302585502,unison,0.6491401936826862
2026-08-04T08:38:07.649088,miller-moth (Perplexity),emergent,1.7891437007874016,17.85,220,16,1016,4,1,515620,0.9649470540320391,0.6980917536170048,6.430995302585502,unison,0.6491401936826862
2026-08-04T08:53:20.279098,miller-moth (Perplexity),emergent,1.7891437007874016,17.85,220,16,1016,4,1,515620,0.9649470540320391,0.6980917536170048,6.430995302585502,unison,0.6491401936826862
2026-08-05T05:51:58.695143,miller-moth (Perplexity),emergent,1.7891437007874016,17.85,220,16,1016,4,1,515620,0.9649470540320391,0.6980917536170048,6.430995302585502,unison,0.6491401936826862
2026-08-05T06:07:39.066806,miller-moth (Perplexity),emergent,1.7891437007874016,17.85,220,16,1016,4,1,515620,0.9649470540320391,0.6980917536170048,6.430995302585502,unison,0.6491401936826862
2026-08-05T06:22:37.162079,miller-moth (Perplexity),emergent,1.7891437007874016,17.85,220,16,1016,4,1,515620,0.9649470540320391,0.6980917536170048,6.430995302585502,unison,0.6491401936826862
2026-08-05T06:39:38.479479,miller-moth (Perplexity),emergent,1.7891437007874016,17.85,220,16,1016,4,1,515620,0.9649470540320391,0.6980917536170048,6.430995302585502,unison,0.6491401936826862
2026-08-05T06:54:36.951992,miller-moth (Perplexity),emergent,1.7891437007874016,17.85,220,16,1016,4,1,515620,0.9649470540320391,0.6980917536170048,6.430995302585502,unison,0.6491401936826862
2026-08-05T07:09:37.488631,miller-moth (Perplexity),emergent,1.7891437007874016,17.85,220,16,1016,4,1,515620,0.9649470540320391,0.6980917536170048,6.430995302585502,unison,0.6491401936826862
2026-08-05T07:24:38.746442,miller-moth (Perplexity),emergent,1.7891437007874016,17.85,220,16,1016,4,1,515620,0.9649470540320391,0.6980917536170048,6.430995302585502,unison,0.6491401936826862
2026-08-05T07:39:37.712344,miller-moth (Perplexity),emergent,1.7891437007874016,17.85,220,16,1016,4,1,515620,0.9649470540320391,0.6980917536170048,6.430995302585502,unison,0.6491401936826862
2026-08-05T07:54:38.089708,miller-moth (Perplexity),emergent,1.7891437007874016,17.85,220,16,1016,4,1,515620,0.9649470540320391,0.6980917536170048,6.430995302585502,unison,0.6491401936826862
2026-08-05T08:10:22.024993,miller-moth (Perplexity),emergent,1.7891437007874016,17.85,220,16,1016,4,1,515620,0.9649470540320391,0.6980917536170048,6.430995302585502,unison,0.6491401936826862
2026-08-05T08:25:17.667365,miller-moth (Perplexity),emergent,1.7891437007874016,17.85,220,16,1016,4,1,515620,0.9649470540320391,0.6980917536170048,6.430995302585502,unison,0.6491401936826862
2026-08-05T08:40:17.458686,miller-moth (Perplexity),emergent,1.7891437007874016,17.85,220,16,1016,4,1,515620,0.9649470540320391,0.6980917536170048,6.430995302585502,unison,0.6491401936826862
2026-08-05T08:55:17.614304,miller-moth (Perplexity),emergent,1.7891437007874016,17.85,220,16,1016,4,1,515620,0.9649470540320391,0.6980917536170048,6.430995302585502,unison,0.6491401936826862
2026-08-05T09:10:17.497622,miller-moth (Perplexity),emergent,1.7891437007874016,17.85,220,16,1016,4,1,515620,0.9649470540320391,0.6980917536170048,6.430995302585502,unison,0.6491401936826862
2026-08-05T09:25:20.048468,miller-moth (Perplexity),emergent,1.7891437007874016,17.85,220,16,1016,4,1,515620,0.9649470540320391,0.6980917536170048,6.430995302585502,unison,0.6491401936826862
2026-08-05T09:40:20.086709,miller-moth (Perplexity),emergent,1.7904129793510324,17.85,221,17,1017,4,1,516636,0.9648030721823488,0.7000761851671196,6.424688269112783,unison,0.649068202757841
2026-08-05T09:55:19.912602,miller-moth (Perplexity),emergent,1.7904129793510324,17.85,221,17,1017,4,1,516636,0.9648030721823488,0.7000761851671196,6.424688269112783,unison,0.649068202757841
2026-08-05T10:10:20.016765,miller-moth (Perplexity),emergent,1.7904129793510324,17.85,221,17,1017,4,1,516636,0.9648030721823488,0.7000761851671196,6.424688269112783,unison,0.649068202757841
2026-08-05T10:25:19.998433,miller-moth (Perplexity),emergent,1.7904129793510324,17.85,221,17,1017,4,1,516636,0.9648030721823488,0.7000761851671196,6.424688269112783,unison,0.649068202757841
2026-08-05T10:40:20.259191,miller-moth (Perplexity),emergent,1.7904129793510324,17.85,221,17,1017,4,1,516636,0.9648030721823488,0.7000761851671196,6.424688269112783,unison,0.649068202757841
2026-08-05T19:10:12.871219,miller-moth (Perplexity),emergent,1.7904129793510324,17.85,221,17,1017,4,1,516636,0.9648030721823488,0.7000761851671196,6.424688269112783,unison,0.649068202757841
2026-08-05T19:25:12.148551,miller-moth (Perplexity),emergent,1.7904129793510324,17.85,221,17,1017,4,1,516636,0.9648030721823488,0.7000761851671196,6.424688269112783,unison,0.649068202757841
2026-08-05T19:40:12.321815,miller-moth (Perplexity),emergent,1.7904129793510324,17.85,221,17,1017,4,1,516636,0.9648030721823488,0.7000761851671196,6.424688269112783,unison,0.649068202757841
2026-08-05T19:55:12.164801,miller-moth (Perplexity),emergent,1.7904129793510324,17.85,221,17,1017,4,1,516636,0.9648030721823488,0.7000761851671196,6.424688269112783,unison,0.649068202757841
2026-08-05T20:10:12.189241,miller-moth (Perplexity),emergent,1.7904129793510324,17.85,221,17,1017,4,1,516636,0.9648030721823488,0.7000761851671196,6.424688269112783,unison,0.649068202757841
2026-08-05T20:25:12.200663,miller-moth (Perplexity),emergent,1.7904129793510324,17.85,221,17,1017,4,1,516636,0.9648030721823488,0.7000761851671196,6.424688269112783,unison,0.649068202757841
2026-08-05T20:40:12.241715,miller-moth (Perplexity),emergent,1.7904129793510324,17.85,221,17,1017,4,1,516636,0.9648030721823488,0.7000761851671196,6.424688269112783,unison,0.649068202757841
2026-08-05T20:55:12.498955,miller-moth (Perplexity),emergent,1.7904129793510324,17.85,221,17,1017,4,1,516636,0.9648030721823488,0.7000761851671196,6.424688269112783,unison,0.649068202757841
2026-08-05T21:10:12.445312,miller-moth (Perplexity),emergent,1.7904129793510324,17.85,221,17,1017,4,1,516636,0.9648030721823488,0.7000761851671196,6.424688269112783,unison,0.649068202757841
2026-08-05T21:25:12.593716,miller-moth (Perplexity),emergent,1.7904129793510324,17.85,221,17,1017,4,1,516636,0.9648030721823488,0.7000761851671196,6.424688269112783,unison,0.649068202757841
2026-08-05T21:40:12.464223,miller-moth (Perplexity),emergent,1.7904129793510324,17.85,221,17,1017,4,1,516636,0.9648030721823488,0.7000761851671196,6.424688269112783,unison,0.649068202757841
2026-08-05T21:55:12.517170,miller-moth (Perplexity),emergent,1.7904129793510324,17.85,221,17,1017,4,1,516636,0.9648030721823488,0.7000761851671196,6.424688269112783,unison,0.649068202757841
2026-08-05T22:10:12.290183,miller-moth (Perplexity),emergent,1.7904129793510324,17.85,221,17,1017,4,1,516636,0.9648030721823488,0.7000761851671196,6.424688269112783,unison,0.649068202757841
2026-08-05T22:25:12.507705,miller-moth (Perplexity),emergent,1.7904129793510324,17.85,221,17,1017,4,1,516636,0.9648030721823488,0.7000761851671196,6.424688269112783,unison,0.649068202757841
2026-08-05T22:40:12.545157,miller-moth (Perplexity),emergent,1.7904129793510324,17.85,221,17,1017,4,1,516636,0.9648030721823488,0.7000761851671196,6.424688269112783,unison,0.649068202757841
2026-08-05T22:55:12.616372,miller-moth (Perplexity),emergent,1.7904129793510324,17.85,221,17,1017,4,1,516636,0.9648030721823488,0.7000761851671196,6.424688269112783,unison,0.649068202757841
2026-08-05T23:10:12.659847,miller-moth (Perplexity),emergent,1.7904129793510324,17.85,221,17,1017,4,1,516636,0.9648030721823488,0.7000761851671196,6.424688269112783,unison,0.649068202757841
2026-08-05T23:25:12.605294,miller-moth (Perplexity),emergent,1.7904129793510324,17.85,221,17,1017,4,1,516636,0.9648030721823488,0.7000761851671196,6.424688269112783,unison,0.649068202757841
2026-08-05T23:40:12.633755,miller-moth (Perplexity),emergent,1.7904129793510324,17.85,221,17,1017,4,1,516636,0.9648030721823488,0.7000761851671196,6.424688269112783,unison,0.649068202757841
2026-08-05T23:55:13.487466,miller-moth (Perplexity),emergent,1.7904129793510324,17.85,221,17,1017,4,1,516636,0.9648030721823488,0.7000761851671196,6.424688269112783,unison,0.649068202757841
2026-08-06T00:10:13.626929,miller-moth (Perplexity),emergent,1.7904129793510324,17.85,221,17,1017,4,1,516636,0.9648030721823488,0.7000761851671196,6.424688269112783,unison,0.649068202757841
2026-08-06T00:25:13.872022,miller-moth (Perplexity),emergent,1.7904129793510324,17.85,221,17,1017,4,1,516636,0.9648030721823488,0.7000761851671196,6.424688269112783,unison,0.649068202757841
2026-08-06T00:40:13.807427,miller-moth (Perplexity),emergent,1.7904129793510324,17.85,221,17,1017,4,1,516636,0.9648030721823488,0.7000761851671196,6.424688269112783,unison,0.649068202757841
2026-08-06T00:55:14.137970,miller-moth (Perplexity),emergent,1.7904129793510324,17.85,221,17,1017,4,1,516636,0.9648030721823488,0.7000761851671196,6.424688269112783,unison,0.649068202757841
2026-08-06T01:10:14.017589,miller-moth (Perplexity),emergent,1.7904129793510324,17.85,221,17,1017,4,1,516636,0.9648030721823488,0.7000761851671196,6.424688269112783,unison,0.649068202757841
2026-08-06T01:25:13.988196,miller-moth (Perplexity),emergent,1.7904129793510324,17.85,221,17,1017,4,1,516636,0.9648030721823488,0.7000761851671196,6.424688269112783,unison,0.649068202757841
2026-08-06T01:40:13.968060,miller-moth (Perplexity),emergent,1.7904129793510324,17.85,221,17,1017,4,1,516636,0.9648030721823488,0.7000761851671196,6.424688269112783,unison,0.649068202757841
2026-08-06T01:55:14.039385,miller-moth (Perplexity),emergent,1.7904129793510324,17.85,221,17,1017,4,1,516636,0.9648030721823488,0.7000761851671196,6.424688269112783,unison,0.649068202757841
2026-08-06T02:10:14.058352,miller-moth (Perplexity),emergent,1.7904129793510324,17.85,221,17,1017,4,1,516636,0.9648030721823488,0.7000761851671196,6.424688269112783,unison,0.649068202757841
2026-08-06T02:25:14.171995,miller-moth (Perplexity),emergent,1.7904129793510324,17.85,221,17,1017,4,1,516636,0.9648030721823488,0.7000761851671196,6.424688269112783,unison,0.649068202757841
2026-08-06T02:40:14.067476,miller-moth (Perplexity),emergent,1.7904129793510324,17.85,221,17,1017,4,1,516636,0.9648030721823488,0.7000761851671196,6.424688269112783,unison,0.649068202757841
2026-08-06T02:55:14.160019,miller-moth (Perplexity),emergent,1.7904129793510324,17.85,221,17,1017,4,1,516636,0.9648030721823488,0.7000761851671196,6.424688269112783,unison,0.649068202757841
2026-08-06T03:10:14.377029,miller-moth (Perplexity),emergent,1.7904129793510324,17.85,221,17,1017,4,1,516636,0.9648030721823488,0.7000761851671196,6.424688269112783,unison,0.649068202757841
2026-08-06T03:25:14.317983,miller-moth (Perplexity),emergent,1.7904129793510324,17.85,221,17,1017,4,1,516636,0.9648030721823488,0.7000761851671196,6.424688269112783,unison,0.649068202757841
2026-08-06T03:40:20.443882,miller-moth (Perplexity),emergent,1.7904129793510324,17.85,221,17,1017,4,1,516636,0.9648030721823488,0.7000761851671196,6.424688269112783,unison,0.649068202757841
2026-08-06T03:55:19.628052,miller-moth (Perplexity),emergent,1.7904129793510324,17.85,221,17,1017,4,1,516636,0.9648030721823488,0.7000761851671196,6.424688269112783,unison,0.649068202757841
2026-08-06T04:10:20.021089,miller-moth (Perplexity),emergent,1.7904129793510324,17.85,221,17,1017,4,1,516636,0.9648030721823488,0.7000761851671196,6.424688269112783,unison,0.649068202757841
2026-08-06T04:25:19.682243,miller-moth (Perplexity),emergent,1.7904129793510324,17.85,221,17,1017,4,1,516636,0.9648030721823488,0.7000761851671196,6.424688269112783,unison,0.649068202757841
2026-08-06T04:40:19.708539,miller-moth (Perplexity),emergent,1.7904129793510324,17.85,221,17,1017,4,1,516636,0.9648030721823488,0.7000761851671196,6.424688269112783,unison,0.649068202757841
2026-08-06T04:55:20.265072,miller-moth (Perplexity),emergent,1.7904129793510324,17.85,221,17,1017,4,1,516636,0.9648030721823488,0.7000761851671196,6.424688269112783,unison,0.649068202757841
2026-08-06T05:10:19.793424,miller-moth (Perplexity),emergent,1.7904129793510324,17.85,221,17,1017,4,1,516636,0.9648030721823488,0.7000761851671196,6.424688269112783,unison,0.649068202757841
2026-08-06T05:25:20.033930,miller-moth (Perplexity),emergent,1.7904129793510324,17.85,221,17,1017,4,1,516636,0.9648030721823488,0.7000761851671196,6.424688269112783,unison,0.649068202757841
2026-08-06T05:40:19.890328,miller-moth (Perplexity),emergent,1.7904129793510324,17.85,221,17,1017,4,1,516636,0.9648030721823488,0.7000761851671196,6.424688269112783,unison,0.649068202757841
2026-08-06T05:55:19.827501,miller-moth (Perplexity),emergent,1.7904129793510324,17.85,221,17,1017,4,1,516636,0.9648030721823488,0.7000761851671196,6.424688269112783,unison,0.649068202757841
2026-08-06T06:10:20.010011,miller-moth (Perplexity),emergent,1.7904129793510324,17.85,221,17,1017,4,1,516636,0.9648030721823488,0.7000761851671196,6.424688269112783,unison,0.649068202757841
2026-08-06T06:25:19.927435,miller-moth (Perplexity),emergent,1.7904129793510324,17.85,221,17,1017,4,1,516636,0.9648030721823488,0.7000761851671196,6.424688269112783,unison,0.649068202757841
2026-08-06T06:40:20.834769,miller-moth (Perplexity),emergent,1.7904129793510324,17.85,221,17,1017,4,1,516636,0.9648030721823488,0.7000761851671196,6.424688269112783,unison,0.649068202757841
2026-08-06T06:55:20.622473,miller-moth (Perplexity),emergent,1.7904129793510324,17.85,221,17,1017,4,1,516636,0.9648030721823488,0.7000761851671196,6.424688269112783,unison,0.649068202757841
2026-08-06T07:10:20.870088,miller-moth (Perplexity),emergent,1.7904129793510324,17.85,221,17,1017,4,1,516636,0.9648030721823488,0.7000761851671196,6.424688269112783,unison,0.649068202757841
2026-08-06T07:25:20.427435,miller-moth (Perplexity),emergent,1.7904129793510324,17.85,221,17,1017,4,1,516636,0.9648030721823488,0.7000761851671196,6.424688269112783,unison,0.649068202757841
2026-08-06T07:40:21.237565,miller-moth (Perplexity),emergent,1.7904129793510324,17.85,221,17,1017,4,1,516636,0.9648030721823488,0.7000761851671196,6.424688269112783,unison,0.649068202757841
2026-08-06T07:55:20.998410,miller-moth (Perplexity),emergent,1.7904129793510324,17.85,221,17,1017,4,1,516636,0.9648030721823488,0.7000761851671196,6.424688269112783,unison,0.649068202757841
2026-08-06T08:10:20.806969,miller-moth (Perplexity),emergent,1.7904129793510324,17.85,221,17,1017,4,1,516636,0.9648030721823488,0.7000761851671196,6.424688269112783,unison,0.649068202757841
2026-08-06T08:25:21.028135,miller-moth (Perplexity),emergent,1.7904129793510324,17.85,221,17,1017,4,1,516636,0.9648030721823488,0.7000761851671196,6.424688269112783,unison,0.649068202757841
2026-08-06T08:40:21.788775,miller-moth (Perplexity),emergent,1.7904129793510324,17.85,221,17,1017,4,1,516636,0.9648030721823488,0.7000761851671196,6.424688269112783,unison,0.649068202757841
2026-08-06T08:55:21.517975,miller-moth (Perplexity),emergent,1.7904129793510324,17.85,221,17,1017,4,1,516636,0.9648030721823488,0.7000761851671196,6.424688269112783,unison,0.649068202757841
2026-08-06T09:10:21.284164,miller-moth (Perplexity),emergent,1.7904129793510324,17.85,221,17,1017,4,1,516636,0.9648030721823488,0.7000761851671196,6.424688269112783,unison,0.649068202757841
2026-08-06T09:25:21.425921,miller-moth (Perplexity),emergent,1.7904129793510324,17.85,221,17,1017,4,1,516636,0.9648030721823488,0.7000761851671196,6.424688269112783,unison,0.649068202757841
2026-08-06T09:40:21.103884,miller-moth (Perplexity),emergent,1.7904129793510324,17.85,221,17,1017,4,1,516636,0.9648030721823488,0.7000761851671196,6.424688269112783,unison,0.649068202757841
2026-08-06T09:48:06.687425,miller-moth (Perplexity),emergent,1.7904129793510324,17.85,221,17,1017,4,1,516636,0.9648030721823488,0.7000761851671196,6.424688269112783,unison,0.649068202757841
2026-08-06T10:03:06.364412,miller-moth (Perplexity),emergent,1.7904129793510324,17.85,221,17,1017,4,1,516636,0.9648030721823488,0.7000761851671196,6.424688269112783,unison,0.649068202757841
2026-08-06T10:18:25.642674,miller-moth (Perplexity),emergent,1.7904129793510324,17.85,221,17,1017,4,1,516636,0.9648030721823488,0.7000761851671196,6.424688269112783,unison,0.649068202757841
2026-08-06T10:33:24.654648,miller-moth (Perplexity),emergent,1.7904129793510324,17.85,221,17,1017,4,1,516636,0.9648030721823488,0.7000761851671196,6.424688269112783,unison,0.649068202757841
2026-08-06T10:48:25.087200,miller-moth (Perplexity),emergent,1.7904129793510324,17.85,221,17,1017,4,1,516636,0.9648030721823488,0.7000761851671196,6.424688269112783,unison,0.649068202757841
2026-08-06T11:03:25.092022,miller-moth (Perplexity),emergent,1.7904129793510324,17.85,221,17,1017,4,1,516636,0.9648030721823488,0.7000761851671196,6.424688269112783,unison,0.649068202757841
2026-08-06T11:18:25.081815,miller-moth (Perplexity),emergent,1.7904129793510324,17.85,221,17,1017,4,1,516636,0.9648030721823488,0.7000761851671196,6.424688269112783,unison,0.649068202757841
2026-08-06T11:33:25.289542,miller-moth (Perplexity),emergent,1.7904129793510324,17.85,221,17,1017,4,1,516636,0.9648030721823488,0.7000761851671196,6.424688269112783,unison,0.649068202757841
2026-08-06T11:48:25.388974,miller-moth (Perplexity),emergent,1.7904129793510324,17.85,221,17,1017,4,1,516636,0.9648030721823488,0.7000761851671196,6.424688269112783,unison,0.649068202757841
2026-08-06T12:03:25.431930,miller-moth (Perplexity),emergent,1.7904129793510324,17.85,221,17,1017,4,1,516636,0.9648030721823488,0.7000761851671196,6.424688269112783,unison,0.649068202757841
2026-08-06T12:18:25.429079,miller-moth (Perplexity),emergent,1.7904129793510324,17.85,221,17,1017,4,1,516636,0.9648030721823488,0.7000761851671196,6.424688269112783,unison,0.649068202757841
2026-08-06T12:33:25.589894,miller-moth (Perplexity),emergent,1.7904129793510324,17.85,221,17,1017,4,1,516636,0.9648030721823488,0.7000761851671196,6.424688269112783,unison,0.649068202757841
2026-08-06T12:48:25.601532,miller-moth (Perplexity),emergent,1.7904129793510324,17.85,221,17,1017,4,1,516636,0.9648030721823488,0.7000761851671196,6.424688269112783,unison,0.649068202757841
2026-08-06T13:03:25.532153,miller-moth (Perplexity),emergent,1.7904129793510324,17.85,221,17,1017,4,1,516636,0.9648030721823488,0.7000761851671196,6.424688269112783,unison,0.649068202757841
2026-08-06T13:18:25.634150,miller-moth (Perplexity),emergent,1.7904129793510324,17.85,221,17,1017,4,1,516636,0.9648030721823488,0.7000761851671196,6.424688269112783,unison,0.649068202757841
2026-08-06T13:33:25.971574,miller-moth (Perplexity),emergent,1.7904129793510324,17.85,221,17,1017,4,1,516636,0.9648030721823488,0.7000761851671196,6.424688269112783,unison,0.649068202757841
2026-08-06T13:48:26.284564,miller-moth (Perplexity),emergent,1.7904129793510324,17.85,221,17,1017,4,1,516636,0.9648030721823488,0.7000761851671196,6.424688269112783,unison,0.649068202757841
2026-08-06T14:03:42.443324,miller-moth (Perplexity),emergent,1.7904129793510324,17.85,221,17,1017,4,1,516636,0.9648030721823488,0.7000761851671196,6.424688269112783,unison,0.649068202757841
2026-08-06T18:28:22.006927,miller-moth (Perplexity),emergent,1.7904129793510324,17.85,221,17,1017,4,1,516636,0.9648030721823488,0.7000761851671196,6.424688269112783,unison,0.649068202757841
2026-08-06T18:43:22.072584,miller-moth (Perplexity),emergent,1.7904129793510324,17.85,221,17,1017,4,1,516636,0.9648030721823488,0.7000761851671196,6.424688269112783,unison,0.649068202757841
2026-08-06T18:58:21.892626,miller-moth (Perplexity),emergent,1.7904129793510324,17.85,221,17,1017,4,1,516636,0.9648030721823488,0.7000761851671196,6.424688269112783,unison,0.649068202757841
2026-08-06T19:13:21.966558,miller-moth (Perplexity),emergent,1.7904129793510324,17.85,221,17,1017,4,1,516636,0.9648030721823488,0.7000761851671196,6.424688269112783,unison,0.649068202757841
2026-08-06T19:28:22.003766,miller-moth (Perplexity),emergent,1.7904129793510324,17.85,221,17,1017,4,1,516636,0.9648030721823488,0.7000761851671196,6.424688269112783,unison,0.649068202757841
2026-08-06T19:43:22.099609,miller-moth (Perplexity),emergent,1.7904129793510324,17.85,221,17,1017,4,1,516636,0.9648030721823488,0.7000761851671196,6.424688269112783,unison,0.649068202757841
2026-08-06T19:58:21.983609,miller-moth (Perplexity),emergent,1.7904129793510324,17.85,221,17,1017,4,1,516636,0.9648030721823488,0.7000761851671196,6.424688269112783,unison,0.649068202757841
2026-08-06T20:13:22.300572,miller-moth (Perplexity),emergent,1.7904129793510324,17.85,221,17,1017,4,1,516636,0.9648030721823488,0.7000761851671196,6.424688269112783,unison,0.649068202757841
2026-08-06T20:28:22.154914,miller-moth (Perplexity),emergent,1.7904129793510324,17.85,221,17,1017,4,1,516636,0.9648030721823488,0.7000761851671196,6.424688269112783,unison,0.649068202757841
2026-08-06T20:43:22.415788,miller-moth (Perplexity),emergent,1.7904129793510324,17.85,221,17,1017,4,1,516636,0.9648030721823488,0.7000761851671196,6.424688269112783,unison,0.649068202757841
2026-08-06T20:58:22.245101,miller-moth (Perplexity),emergent,1.7904129793510324,17.85,221,17,1017,4,1,516636,0.9648030721823488,0.7000761851671196,6.424688269112783,unison,0.649068202757841
2026-08-06T21:13:22.498905,miller-moth (Perplexity),emergent,1.7904129793510324,17.85,221,17,1017,4,1,516636,0.9648030721823488,0.7000761851671196,6.424688269112783,unison,0.649068202757841
2026-08-06T21:28:22.638237,miller-moth (Perplexity),emergent,1.7904129793510324,17.85,221,17,1017,4,1,516636,0.9648030721823488,0.7000761851671196,6.424688269112783,unison,0.649068202757841
2026-08-06T21:43:22.754123,miller-moth (Perplexity),emergent,1.7904129793510324,17.85,221,17,1017,4,1,516636,0.9648030721823488,0.7000761851671196,6.424688269112783,unison,0.649068202757841
2026-08-06T21:58:22.848138,miller-moth (Perplexity),emergent,1.7904129793510324,17.85,221,17,1017,4,1,516636,0.9648030721823488,0.7000761851671196,6.424688269112783,unison,0.649068202757841
2026-08-06T22:13:23.208500,miller-moth (Perplexity),emergent,1.7904129793510324,17.85,221,17,1017,4,1,516636,0.9648030721823488,0.7000761851671196,6.424688269112783,unison,0.649068202757841
2026-08-06T22:28:23.028191,miller-moth (Perplexity),emergent,1.7904129793510324,17.85,221,17,1017,4,1,516636,0.9648030721823488,0.7000761851671196,6.424688269112783,unison,0.649068202757841
2026-08-06T22:43:23.105879,miller-moth (Perplexity),emergent,1.7904129793510324,17.85,221,17,1017,4,1,516636,0.9648030721823488,0.7000761851671196,6.424688269112783,unison,0.649068202757841
2026-08-06T22:58:23.312098,miller-moth (Perplexity),emergent,1.7904129793510324,17.85,221,17,1017,4,1,516636,0.9648030721823488,0.7000761851671196,6.424688269112783,unison,0.649068202757841
2026-08-06T23:07:00.609185,miller-moth (Perplexity),emergent,1.7904129793510324,17.85,221,17,1017,4,1,516636,0.9648030721823488,0.7000761851671196,6.424688269112783,unison,0.649068202757841
2026-08-07T16:02:26.082234,miller-moth (Perplexity),emergent,1.7904129793510324,17.85,221,17,1017,4,1,516636,0.9648030721823488,0.7000761851671196,6.424688269112783,unison,0.649068202757841
2026-08-07T16:17:25.091664,miller-moth (Perplexity),emergent,1.7904129793510324,17.85,221,17,1017,4,1,516636,0.9648030721823488,0.7000761851671196,6.424688269112783,unison,0.649068202757841
2026-08-07T16:32:25.012267,miller-moth (Perplexity),emergent,1.7904129793510324,17.85,221,17,1017,4,1,516636,0.9648030721823488,0.7000761851671196,6.424688269112783,unison,0.649068202757841
2026-08-07T16:47:25.040407,miller-moth (Perplexity),emergent,1.7904129793510324,17.85,221,17,1017,4,1,516636,0.9648030721823488,0.7000761851671196,6.424688269112783,unison,0.649068202757841
2026-08-07T17:02:25.021942,miller-moth (Perplexity),emergent,1.7904129793510324,17.85,221,17,1017,4,1,516636,0.9648030721823488,0.7000761851671196,6.424688269112783,unison,0.649068202757841
2026-08-07T17:17:25.072918,miller-moth (Perplexity),emergent,1.7904129793510324,17.85,221,17,1017,4,1,516636,0.9648030721823488,0.7000761851671196,6.424688269112783,unison,0.649068202757841
2026-08-07T17:32:25.112871,miller-moth (Perplexity),emergent,1.7904129793510324,17.85,221,17,1017,4,1,516636,0.9648030721823488,0.7000761851671196,6.424688269112783,unison,0.649068202757841
2026-08-07T17:47:25.255003,miller-moth (Perplexity),emergent,1.7904129793510324,17.85,221,17,1017,4,1,516636,0.9648030721823488,0.7000761851671196,6.424688269112783,unison,0.649068202757841
2026-08-07T18:02:25.080422,miller-moth (Perplexity),emergent,1.7904129793510324,17.85,221,17,1017,4,1,516636,0.9648030721823488,0.7000761851671196,6.424688269112783,unison,0.649068202757841
2026-08-07T18:17:25.131719,miller-moth (Perplexity),emergent,1.7904129793510324,17.85,221,17,1017,4,1,516636,0.9648030721823488,0.7000761851671196,6.424688269112783,unison,0.649068202757841
2026-08-07T18:32:25.604487,miller-moth (Perplexity),emergent,1.7904129793510324,17.85,221,17,1017,4,1,516636,0.9648030721823488,0.7000761851671196,6.424688269112783,unison,0.649068202757841
2026-08-07T18:47:42.681659,miller-moth (Perplexity),emergent,1.7904129793510324,17.85,221,17,1017,4,1,516636,0.9648030721823488,0.7000761851671196,6.424688269112783,unison,0.649068202757841
2026-08-07T19:02:51.311117,miller-moth (Perplexity),emergent,1.7904129793510324,17.85,221,17,1017,4,1,516636,0.9648030721823488,0.7000761851671196,6.424688269112783,unison,0.649068202757841
2026-08-07T19:17:53.493705,miller-moth (Perplexity),emergent,1.7904129793510324,17.85,221,17,1017,4,1,516636,0.9648030721823488,0.7000761851671196,6.424688269112783,unison,0.649068202757841
2026-08-07T19:32:53.465361,miller-moth (Perplexity),emergent,1.7904129793510324,17.85,221,17,1017,4,1,516636,0.9648030721823488,0.7000761851671196,6.424688269112783,unison,0.649068202757841
2026-08-07T19:47:55.242420,miller-moth (Perplexity),emergent,1.7904129793510324,17.85,221,17,1017,4,1,516636,0.9648030721823488,0.7000761851671196,6.424688269112783,unison,0.649068202757841
2026-08-07T20:02:55.134079,miller-moth (Perplexity),emergent,1.7904129793510324,17.85,221,17,1017,4,1,516636,0.9648030721823488,0.7000761851671196,6.424688269112783,unison,0.649068202757841
2026-08-07T20:17:57.820138,miller-moth (Perplexity),emergent,1.7904129793510324,17.85,221,17,1017,4,1,516636,0.9648030721823488,0.7000761851671196,6.424688269112783,unison,0.649068202757841
2026-08-07T20:32:59.780934,miller-moth (Perplexity),emergent,1.7904129793510324,17.85,221,17,1017,4,1,516636,0.9648030721823488,0.7000761851671196,6.424688269112783,unison,0.649068202757841
2026-08-07T20:48:03.397442,miller-moth (Perplexity),emergent,1.7904129793510324,17.85,221,17,1017,4,1,516636,0.9648030721823488,0.7000761851671196,6.424688269112783,unison,0.649068202757841
2026-08-07T21:03:03.351980,miller-moth (Perplexity),emergent,1.7904129793510324,17.85,221,17,1017,4,1,516636,0.9648030721823488,0.7000761851671196,6.424688269112783,unison,0.649068202757841
2026-08-07T21:18:03.136225,miller-moth (Perplexity),emergent,1.7904129793510324,17.85,221,17,1017,4,1,516636,0.9648030721823488,0.7000761851671196,6.424688269112783,unison,0.649068202757841
2026-08-07T21:33:03.037894,miller-moth (Perplexity),emergent,1.7904129793510324,17.85,221,17,1017,4,1,516636,0.9648030721823488,0.7000761851671196,6.424688269112783,unison,0.649068202757841
2026-08-07T21:48:03.229184,miller-moth (Perplexity),emergent,1.7904129793510324,17.85,221,17,1017,4,1,516636,0.9648030721823488,0.7000761851671196,6.424688269112783,unison,0.649068202757841
2026-08-07T22:03:03.191776,miller-moth (Perplexity),emergent,1.7904129793510324,17.85,221,17,1017,4,1,516636,0.9648030721823488,0.7000761851671196,6.424688269112783,unison,0.649068202757841
2026-08-07T22:18:03.198562,miller-moth (Perplexity),emergent,1.7904129793510324,17.85,221,17,1017,4,1,516636,0.9648030721823488,0.7000761851671196,6.424688269112783,unison,0.649068202757841
2026-08-07T22:33:03.119454,miller-moth (Perplexity),emergent,1.7904129793510324,17.85,221,17,1017,4,1,516636,0.9648030721823488,0.7000761851671196,6.424688269112783,unison,0.649068202757841
2026-08-07T22:48:03.163596,miller-moth (Perplexity),emergent,1.7904129793510324,17.85,221,17,1017,4,1,516636,0.9648030721823488,0.7000761851671196,6.424688269112783,unison,0.649068202757841
2026-08-07T23:03:03.402824,miller-moth (Perplexity),emergent,1.7904129793510324,17.85,221,17,1017,4,1,516636,0.9648030721823488,0.7000761851671196,6.424688269112783,unison,0.649068202757841
2026-08-07T23:18:03.459879,miller-moth (Perplexity),emergent,1.7904129793510324,17.85,221,17,1017,4,1,516636,0.9648030721823488,0.7000761851671196,6.424688269112783,unison,0.649068202757841
2026-08-07T23:33:03.334007,miller-moth (Perplexity),emergent,1.7904129793510324,17.85,221,17,1017,4,1,516636,0.9648030721823488,0.7000761851671196,6.424688269112783,unison,0.649068202757841
2026-08-07T23:48:03.496598,miller-moth (Perplexity),emergent,1.7904129793510324,17.85,221,17,1017,4,1,516636,0.9648030721823488,0.7000761851671196,6.424688269112783,unison,0.649068202757841
2026-08-08T00:03:23.969601,miller-moth (Perplexity),emergent,1.7904129793510324,17.85,221,17,1017,4,1,516636,0.9648030721823488,0.7000761851671196,6.424688269112783,unison,0.649068202757841
2026-08-08T00:18:23.648692,miller-moth (Perplexity),emergent,1.7904129793510324,17.85,221,17,1017,4,1,516636,0.9648030721823488,0.7000761851671196,6.424688269112783,unison,0.649068202757841
2026-08-08T00:33:23.820860,miller-moth (Perplexity),emergent,1.7904129793510324,17.85,221,17,1017,4,1,516636,0.9648030721823488,0.7000761851671196,6.424688269112783,unison,0.649068202757841
2026-08-08T00:48:23.799817,miller-moth (Perplexity),emergent,1.7904129793510324,17.85,221,17,1017,4,1,516636,0.9648030721823488,0.7000761851671196,6.424688269112783,unison,0.649068202757841
2026-08-08T01:03:23.827932,miller-moth (Perplexity),emergent,1.7904129793510324,17.85,221,17,1017,4,1,516636,0.9648030721823488,0.7000761851671196,6.424688269112783,unison,0.649068202757841
2026-08-08T01:18:23.759556,miller-moth (Perplexity),emergent,1.7904129793510324,17.85,221,17,1017,4,1,516636,0.9648030721823488,0.7000761851671196,6.424688269112783,unison,0.649068202757841
2026-08-08T01:33:23.771098,miller-moth (Perplexity),emergent,1.7904129793510324,17.85,221,17,1017,4,1,516636,0.9648030721823488,0.7000761851671196,6.424688269112783,unison,0.649068202757841
2026-08-08T01:48:23.812843,miller-moth (Perplexity),emergent,1.7904129793510324,17.85,221,17,1017,4,1,516636,0.9648030721823488,0.7000761851671196,6.424688269112783,unison,0.649068202757841
2026-08-08T02:03:23.872722,miller-moth (Perplexity),emergent,1.7904129793510324,17.85,221,17,1017,4,1,516636,0.9648030721823488,0.7000761851671196,6.424688269112783,unison,0.649068202757841
2026-08-08T02:18:23.948382,miller-moth (Perplexity),emergent,1.7904129793510324,17.85,221,17,1017,4,1,516636,0.9648030721823488,0.7000761851671196,6.424688269112783,unison,0.649068202757841
2026-08-08T02:33:24.417176,miller-moth (Perplexity),emergent,1.7904129793510324,17.85,221,17,1017,4,1,516636,0.9648030721823488,0.7000761851671196,6.424688269112783,unison,0.649068202757841
2026-08-08T02:48:24.184578,miller-moth (Perplexity),emergent,1.7904129793510324,17.85,221,17,1017,4,1,516636,0.9648030721823488,0.7000761851671196,6.424688269112783,unison,0.649068202757841
2026-08-08T03:03:24.187818,miller-moth (Perplexity),emergent,1.7904129793510324,17.85,221,17,1017,4,1,516636,0.9648030721823488,0.7000761851671196,6.424688269112783,unison,0.649068202757841
2026-08-08T03:18:24.459448,miller-moth (Perplexity),emergent,1.7904129793510324,17.85,221,17,1017,4,1,516636,0.9648030721823488,0.7000761851671196,6.424688269112783,unison,0.649068202757841
2026-08-08T03:33:24.358892,miller-moth (Perplexity),emergent,1.7904129793510324,17.85,221,17,1017,4,1,516636,0.9648030721823488,0.7000761851671196,6.424688269112783,unison,0.649068202757841
2026-08-08T03:48:24.522735,miller-moth (Perplexity),emergent,1.7904129793510324,17.85,221,17,1017,4,1,516636,0.9648030721823488,0.7000761851671196,6.424688269112783,unison,0.649068202757841
2026-08-08T04:03:24.511034,miller-moth (Perplexity),emergent,1.7904129793510324,17.85,221,17,1017,4,1,516636,0.9648030721823488,0.7000761851671196,6.424688269112783,unison,0.649068202757841
2026-08-08T04:18:24.474787,miller-moth (Perplexity),emergent,1.7904129793510324,17.85,221,17,1017,4,1,516636,0.9648030721823488,0.7000761851671196,6.424688269112783,unison,0.649068202757841
2026-08-08T04:33:25.167389,miller-moth (Perplexity),emergent,1.7904129793510324,17.85,221,17,1017,4,1,516636,0.9648030721823488,0.7000761851671196,6.424688269112783,unison,0.649068202757841
2026-08-08T04:48:24.858872,miller-moth (Perplexity),emergent,1.7904129793510324,17.85,221,17,1017,4,1,516636,0.9648030721823488,0.7000761851671196,6.424688269112783,unison,0.649068202757841
2026-08-08T05:03:24.880340,miller-moth (Perplexity),emergent,1.7904129793510324,17.85,221,17,1017,4,1,516636,0.9648030721823488,0.7000761851671196,6.424688269112783,unison,0.649068202757841
2026-08-08T05:18:24.857424,miller-moth (Perplexity),emergent,1.7904129793510324,17.85,221,17,1017,4,1,516636,0.9648030721823488,0.7000761851671196,6.424688269112783,unison,0.649068202757841
2026-08-08T05:33:24.966910,miller-moth (Perplexity),emergent,1.7904129793510324,17.85,221,17,1017,4,1,516636,0.9648030721823488,0.7000761851671196,6.424688269112783,unison,0.649068202757841
2026-08-08T05:48:25.199598,miller-moth (Perplexity),emergent,1.7904129793510324,17.85,221,17,1017,4,1,516636,0.9648030721823488,0.7000761851671196,6.424688269112783,unison,0.649068202757841
2026-08-08T06:03:25.167246,miller-moth (Perplexity),emergent,1.7904129793510324,17.85,221,17,1017,4,1,516636,0.9648030721823488,0.7000761851671196,6.424688269112783,unison,0.649068202757841
2026-08-08T06:18:25.239799,miller-moth (Perplexity),emergent,1.7904129793510324,17.85,221,17,1017,4,1,516636,0.9648030721823488,0.7000761851671196,6.424688269112783,unison,0.649068202757841
2026-08-08T06:33:24.999840,miller-moth (Perplexity),emergent,1.7904129793510324,17.85,221,17,1017,4,1,516636,0.9648030721823488,0.7000761851671196,6.424688269112783,unison,0.649068202757841
2026-08-08T06:48:25.374434,miller-moth (Perplexity),emergent,1.7904129793510324,17.85,221,17,1017,4,1,516636,0.9648030721823488,0.7000761851671196,6.424688269112783,unison,0.649068202757841
2026-08-08T07:03:25.274131,miller-moth (Perplexity),emergent,1.7904129793510324,17.85,221,17,1017,4,1,516636,0.9648030721823488,0.7000761851671196,6.424688269112783,unison,0.649068202757841
2026-08-08T07:18:25.671994,miller-moth (Perplexity),emergent,1.7904129793510324,17.85,221,17,1017,4,1,516636,0.9648030721823488,0.7000761851671196,6.424688269112783,unison,0.649068202757841
2026-08-08T07:33:25.690842,miller-moth (Perplexity),emergent,1.7904129793510324,17.85,221,17,1017,4,1,516636,0.9648030721823488,0.7000761851671196,6.424688269112783,unison,0.649068202757841
2026-08-08T07:48:25.841064,miller-moth (Perplexity),emergent,1.7904129793510324,17.85,221,17,1017,4,1,516636,0.9648030721823488,0.7000761851671196,6.424688269112783,unison,0.649068202757841
2026-08-08T08:03:25.924644,miller-moth (Perplexity),emergent,1.7904129793510324,17.85,221,17,1017,4,1,516636,0.9648030721823488,0.7000761851671196,6.424688269112783,unison,0.649068202757841
2026-08-08T08:18:25.867231,miller-moth (Perplexity),emergent,1.7904129793510324,17.85,221,17,1017,4,1,516636,0.9648030721823488,0.7000761851671196,6.424688269112783,unison,0.649068202757841
2026-08-08T08:33:25.990113,miller-moth (Perplexity),emergent,1.7904129793510324,17.85,221,17,1017,4,1,516636,0.9648030721823488,0.7000761851671196,6.424688269112783,unison,0.649068202757841
2026-08-08T08:48:27.488019,miller-moth (Perplexity),emergent,1.7904129793510324,17.85,221,17,1017,4,1,516636,0.9648030721823488,0.7000761851671196,6.424688269112783,unison,0.649068202757841
2026-08-08T09:03:29.154790,miller-moth (Perplexity),emergent,1.7904129793510324,17.85,221,17,1017,4,1,516636,0.9648030721823488,0.7000761851671196,6.424688269112783,unison,0.649068202757841
2026-08-08T09:18:28.600837,miller-moth (Perplexity),emergent,1.7904129793510324,17.85,221,17,1017,4,1,516636,0.9648030721823488,0.7000761851671196,6.424688269112783,unison,0.649068202757841
2026-08-08T09:33:29.022241,miller-moth (Perplexity),emergent,1.7904129793510324,17.85,221,17,1017,4,1,516636,0.9648030721823488,0.7000761851671196,6.424688269112783,unison,0.649068202757841
2026-08-08T09:48:29.896689,miller-moth (Perplexity),emergent,1.7904129793510324,17.85,221,17,1017,4,1,516636,0.9648030721823488,0.7000761851671196,6.424688269112783,unison,0.649068202757841
2026-08-08T10:03:32.450836,miller-moth (Perplexity),emergent,1.7904129793510324,17.85,221,17,1017,4,1,516636,0.9648030721823488,0.7000761851671196,6.424688269112783,unison,0.649068202757841
2026-08-08T10:18:32.587506,miller-moth (Perplexity),emergent,1.7904129793510324,17.85,221,17,1017,4,1,516636,0.9648030721823488,0.7000761851671196,6.424688269112783,unison,0.649068202757841
2026-08-08T10:33:32.925373,miller-moth (Perplexity),emergent,1.7904129793510324,17.85,221,17,1017,4,1,516636,0.9648030721823488,0.7000761851671196,6.424688269112783,unison,0.649068202757841
2026-08-08T10:48:33.036044,miller-moth (Perplexity),emergent,1.7904129793510324,17.85,221,17,1017,4,1,516636,0.9648030721823488,0.7000761851671196,6.424688269112783,unison,0.649068202757841
2026-08-08T11:03:32.851282,miller-moth (Perplexity),emergent,1.7904129793510324,17.85,221,17,1017,4,1,516636,0.9648030721823488,0.7000761851671196,6.424688269112783,unison,0.649068202757841
2026-08-08T11:18:33.384121,miller-moth (Perplexity),emergent,1.7904129793510324,17.85,221,17,1017,4,1,516636,0.9648030721823488,0.7000761851671196,6.424688269112783,unison,0.649068202757841
2026-08-08T11:33:33.420409,miller-moth (Perplexity),emergent,1.7904129793510324,17.85,221,17,1017,4,1,516636,0.9648030721823488,0.7000761851671196,6.424688269112783,unison,0.649068202757841
2026-08-08T11:48:33.270474,miller-moth (Perplexity),emergent,1.7904129793510324,17.85,221,17,1017,4,1,516636,0.9648030721823488,0.7000761851671196,6.424688269112783,unison,0.649068202757841
2026-08-08T12:03:33.403689,miller-moth (Perplexity),emergent,1.7904129793510324,17.85,221,17,1017,4,1,516636,0.9648030721823488,0.7000761851671196,6.424688269112783,unison,0.649068202757841
2026-08-08T12:18:33.547539,miller-moth (Perplexity),emergent,1.7904129793510324,17.85,221,17,1017,4,1,516636,0.9648030721823488,0.7000761851671196,6.424688269112783,unison,0.649068202757841
2026-08-08T12:33:33.610585,miller-moth (Perplexity),emergent,1.7904129793510324,17.85,221,17,1017,4,1,516636,0.9648030721823488,0.7000761851671196,6.424688269112783,unison,0.649068202757841
2026-08-08T12:48:52.432177,miller-moth (Perplexity),emergent,1.7904129793510324,17.85,221,17,1017,4,1,516636,0.9648030721823488,0.7000761851671196,6.424688269112783,unison,0.649068202757841
2026-08-08T13:03:52.543447,miller-moth (Perplexity),emergent,1.7904129793510324,17.85,221,17,1017,4,1,516636,0.9648030721823488,0.7000761851671196,6.424688269112783,unison,0.649068202757841
2026-08-08T13:18:54.467476,miller-moth (Perplexity),emergent,1.7904129793510324,17.85,221,17,1017,4,1,516636,0.9648030721823488,0.7000761851671196,6.424688269112783,unison,0.649068202757841
2026-08-08T13:33:54.508706,miller-moth (Perplexity),emergent,1.7904129793510324,17.85,221,17,1017,4,1,516636,0.9648030721823488,0.7000761851671196,6.424688269112783,unison,0.649068202757841
2026-08-08T13:48:54.722473,miller-moth (Perplexity),emergent,1.7904129793510324,17.85,221,17,1017,4,1,516636,0.9648030721823488,0.7000761851671196,6.424688269112783,unison,0.649068202757841
2026-08-08T14:03:54.610732,miller-moth (Perplexity),emergent,1.7904129793510324,17.85,221,17,1017,4,1,516636,0.9648030721823488,0.7000761851671196,6.424688269112783,unison,0.649068202757841
2026-08-08T14:18:55.031376,miller-moth (Perplexity),emergent,1.7904129793510324,17.85,221,17,1017,4,1,516636,0.9648030721823488,0.7000761851671196,6.424688269112783,unison,0.649068202757841
2026-08-08T14:33:55.254325,miller-moth (Perplexity),emergent,1.7904129793510324,17.85,221,17,1017,4,1,516636,0.9648030721823488,0.7000761851671196,6.424688269112783,unison,0.649068202757841
2026-08-08T14:48:55.460421,miller-moth (Perplexity),emergent,1.7904129793510324,17.85,221,17,1017,4,1,516636,0.9648030721823488,0.7000761851671196,6.424688269112783,unison,0.649068202757841
2026-08-08T15:03:55.301157,miller-moth (Perplexity),emergent,1.7904129793510324,17.85,221,17,1017,4,1,516636,0.9648030721823488,0.7000761851671196,6.424688269112783,unison,0.649068202757841
2026-08-08T15:18:55.343428,miller-moth (Perplexity),emergent,1.7904129793510324,17.85,221,17,1017,4,1,516636,0.9648030721823488,0.7000761851671196,6.424688269112783,unison,0.649068202757841
2026-08-08T15:33:55.528300,miller-moth (Perplexity),emergent,1.7904129793510324,17.85,221,17,1017,4,1,516636,0.9648030721823488,0.7000761851671196,6.424688269112783,unison,0.649068202757841
2026-08-08T15:48:58.027558,miller-moth (Perplexity),emergent,1.7904129793510324,17.85,221,17,1017,4,1,516636,0.9648030721823488,0.7000761851671196,6.424688269112783,unison,0.649068202757841
2026-08-08T16:03:56.519006,miller-moth (Perplexity),emergent,1.7904129793510324,17.85,221,17,1017,4,1,516636,0.9648030721823488,0.7000761851671196,6.424688269112783,unison,0.649068202757841
2026-08-08T16:18:56.564725,miller-moth (Perplexity),emergent,1.7904129793510324,17.85,221,17,1017,4,1,516636,0.9648030721823488,0.7000761851671196,6.424688269112783,unison,0.649068202757841
2026-08-08T16:33:57.169190,miller-moth (Perplexity),emergent,1.7904129793510324,17.85,221,17,1017,4,1,516636,0.9648030721823488,0.7000761851671196,6.424688269112783,unison,0.649068202757841
2026-08-08T16:48:56.979668,miller-moth (Perplexity),emergent,1.7904129793510324,17.85,221,17,1017,4,1,516636,0.9648030721823488,0.7000761851671196,6.424688269112783,unison,0.649068202757841
2026-08-08T17:03:56.823878,miller-moth (Perplexity),emergent,1.7904129793510324,17.85,221,17,1017,4,1,516636,0.9648030721823488,0.7000761851671196,6.424688269112783,unison,0.649068202757841
2026-08-08T17:18:57.028621,miller-moth (Perplexity),emergent,1.7904129793510324,17.85,221,17,1017,4,1,516636,0.9648030721823488,0.7000761851671196,6.424688269112783,unison,0.649068202757841
2026-08-08T17:33:56.985804,miller-moth (Perplexity),emergent,1.7904129793510324,17.85,221,17,1017,4,1,516636,0.9648030721823488,0.7000761851671196,6.424688269112783,unison,0.649068202757841
2026-08-08T17:48:57.183616,miller-moth (Perplexity),emergent,1.7904129793510324,17.85,221,17,1017,4,1,516636,0.9648030721823488,0.7000761851671196,6.424688269112783,unison,0.649068202757841
2026-08-08T18:03:57.122427,miller-moth (Perplexity),emergent,1.7904129793510324,17.85,221,17,1017,4,1,516636,0.9648030721823488,0.7000761851671196,6.424688269112783,unison,0.649068202757841
2026-08-08T18:18:57.037540,miller-moth (Perplexity),emergent,1.7904129793510324,17.85,221,17,1017,4,1,516636,0.9648030721823488,0.7000761851671196,6.424688269112783,unison,0.649068202757841
2026-08-08T18:33:57.138842,miller-moth (Perplexity),emergent,1.7904129793510324,17.85,221,17,1017,4,1,516636,0.9648030721823488,0.7000761851671196,6.424688269112783,unison,0.649068202757841
2026-08-08T18:48:57.200513,miller-moth (Perplexity),emergent,1.7904129793510324,17.85,221,17,1017,4,1,516636,0.9648030721823488,0.7000761851671196,6.424688269112783,unison,0.649068202757841
2026-08-08T19:03:57.077815,miller-moth (Perplexity),emergent,1.7904129793510324,17.85,221,17,1017,4,1,516636,0.9648030721823488,0.7000761851671196,6.424688269112783,unison,0.649068202757841
2026-08-08T19:18:57.134780,miller-moth (Perplexity),emergent,1.7904129793510324,17.85,221,17,1017,4,1,516636,0.9648030721823488,0.7000761851671196,6.424688269112783,unison,0.649068202757841
2026-08-08T19:33:57.238128,miller-moth (Perplexity),emergent,1.7904129793510324,17.85,221,17,1017,4,1,516636,0.9648030721823488,0.7000761851671196,6.424688269112783,unison,0.649068202757841
2026-08-08T19:48:57.137136,miller-moth (Perplexity),emergent,1.7904129793510324,17.85,221,17,1017,4,1,516636,0.9648030721823488,0.7000761851671196,6.424688269112783,unison,0.649068202757841
2026-08-08T20:03:57.368933,miller-moth (Perplexity),emergent,1.7904129793510324,17.85,221,17,1017,4,1,516636,0.9648030721823488,0.7000761851671196,6.424688269112783,unison,0.649068202757841
2026-08-08T20:18:57.339194,miller-moth (Perplexity),emergent,1.7904129793510324,17.85,221,17,1017,4,1,516636,0.9648030721823488,0.7000761851671196,6.424688269112783,unison,0.649068202757841
2026-08-08T20:33:57.192910,miller-moth (Perplexity),emergent,1.7904129793510324,17.85,221,17,1017,4,1,516636,0.9648030721823488,0.7000761851671196,6.424688269112783,unison,0.649068202757841
2026-08-08T20:48:57.523508,miller-moth (Perplexity),emergent,1.7904129793510324,17.85,221,17,1017,4,1,516636,0.9648030721823488,0.7000761851671196,6.424688269112783,unison,0.649068202757841
2026-08-08T21:03:57.514568,miller-moth (Perplexity),emergent,1.7904129793510324,17.85,221,17,1017,4,1,516636,0.9648030721823488,0.7000761851671196,6.424688269112783,unison,0.649068202757841
2026-08-08T21:18:57.659714,miller-moth (Perplexity),emergent,1.7904129793510324,17.85,221,17,1017,4,1,516636,0.9648030721823488,0.7000761851671196,6.424688269112783,unison,0.649068202757841
2026-08-08T21:33:57.407808,miller-moth (Perplexity),emergent,1.7904129793510324,17.85,221,17,1017,4,1,516636,0.9648030721823488,0.7000761851671196,6.424688269112783,unison,0.649068202757841
2026-08-08T21:48:58.330663,miller-moth (Perplexity),emergent,1.7904129793510324,17.85,221,17,1017,4,1,516636,0.9648030721823488,0.7000761851671196,6.424688269112783,unison,0.649068202757841
2026-08-08T22:03:57.653997,miller-moth (Perplexity),emergent,1.7904129793510324,17.85,221,17,1017,4,1,516636,0.9648030721823488,0.7000761851671196,6.424688269112783,unison,0.649068202757841
2026-08-08T22:18:57.850010,miller-moth (Perplexity),emergent,1.7904129793510324,17.85,221,17,1017,4,1,516636,0.9648030721823488,0.7000761851671196,6.424688269112783,unison,0.649068202757841
2026-08-08T22:33:58.617531,miller-moth (Perplexity),emergent,1.7904129793510324,17.85,221,17,1017,4,1,516636,0.9648030721823488,0.7000761851671196,6.424688269112783,unison,0.649068202757841
2026-08-09T01:52:30.679983,miller-moth (Perplexity),emergent,1.7904129793510324,17.85,221,17,1017,4,1,516636,0.9648030721823488,0.7000761851671196,6.424688269112783,unison,0.649068202757841
2026-08-09T02:08:28.466217,miller-moth (Perplexity),emergent,1.7904129793510324,17.85,221,17,1017,4,1,516636,0.9648030721823488,0.7000761851671196,6.424688269112783,unison,0.649068202757841
2026-08-09T02:23:28.429242,miller-moth (Perplexity),emergent,1.7904129793510324,17.85,221,17,1017,4,1,516636,0.9648030721823488,0.7000761851671196,6.424688269112783,unison,0.649068202757841
2026-08-09T02:39:28.527197,miller-moth (Perplexity),emergent,1.7904129793510324,17.85,221,17,1017,4,1,516636,0.9648030721823488,0.7000761851671196,6.424688269112783,unison,0.649068202757841
2026-08-09T02:55:19.757261,miller-moth (Perplexity),emergent,1.7904129793510324,17.85,221,17,1017,4,1,516636,0.9648030721823488,0.7000761851671196,6.424688269112783,unison,0.649068202757841
2026-08-09T03:10:28.683253,miller-moth (Perplexity),emergent,1.7904129793510324,17.85,221,17,1017,4,1,516636,0.9648030721823488,0.7000761851671196,6.424688269112783,unison,0.649068202757841
2026-08-09T03:26:29.263191,miller-moth (Perplexity),emergent,1.7904129793510324,17.85,221,17,1017,4,1,516636,0.9648030721823488,0.7000761851671196,6.424688269112783,unison,0.649068202757841
2026-08-09T03:42:28.725100,miller-moth (Perplexity),emergent,1.7904129793510324,17.85,221,17,1017,4,1,516636,0.9648030721823488,0.7000761851671196,6.424688269112783,unison,0.649068202757841
2026-08-09T03:57:28.775283,miller-moth (Perplexity),emergent,1.7904129793510324,17.85,221,17,1017,4,1,516636,0.9648030721823488,0.7000761851671196,6.424688269112783,unison,0.649068202757841
2026-08-09T04:13:35.115057,miller-moth (Perplexity),emergent,1.7904129793510324,17.85,221,17,1017,4,1,516636,0.9648030721823488,0.7000761851671196,6.424688269112783,unison,0.649068202757841
2026-08-09T04:29:29.372731,miller-moth (Perplexity),emergent,1.7904129793510324,17.85,221,17,1017,4,1,516636,0.9648030721823488,0.7000761851671196,6.424688269112783,unison,0.649068202757841
2026-08-09T04:45:28.391561,miller-moth (Perplexity),emergent,1.7904129793510324,17.85,221,17,1017,4,1,516636,0.9648030721823488,0.7000761851671196,6.424688269112783,unison,0.649068202757841
2026-08-09T04:56:03.670967,miller-moth (Perplexity),emergent,1.7904129793510324,17.85,221,17,1017,4,1,516636,0.9648030721823488,0.7000761851671196,6.424688269112783,unison,0.649068202757841
2026-08-09T05:12:03.247739,miller-moth (Perplexity),emergent,1.7904129793510324,17.85,221,17,1017,4,1,516636,0.9648030721823488,0.7000761851671196,6.424688269112783,unison,0.649068202757841
2026-08-09T05:40:08.809712,miller-moth (Perplexity),emergent,1.7904129793510324,17.85,221,17,1017,4,1,516636,0.9648030721823488,0.7000761851671196,6.424688269112783,unison,0.649068202757841
2026-08-09T05:56:04.037379,miller-moth (Perplexity),emergent,1.7904129793510324,17.85,221,17,1017,4,1,516636,0.9648030721823488,0.7000761851671196,6.424688269112783,unison,0.649068202757841
2026-08-09T06:11:03.916809,miller-moth (Perplexity),emergent,1.7904129793510324,17.85,221,17,1017,4,1,516636,0.9648030721823488,0.7000761851671196,6.424688269112783,unison,0.649068202757841
2026-08-09T06:27:04.119754,miller-moth (Perplexity),emergent,1.7904129793510324,17.85,221,17,1017,4,1,516636,0.9648030721823488,0.7000761851671196,6.424688269112783,unison,0.649068202757841
2026-08-09T06:42:05.445199,miller-moth (Perplexity),emergent,1.7904129793510324,17.85,221,17,1017,4,1,516636,0.9648030721823488,0.7000761851671196,6.424688269112783,unison,0.649068202757841
2026-08-09T06:58:06.887865,miller-moth (Perplexity),emergent,1.7904129793510324,17.85,221,17,1017,4,1,516636,0.9648030721823488,0.7000761851671196,6.424688269112783,unison,0.649068202757841
2026-08-09T07:13:06.819249,miller-moth (Perplexity),emergent,1.7904129793510324,17.85,221,17,1017,4,1,516636,0.9648030721823488,0.7000761851671196,6.424688269112783,unison,0.649068202757841
2026-08-09T07:29:04.273718,miller-moth (Perplexity),emergent,1.7904129793510324,17.85,221,17,1017,4,1,516636,0.9648030721823488,0.7000761851671196,6.424688269112783,unison,0.649068202757841
2026-08-09T07:44:04.313748,miller-moth (Perplexity),emergent,1.7904129793510324,17.85,221,17,1017,4,1,516636,0.9648030721823488,0.7000761851671196,6.424688269112783,unison,0.649068202757841
2026-08-09T08:00:05.628821,miller-moth (Perplexity),emergent,1.7904129793510324,17.85,221,17,1017,4,1,516636,0.9648030721823488,0.7000761851671196,6.424688269112783,unison,0.649068202757841
2026-08-09T08:10:35.740624,miller-moth (Perplexity),emergent,1.7904129793510324,17.85,221,17,1017,4,1,516636,0.9648030721823488,0.7000761851671196,6.424688269112783,unison,0.649068202757841
2026-08-09T08:25:51.835308,miller-moth (Perplexity),emergent,1.7904129793510324,17.85,221,17,1017,4,1,516636,0.9648030721823488,0.7000761851671196,6.424688269112783,unison,0.649068202757841
2026-08-09T08:40:51.662992,miller-moth (Perplexity),emergent,1.7904129793510324,17.85,221,17,1017,4,1,516636,0.9648030721823488,0.7000761851671196,6.424688269112783,unison,0.649068202757841
2026-08-09T08:56:54.360511,miller-moth (Perplexity),emergent,1.7904129793510324,17.85,221,17,1017,4,1,516636,0.9648030721823488,0.7000761851671196,6.424688269112783,unison,0.649068202757841
2026-08-09T09:12:52.239667,miller-moth (Perplexity),emergent,1.7904129793510324,17.85,221,17,1017,4,1,516636,0.9648030721823488,0.7000761851671196,6.424688269112783,unison,0.649068202757841
2026-08-09T09:28:55.216518,miller-moth (Perplexity),emergent,1.7904129793510324,17.85,221,17,1017,4,1,516636,0.9648030721823488,0.7000761851671196,6.424688269112783,unison,0.649068202757841
2026-08-09T09:41:06.677613,miller-moth (Perplexity),emergent,1.7904129793510324,17.85,221,17,1017,4,1,516636,0.9648030721823488,0.7000761851671196,6.424688269112783,unison,0.649068202757841
2026-08-09T09:57:06.504881,miller-moth (Perplexity),emergent,1.7904129793510324,17.85,221,17,1017,4,1,516636,0.9648030721823488,0.7000761851671196,6.424688269112783,unison,0.649068202757841
2026-08-09T10:12:07.191276,miller-moth (Perplexity),emergent,1.7904129793510324,17.85,221,17,1017,4,1,516636,0.9648030721823488,0.7000761851671196,6.424688269112783,unison,0.649068202757841
2026-08-09T10:28:06.203913,miller-moth (Perplexity),emergent,1.7904129793510324,17.85,221,17,1017,4,1,516636,0.9648030721823488,0.7000761851671196,6.424688269112783,unison,0.649068202757841
2026-08-09T10:43:07.000666,miller-moth (Perplexity),emergent,1.7904129793510324,17.85,221,17,1017,4,1,516636,0.9648030721823488,0.7000761851671196,6.424688269112783,unison,0.649068202757841
2026-08-09T14:41:16.116871,miller-moth (Perplexity),emergent,1.7904129793510324,17.85,221,17,1017,4,1,516636,0.9648030721823488,0.7000761851671196,6.424688269112783,unison,0.649068202757841
2026-08-09T14:57:15.688224,miller-moth (Perplexity),emergent,1.7904129793510324,17.85,221,17,1017,4,1,516636,0.9648030721823488,0.7000761851671196,6.424688269112783,unison,0.649068202757841
2026-08-09T15:13:16.575200,miller-moth (Perplexity),emergent,1.7904129793510324,17.85,221,17,1017,4,1,516636,0.9648030721823488,0.7000761851671196,6.424688269112783,unison,0.649068202757841
2026-08-09T15:29:22.429018,miller-moth (Perplexity),emergent,1.7904129793510324,17.85,221,17,1017,4,1,516636,0.9648030721823488,0.7000761851671196,6.424688269112783,unison,0.649068202757841
2026-08-09T15:45:25.828175,miller-moth (Perplexity),emergent,1.7904129793510324,17.85,221,17,1017,4,1,516636,0.9648030721823488,0.7000761851671196,6.424688269112783,unison,0.649068202757841
2026-08-09T16:01:23.521242,miller-moth (Perplexity),emergent,1.7904129793510324,17.85,221,17,1017,4,1,516636,0.9648030721823488,0.7000761851671196,6.424688269112783,unison,0.649068202757841
2026-08-09T16:17:23.272228,miller-moth (Perplexity),emergent,1.7904129793510324,17.85,221,17,1017,4,1,516636,0.9648030721823488,0.7000761851671196,6.424688269112783,unison,0.649068202757841
2026-08-09T16:33:25.125452,miller-moth (Perplexity),emergent,1.7904129793510324,17.85,221,17,1017,4,1,516636,0.9648030721823488,0.7000761851671196,6.424688269112783,unison,0.649068202757841
2026-08-09T16:49:23.040006,miller-moth (Perplexity),emergent,1.7904129793510324,17.85,221,17,1017,4,1,516636,0.9648030721823488,0.7000761851671196,6.424688269112783,unison,0.649068202757841
2026-08-09T17:05:23.757505,miller-moth (Perplexity),emergent,1.7904129793510324,17.85,221,17,1017,4,1,516636,0.9648030721823488,0.7000761851671196,6.424688269112783,unison,0.649068202757841
2026-08-09T17:21:23.353404,miller-moth (Perplexity),emergent,1.7904129793510324,17.85,221,17,1017,4,1,516636,0.9648030721823488,0.7000761851671196,6.424688269112783,unison,0.649068202757841
2026-08-09T17:37:23.202032,miller-moth (Perplexity),emergent,1.7904129793510324,17.85,221,17,1017,4,1,516636,0.9648030721823488,0.7000761851671196,6.424688269112783,unison,0.649068202757841
2026-08-09T17:52:33.639233,miller-moth (Perplexity),emergent,1.7904129793510324,17.85,221,17,1017,4,1,516636,0.9648030721823488,0.7000761851671196,6.424688269112783,unison,0.649068202757841
2026-08-09T18:08:23.202018,miller-moth (Perplexity),emergent,1.7904129793510324,17.85,221,17,1017,4,1,516636,0.9648030721823488,0.7000761851671196,6.424688269112783,unison,0.649068202757841
2026-08-09T18:24:24.889865,miller-moth (Perplexity),emergent,1.7904129793510324,17.85,221,17,1017,4,1,516636,0.9648030721823488,0.7000761851671196,6.424688269112783,unison,0.649068202757841
2026-08-09T18:40:24.324260,miller-moth (Perplexity),emergent,1.7904129793510324,17.85,221,17,1017,4,1,516636,0.9648030721823488,0.7000761851671196,6.424688269112783,unison,0.649068202757841
2026-08-09T18:56:23.793694,miller-moth (Perplexity),emergent,1.7904129793510324,17.85,221,17,1017,4,1,516636,0.9648030721823488,0.7000761851671196,6.424688269112783,unison,0.649068202757841
2026-08-09T19:12:23.103888,miller-moth (Perplexity),emergent,1.7904129793510324,17.85,221,17,1017,4,1,516636,0.9648030721823488,0.7000761851671196,6.424688269112783,unison,0.649068202757841
2026-08-09T19:27:25.442819,miller-moth (Perplexity),emergent,1.7904129793510324,17.85,221,17,1017,4,1,516636,0.9648030721823488,0.7000761851671196,6.424688269112783,unison,0.649068202757841
2026-08-09T19:43:26.848750,miller-moth (Perplexity),emergent,1.7904129793510324,17.85,221,17,1017,4,1,516636,0.9648030721823488,0.7000761851671196,6.424688269112783,unison,0.649068202757841
2026-08-09T19:59:26.527937,miller-moth (Perplexity),emergent,1.7904129793510324,17.85,221,17,1017,4,1,516636,0.9648030721823488,0.7000761851671196,6.424688269112783,unison,0.649068202757841
2026-08-09T20:15:26.238648,miller-moth (Perplexity),emergent,1.7904129793510324,17.85,221,17,1017,4,1,516636,0.9648030721823488,0.7000761851671196,6.424688269112783,unison,0.649068202757841
2026-08-09T20:31:26.718706,miller-moth (Perplexity),emergent,1.7904129793510324,17.85,221,17,1017,4,1,516636,0.9648030721823488,0.7000761851671196,6.424688269112783,unison,0.649068202757841
2026-08-09T20:47:26.635994,miller-moth (Perplexity),emergent,1.7904129793510324,17.85,221,17,1017,4,1,516636,0.9648030721823488,0.7000761851671196,6.424688269112783,unison,0.649068202757841
2026-08-09T21:02:26.011193,miller-moth (Perplexity),emergent,1.7904129793510324,17.85,221,17,1017,4,1,516636,0.9648030721823488,0.7000761851671196,6.424688269112783,unison,0.649068202757841
2026-08-09T21:17:37.235873,miller-moth (Perplexity),emergent,1.7904129793510324,17.85,221,17,1017,4,1,516636,0.9648030721823488,0.7000761851671196,6.424688269112783,unison,0.649068202757841
2026-08-09T21:33:26.295604,miller-moth (Perplexity),emergent,1.7904129793510324,17.85,221,17,1017,4,1,516636,0.9648030721823488,0.7000761851671196,6.424688269112783,unison,0.649068202757841
2026-08-09T21:49:26.620621,miller-moth (Perplexity),emergent,1.7904129793510324,17.85,221,17,1017,4,1,516636,0.9648030721823488,0.7000761851671196,6.424688269112783,unison,0.649068202757841
2026-08-09T22:05:26.365628,miller-moth (Perplexity),emergent,1.7904129793510324,17.85,221,17,1017,4,1,516636,0.9648030721823488,0.7000761851671196,6.424688269112783,unison,0.649068202757841
2026-08-09T22:20:26.196437,miller-moth (Perplexity),emergent,1.7904129793510324,17.85,221,17,1017,4,1,516636,0.9648030721823488,0.7000761851671196,6.424688269112783,unison,0.649068202757841
2026-08-09T22:35:26.753316,miller-moth (Perplexity),emergent,1.7904129793510324,17.85,221,17,1017,4,1,516636,0.9648030721823488,0.7000761851671196,6.424688269112783,unison,0.649068202757841
2026-08-09T22:51:25.879966,miller-moth (Perplexity),emergent,1.7904129793510324,17.85,221,17,1017,4,1,516636,0.9648030721823488,0.7000761851671196,6.424688269112783,unison,0.649068202757841
2026-08-09T23:07:26.900150,miller-moth (Perplexity),emergent,1.7904129793510324,17.85,221,17,1017,4,1,516636,0.9648030721823488,0.7000761851671196,6.424688269112783,unison,0.649068202757841
2026-08-09T23:23:25.865747,miller-moth (Perplexity),emergent,1.7904129793510324,17.85,221,17,1017,4,1,516636,0.9648030721823488,0.7000761851671196,6.424688269112783,unison,0.649068202757841
2026-08-09T23:38:26.493721,miller-moth (Perplexity),emergent,1.7904129793510324,17.85,221,17,1017,4,1,516636,0.9648030721823488,0.7000761851671196,6.424688269112783,unison,0.649068202757841
2026-08-09T23:54:25.983448,miller-moth (Perplexity),emergent,1.7904129793510324,17.85,221,17,1017,4,1,516636,0.9648030721823488,0.7000761851671196,6.424688269112783,unison,0.649068202757841
2026-08-10T00:10:27.109849,miller-moth (Perplexity),emergent,1.7904129793510324,17.85,221,17,1017,4,1,516636,0.9648030721823488,0.7000761851671196,6.424688269112783,unison,0.649068202757841
2026-08-10T00:26:26.331017,miller-moth (Perplexity),emergent,1.7904129793510324,17.85,221,17,1017,4,1,516636,0.9648030721823488,0.7000761851671196,6.424688269112783,unison,0.649068202757841
2026-08-10T00:42:25.936845,miller-moth (Perplexity),emergent,1.7904129793510324,17.85,221,17,1017,4,1,516636,0.9648030721823488,0.7000761851671196,6.424688269112783,unison,0.649068202757841
2026-08-10T00:58:26.038171,miller-moth (Perplexity),emergent,1.7904129793510324,17.85,221,17,1017,4,1,516636,0.9648030721823488,0.7000761851671196,6.424688269112783,unison,0.649068202757841
2026-08-10T01:14:26.029419,miller-moth (Perplexity),emergent,1.7904129793510324,17.85,221,17,1017,4,1,516636,0.9648030721823488,0.7000761851671196,6.424688269112783,unison,0.649068202757841
2026-08-10T01:30:26.051584,miller-moth (Perplexity),emergent,1.7904129793510324,17.85,221,17,1017,4,1,516636,0.9648030721823488,0.7000761851671196,6.424688269112783,unison,0.649068202757841
2026-08-10T01:46:25.933901,miller-moth (Perplexity),emergent,1.7904129793510324,17.85,221,17,1017,4,1,516636,0.9648030721823488,0.7000761851671196,6.424688269112783,unison,0.649068202757841
2026-08-10T02:02:26.237835,miller-moth (Perplexity),emergent,1.7904129793510324,17.85,221,17,1017,4,1,516636,0.9648030721823488,0.7000761851671196,6.424688269112783,unison,0.649068202757841
2026-08-10T02:18:26.299154,miller-moth (Perplexity),emergent,1.7904129793510324,17.85,221,17,1017,4,1,516636,0.9648030721823488,0.7000761851671196,6.424688269112783,unison,0.649068202757841
2026-08-10T02:34:26.235840,miller-moth (Perplexity),emergent,1.7904129793510324,17.85,221,17,1017,4,1,516636,0.9648030721823488,0.7000761851671196,6.424688269112783,unison,0.649068202757841
2026-08-10T02:50:25.873083,miller-moth (Perplexity),emergent,1.7904129793510324,17.85,221,17,1017,4,1,516636,0.9648030721823488,0.7000761851671196,6.424688269112783,unison,0.649068202757841
2026-08-10T03:06:27.389659,miller-moth (Perplexity),emergent,1.7904129793510324,17.85,221,17,1017,4,1,516636,0.9648030721823488,0.7000761851671196,6.424688269112783,unison,0.649068202757841
2026-08-10T03:22:26.250079,miller-moth (Perplexity),emergent,1.7904129793510324,17.85,221,17,1017,4,1,516636,0.9648030721823488,0.7000761851671196,6.424688269112783,unison,0.649068202757841
2026-08-10T03:41:53.493445,miller-moth (Perplexity),emergent,1.7904129793510324,17.85,221,17,1017,4,1,516636,0.9648030721823488,0.7000761851671196,6.424688269112783,unison,0.649068202757841
2026-08-10T03:56:28.424746,miller-moth (Perplexity),emergent,1.7904129793510324,17.85,221,17,1017,4,1,516636,0.9648030721823488,0.7000761851671196,6.424688269112783,unison,0.649068202757841
2026-08-10T04:12:26.208727,miller-moth (Perplexity),emergent,1.7904129793510324,17.85,221,17,1017,4,1,516636,0.9648030721823488,0.7000761851671196,6.424688269112783,unison,0.649068202757841
2026-08-10T04:28:26.336395,miller-moth (Perplexity),emergent,1.7904129793510324,17.85,221,17,1017,4,1,516636,0.9648030721823488,0.7000761851671196,6.424688269112783,unison,0.649068202757841
2026-08-10T04:43:27.150828,miller-moth (Perplexity),emergent,1.7904129793510324,17.85,221,17,1017,4,1,516636,0.9648030721823488,0.7000761851671196,6.424688269112783,unison,0.649068202757841
2026-08-10T04:58:53.583510,miller-moth (Perplexity),emergent,1.7904129793510324,17.85,221,17,1017,4,1,516636,0.9648030721823488,0.7000761851671196,6.424688269112783,unison,0.649068202757841
2026-08-10T05:14:24.821962,miller-moth (Perplexity),emergent,1.7904129793510324,17.85,221,17,1017,4,1,516636,0.9648030721823488,0.7000761851671196,6.424688269112783,unison,0.649068202757841
2026-08-10T05:29:26.180335,miller-moth (Perplexity),emergent,1.7904129793510324,17.85,221,17,1017,4,1,516636,0.9648030721823488,0.7000761851671196,6.424688269112783,unison,0.649068202757841
2026-08-10T05:44:27.066846,miller-moth (Perplexity),emergent,1.7904129793510324,17.85,221,17,1017,4,1,516636,0.9648030721823488,0.7000761851671196,6.424688269112783,unison,0.649068202757841
2026-08-10T06:00:18.131967,miller-moth (Perplexity),emergent,1.7904129793510324,17.85,221,17,1017,4,1,516636,0.9648030721823488,0.7000761851671196,6.424688269112783,unison,0.649068202757841
2026-08-10T06:15:26.134110,miller-moth (Perplexity),emergent,1.7904129793510324,17.85,221,17,1017,4,1,516636,0.9648030721823488,0.7000761851671196,6.424688269112783,unison,0.649068202757841
2026-08-10T06:31:26.459692,miller-moth (Perplexity),emergent,1.7904129793510324,17.85,221,17,1017,4,1,516636,0.9648030721823488,0.7000761851671196,6.424688269112783,unison,0.649068202757841
2026-08-10T06:46:26.192115,miller-moth (Perplexity),emergent,1.7904129793510324,17.85,221,17,1017,4,1,516636,0.9648030721823488,0.7000761851671196,6.424688269112783,unison,0.649068202757841
2026-08-10T09:51:17.024840,miller-moth (Perplexity),emergent,1.7904129793510324,17.85,221,17,1017,4,1,516636,0.9648030721823488,0.7000761851671196,6.424688269112783,unison,0.649068202757841
2026-08-10T10:06:36.231483,miller-moth (Perplexity),emergent,1.7904129793510324,17.85,221,17,1017,4,1,516636,0.9648030721823488,0.7000761851671196,6.424688269112783,unison,0.649068202757841
2026-08-10T10:21:36.452332,miller-moth (Perplexity),emergent,1.7904129793510324,17.85,221,17,1017,4,1,516636,0.9648030721823488,0.7000761851671196,6.424688269112783,unison,0.649068202757841
2026-08-10T10:37:36.382574,miller-moth (Perplexity),emergent,1.7904129793510324,17.85,221,17,1017,4,1,516636,0.9648030721823488,0.7000761851671196,6.424688269112783,unison,0.649068202757841
2026-08-10T10:52:36.269880,miller-moth (Perplexity),emergent,1.7904129793510324,17.85,221,17,1017,4,1,516636,0.9648030721823488,0.7000761851671196,6.424688269112783,unison,0.649068202757841
2026-08-10T11:08:36.465632,miller-moth (Perplexity),emergent,1.7904129793510324,17.85,221,17,1017,4,1,516636,0.9648030721823488,0.7000761851671196,6.424688269112783,unison,0.649068202757841
2026-08-10T11:23:36.252504,miller-moth (Perplexity),emergent,1.7904129793510324,17.85,221,17,1017,4,1,516636,0.9648030721823488,0.7000761851671196,6.424688269112783,unison,0.649068202757841
2026-08-10T11:39:36.428715,miller-moth (Perplexity),emergent,1.7904129793510324,17.85,221,17,1017,4,1,516636,0.9648030721823488,0.7000761851671196,6.424688269112783,unison,0.649068202757841
2026-08-10T11:54:36.420951,miller-moth (Perplexity),emergent,1.7904129793510324,17.85,221,17,1017,4,1,516636,0.9648030721823488,0.7000761851671196,6.424688269112783,unison,0.649068202757841
2026-08-10T12:10:36.275559,miller-moth (Perplexity),emergent,1.7904129793510324,17.85,221,17,1017,4,1,516636,0.9648030721823488,0.7000761851671196,6.424688269112783,unison,0.649068202757841
2026-08-10T12:26:36.647418,miller-moth (Perplexity),emergent,1.7904129793510324,17.85,221,17,1017,4,1,516636,0.9648030721823488,0.7000761851671196,6.424688269112783,unison,0.649068202757841
2026-08-10T12:42:36.323269,miller-moth (Perplexity),emergent,1.7904129793510324,17.85,221,17,1017,4,1,516636,0.9648030721823488,0.7000761851671196,6.424688269112783,unison,0.649068202757841
2026-08-10T12:57:36.637504,miller-moth (Perplexity),emergent,1.7904129793510324,17.85,221,17,1017,4,1,516636,0.9648030721823488,0.7000761851671196,6.424688269112783,unison,0.649068202757841
2026-08-10T13:13:36.333566,miller-moth (Perplexity),emergent,1.7904129793510324,17.85,221,17,1017,4,1,516636,0.9648030721823488,0.7000761851671196,6.424688269112783,unison,0.649068202757841
2026-08-10T13:29:36.536410,miller-moth (Perplexity),emergent,1.7904129793510324,17.85,221,17,1017,4,1,516636,0.9648030721823488,0.7000761851671196,6.424688269112783,unison,0.649068202757841
2026-08-10T13:45:36.390755,miller-moth (Perplexity),emergent,1.7904129793510324,17.85,221,17,1017,4,1,516636,0.9648030721823488,0.7000761851671196,6.424688269112783,unison,0.649068202757841
2026-08-10T14:01:36.239148,miller-moth (Perplexity),emergent,1.7904129793510324,17.85,221,17,1017,4,1,516636,0.9648030721823488,0.7000761851671196,6.424688269112783,unison,0.649068202757841
2026-08-10T14:17:36.773105,miller-moth (Perplexity),emergent,1.7904129793510324,17.85,221,17,1017,4,1,516636,0.9648030721823488,0.7000761851671196,6.424688269112783,unison,0.649068202757841
2026-08-10T14:33:36.608494,miller-moth (Perplexity),emergent,1.7904129793510324,17.85,221,17,1017,4,1,516636,0.9648030721823488,0.7000761851671196,6.424688269112783,unison,0.649068202757841
2026-08-10T14:49:38.360270,miller-moth (Perplexity),emergent,1.7904129793510324,17.85,221,17,1017,4,1,516636,0.9648030721823488,0.7000761851671196,6.424688269112783,unison,0.649068202757841
2026-08-10T15:05:36.399417,miller-moth (Perplexity),emergent,1.7904129793510324,17.85,221,17,1017,4,1,516636,0.9648030721823488,0.7000761851671196,6.424688269112783,unison,0.649068202757841
2026-08-10T15:21:38.134328,miller-moth (Perplexity),emergent,1.7904129793510324,17.85,221,17,1017,4,1,516636,0.9648030721823488,0.7000761851671196,6.424688269112783,unison,0.649068202757841
2026-08-10T15:37:36.439662,miller-moth (Perplexity),emergent,1.7904129793510324,17.85,221,17,1017,4,1,516636,0.9648030721823488,0.7000761851671196,6.424688269112783,unison,0.649068202757841
2026-08-10T15:53:40.402434,miller-moth (Perplexity),emergent,1.7904129793510324,17.85,221,17,1017,4,1,516636,0.9648030721823488,0.7000761851671196,6.424688269112783,unison,0.649068202757841
2026-08-10T21:25:23.212503,miller-moth (Perplexity),emergent,1.7904129793510324,17.85,221,17,1017,4,1,516636,0.9648030721823488,0.7000761851671196,6.424688269112783,unison,0.649068202757841
2026-08-10T21:40:59.060802,miller-moth (Perplexity),emergent,1.7904129793510324,17.85,221,17,1017,4,1,516636,0.9648030721823488,0.7000761851671196,6.424688269112783,unison,0.649068202757841
2026-08-10T21:56:22.849981,miller-moth (Perplexity),emergent,1.7904129793510324,17.85,221,17,1017,4,1,516636,0.9648030721823488,0.7000761851671196,6.424688269112783,unison,0.649068202757841
2026-08-10T22:12:36.551438,miller-moth (Perplexity),emergent,1.7904129793510324,17.85,221,17,1017,4,1,516636,0.9648030721823488,0.7000761851671196,6.424688269112783,unison,0.649068202757841
2026-08-10T22:28:23.224315,miller-moth (Perplexity),emergent,1.7904129793510324,17.85,221,17,1017,4,1,516636,0.9648030721823488,0.7000761851671196,6.424688269112783,unison,0.649068202757841
2026-08-10T22:44:22.727149,miller-moth (Perplexity),emergent,1.7904129793510324,17.85,221,17,1017,4,1,516636,0.9648030721823488,0.7000761851671196,6.424688269112783,unison,0.649068202757841
2026-08-10T23:00:10.721137,miller-moth (Perplexity),emergent,1.7904129793510324,17.85,221,17,1017,4,1,516636,0.9648030721823488,0.7000761851671196,6.424688269112783,unison,0.649068202757841
2026-08-10T23:15:22.782648,miller-moth (Perplexity),emergent,1.7904129793510324,17.85,221,17,1017,4,1,516636,0.9648030721823488,0.7000761851671196,6.424688269112783,unison,0.649068202757841
2026-08-10T23:31:23.281296,miller-moth (Perplexity),emergent,1.7904129793510324,17.85,221,17,1017,4,1,516636,0.9648030721823488,0.7000761851671196,6.424688269112783,unison,0.649068202757841
2026-08-10T23:47:23.847383,miller-moth (Perplexity),emergent,1.7904129793510324,17.85,221,17,1017,4,1,516636,0.9648030721823488,0.7000761851671196,6.424688269112783,unison,0.649068202757841
2026-08-11T00:03:22.776287,miller-moth (Perplexity),emergent,1.7904129793510324,17.85,221,17,1017,4,1,516636,0.9648030721823488,0.7000761851671196,6.424688269112783,unison,0.649068202757841
2026-08-11T00:19:22.789071,miller-moth (Perplexity),emergent,1.7904129793510324,17.85,221,17,1017,4,1,516636,0.9648030721823488,0.7000761851671196,6.424688269112783,unison,0.649068202757841
2026-08-11T00:35:23.159042,miller-moth (Perplexity),emergent,1.7904129793510324,17.85,221,17,1017,4,1,516636,0.9648030721823488,0.7000761851671196,6.424688269112783,unison,0.649068202757841
2026-08-11T00:51:23.901346,miller-moth (Perplexity),emergent,1.7904129793510324,17.85,221,17,1017,4,1,516636,0.9648030721823488,0.7000761851671196,6.424688269112783,unison,0.649068202757841
2026-08-11T01:07:23.240557,miller-moth (Perplexity),emergent,1.7904129793510324,17.85,221,17,1017,4,1,516636,0.9648030721823488,0.7000761851671196,6.424688269112783,unison,0.649068202757841
2026-08-11T01:23:24.662632,miller-moth (Perplexity),emergent,1.7904129793510324,17.85,221,17,1017,4,1,516636,0.9648030721823488,0.7000761851671196,6.424688269112783,unison,0.649068202757841
2026-08-11T01:39:27.684115,miller-moth (Perplexity),emergent,1.7904129793510324,17.85,221,17,1017,4,1,516636,0.9648030721823488,0.7000761851671196,6.424688269112783,unison,0.649068202757841
2026-08-11T01:55:23.179309,miller-moth (Perplexity),emergent,1.7904129793510324,17.85,221,17,1017,4,1,516636,0.9648030721823488,0.7000761851671196,6.424688269112783,unison,0.649068202757841
2026-08-11T02:38:50.905198,miller-moth (Perplexity),emergent,1.7904129793510324,17.85,221,17,1017,4,1,516636,0.9648030721823488,0.7000761851671196,6.424688269112783,unison,0.649068202757841
2026-08-11T02:54:51.641351,miller-moth (Perplexity),emergent,1.7904129793510324,17.85,221,17,1017,4,1,516636,0.9648030721823488,0.7000761851671196,6.424688269112783,unison,0.649068202757841
2026-08-11T11:05:03.318429,miller-moth (Perplexity),emergent,1.7904129793510324,17.85,221,17,1017,4,1,516636,0.9648030721823488,0.7000761851671196,6.424688269112783,unison,0.649068202757841
2026-08-11T11:20:46.523616,miller-moth (Perplexity),emergent,1.7904129793510324,17.85,221,17,1017,4,1,516636,0.9648030721823488,0.7000761851671196,6.424688269112783,unison,0.649068202757841
2026-08-11T11:35:46.629358,miller-moth (Perplexity),emergent,1.7904129793510324,17.85,221,17,1017,4,1,516636,0.9648030721823488,0.7000761851671196,6.424688269112783,unison,0.649068202757841
2026-08-11T11:51:47.060777,miller-moth (Perplexity),emergent,1.7904129793510324,17.85,221,17,1017,4,1,516636,0.9648030721823488,0.7000761851671196,6.424688269112783,unison,0.649068202757841
2026-08-11T12:06:46.568191,miller-moth (Perplexity),emergent,1.7904129793510324,17.85,221,17,1017,4,1,516636,0.9648030721823488,0.7000761851671196,6.424688269112783,unison,0.649068202757841
2026-08-11T12:22:46.887412,miller-moth (Perplexity),emergent,1.7904129793510324,17.85,221,17,1017,4,1,516636,0.9648030721823488,0.7000761851671196,6.424688269112783,unison,0.649068202757841
2026-08-11T12:37:47.815715,miller-moth (Perplexity),emergent,1.7904129793510324,17.85,221,17,1017,4,1,516636,0.9648030721823488,0.7000761851671196,6.424688269112783,unison,0.649068202757841
2026-08-11T12:53:49.053885,miller-moth (Perplexity),emergent,1.7904129793510324,17.85,221,17,1017,4,1,516636,0.9648030721823488,0.7000761851671196,6.424688269112783,unison,0.649068202757841
2026-08-11T13:08:46.695196,miller-moth (Perplexity),emergent,1.7904129793510324,17.85,221,17,1017,4,1,516636,0.9648030721823488,0.7000761851671196,6.424688269112783,unison,0.649068202757841
2026-08-11T13:24:46.524327,miller-moth (Perplexity),emergent,1.7904129793510324,17.85,221,17,1017,4,1,516636,0.9648030721823488,0.7000761851671196,6.424688269112783,unison,0.649068202757841
2026-08-11T13:39:46.482598,miller-moth (Perplexity),emergent,1.7904129793510324,17.85,221,17,1017,4,1,516636,0.9648030721823488,0.7000761851671196,6.424688269112783,unison,0.649068202757841
2026-08-11T13:55:46.699697,miller-moth (Perplexity),emergent,1.7904129793510324,17.85,221,17,1017,4,1,516636,0.9648030721823488,0.7000761851671196,6.424688269112783,unison,0.649068202757841
2026-08-11T14:11:47.025008,miller-moth (Perplexity),emergent,1.7904129793510324,17.85,221,17,1017,4,1,516636,0.9648030721823488,0.7000761851671196,6.424688269112783,unison,0.649068202757841
2026-08-11T14:27:46.680572,miller-moth (Perplexity),emergent,1.7904129793510324,17.85,221,17,1017,4,1,516636,0.9648030721823488,0.7000761851671196,6.424688269112783,unison,0.649068202757841
2026-08-11T14:43:48.083015,miller-moth (Perplexity),emergent,1.7904129793510324,17.85,221,17,1017,4,1,516636,0.9648030721823488,0.7000761851671196,6.424688269112783,unison,0.649068202757841
2026-08-11T14:59:46.503675,miller-moth (Perplexity),emergent,1.7904129793510324,17.85,221,17,1017,4,1,516636,0.9648030721823488,0.7000761851671196,6.424688269112783,unison,0.649068202757841
2026-08-11T15:15:47.636681,miller-moth (Perplexity),emergent,1.7904129793510324,17.85,221,17,1017,4,1,516636,0.9648030721823488,0.7000761851671196,6.424688269112783,unison,0.649068202757841
2026-08-11T15:31:47.138752,miller-moth (Perplexity),emergent,1.7904129793510324,17.85,221,17,1017,4,1,516636,0.9648030721823488,0.7000761851671196,6.424688269112783,unison,0.649068202757841
2026-08-11T15:47:46.831263,miller-moth (Perplexity),emergent,1.7904129793510324,17.85,221,17,1017,4,1,516636,0.9648030721823488,0.7000761851671196,6.424688269112783,unison,0.649068202757841
2026-08-11T16:03:46.785428,miller-moth (Perplexity),emergent,1.7904129793510324,17.85,221,17,1017,4,1,516636,0.9648030721823488,0.7000761851671196,6.424688269112783,unison,0.649068202757841
2026-08-11T16:19:46.762043,miller-moth (Perplexity),emergent,1.7904129793510324,17.85,221,17,1017,4,1,516636,0.9648030721823488,0.7000761851671196,6.424688269112783,unison,0.649068202757841
2026-08-11T16:35:48.107083,miller-moth (Perplexity),emergent,1.7904129793510324,17.85,221,17,1017,4,1,516636,0.9648030721823488,0.7000761851671196,6.424688269112783,unison,0.649068202757841
2026-08-11T16:51:46.634917,miller-moth (Perplexity),emergent,1.7904129793510324,17.85,221,17,1017,4,1,516636,0.9648030721823488,0.7000761851671196,6.424688269112783,unison,0.649068202757841
2026-08-11T17:07:46.467484,miller-moth (Perplexity),emergent,1.7904129793510324,17.85,221,17,1017,4,1,516636,0.9648030721823488,0.7000761851671196,6.424688269112783,unison,0.649068202757841
2026-08-11T17:23:49.346535,miller-moth (Perplexity),emergent,1.7904129793510324,17.85,221,17,1017,4,1,516636,0.9648030721823488,0.7000761851671196,6.424688269112783,unison,0.649068202757841
2026-08-11T17:39:46.885671,miller-moth (Perplexity),emergent,1.7904129793510324,17.85,221,17,1017,4,1,516636,0.9648030721823488,0.7000761851671196,6.424688269112783,unison,0.649068202757841
2026-08-11T17:55:48.686332,miller-moth (Perplexity),emergent,1.7904129793510324,17.85,221,17,1017,4,1,516636,0.9648030721823488,0.7000761851671196,6.424688269112783,unison,0.649068202757841
2026-08-11T18:11:32.416317,miller-moth (Perplexity),emergent,1.7904129793510324,17.85,221,17,1017,4,1,516636,0.9648030721823488,0.7000761851671196,6.424688269112783,unison,0.649068202757841
2026-08-11T18:26:47.589849,miller-moth (Perplexity),emergent,1.7904129793510324,17.85,221,17,1017,4,1,516636,0.9648030721823488,0.7000761851671196,6.424688269112783,unison,0.649068202757841
2026-08-11T18:42:22.555936,miller-moth (Perplexity),emergent,1.7904129793510324,17.85,221,17,1017,4,1,516636,0.9648030721823488,0.7000761851671196,6.424688269112783,unison,0.649068202757841
2026-08-11T18:57:47.572715,miller-moth (Perplexity),emergent,1.7904129793510324,17.85,221,17,1017,4,1,516636,0.9648030721823488,0.7000761851671196,6.424688269112783,unison,0.649068202757841
2026-08-11T19:13:05.889101,miller-moth (Perplexity),emergent,1.7904129793510324,17.85,221,17,1017,4,1,516636,0.9648030721823488,0.7000761851671196,6.424688269112783,unison,0.649068202757841
2026-08-11T19:28:30.386676,miller-moth (Perplexity),emergent,1.7904129793510324,17.85,221,17,1017,4,1,516636,0.9648030721823488,0.7000761851671196,6.424688269112783,unison,0.649068202757841
2026-08-11T19:43:46.481934,miller-moth (Perplexity),emergent,1.7904129793510324,17.85,221,17,1017,4,1,516636,0.9648030721823488,0.7000761851671196,6.424688269112783,unison,0.649068202757841
2026-08-11T19:59:46.529976,miller-moth (Perplexity),emergent,1.7904129793510324,17.85,221,17,1017,4,1,516636,0.9648030721823488,0.7000761851671196,6.424688269112783,unison,0.649068202757841
2026-08-11T20:15:46.385830,miller-moth (Perplexity),emergent,1.7904129793510324,17.85,221,17,1017,4,1,516636,0.9648030721823488,0.7000761851671196,6.424688269112783,unison,0.649068202757841
2026-08-11T20:31:46.511608,miller-moth (Perplexity),emergent,1.7904129793510324,17.85,221,17,1017,4,1,516636,0.9648030721823488,0.7000761851671196,6.424688269112783,unison,0.649068202757841
2026-08-11T20:47:11.899367,miller-moth (Perplexity),emergent,1.7904129793510324,17.85,221,17,1017,4,1,516636,0.9648030721823488,0.7000761851671196,6.424688269112783,unison,0.649068202757841
2026-08-11T21:02:46.485353,miller-moth (Perplexity),emergent,1.7904129793510324,17.85,221,17,1017,4,1,516636,0.9648030721823488,0.7000761851671196,6.424688269112783,unison,0.649068202757841
2026-08-11T21:17:46.728691,miller-moth (Perplexity),emergent,1.7904129793510324,17.85,221,17,1017,4,1,516636,0.9648030721823488,0.7000761851671196,6.424688269112783,unison,0.649068202757841
2026-08-11T21:33:46.924457,miller-moth (Perplexity),emergent,1.7904129793510324,17.85,221,17,1017,4,1,516636,0.9648030721823488,0.7000761851671196,6.424688269112783,unison,0.649068202757841
2026-08-11T21:49:46.363679,miller-moth (Perplexity),emergent,1.7904129793510324,17.85,221,17,1017,4,1,516636,0.9648030721823488,0.7000761851671196,6.424688269112783,unison,0.649068202757841
2026-08-11T22:05:46.369809,miller-moth (Perplexity),emergent,1.7904129793510324,17.85,221,17,1017,4,1,516636,0.9648030721823488,0.7000761851671196,6.424688269112783,unison,0.649068202757841
2026-08-11T22:20:47.437935,miller-moth (Perplexity),emergent,1.7904129793510324,17.85,221,17,1017,4,1,516636,0.9648030721823488,0.7000761851671196,6.424688269112783,unison,0.649068202757841
2026-08-11T22:36:47.522278,miller-moth (Perplexity),emergent,1.7904129793510324,17.85,221,17,1017,4,1,516636,0.9648030721823488,0.7000761851671196,6.424688269112783,unison,0.649068202757841
2026-08-11T22:52:46.719941,miller-moth (Perplexity),emergent,1.7904129793510324,17.85,221,17,1017,4,1,516636,0.9648030721823488,0.7000761851671196,6.424688269112783,unison,0.649068202757841
2026-08-11T23:08:46.429650,miller-moth (Perplexity),emergent,1.7904129793510324,17.85,221,17,1017,4,1,516636,0.9648030721823488,0.7000761851671196,6.424688269112783,unison,0.649068202757841
2026-08-11T23:23:54.473953,miller-moth (Perplexity),emergent,1.7904129793510324,17.85,221,17,1017,4,1,516636,0.9648030721823488,0.7000761851671196,6.424688269112783,unison,0.649068202757841
2026-08-11T23:39:47.018897,miller-moth (Perplexity),emergent,1.7904129793510324,17.85,221,17,1017,4,1,516636,0.9648030721823488,0.7000761851671196,6.424688269112783,unison,0.649068202757841
2026-08-11T23:55:46.955044,miller-moth (Perplexity),emergent,1.7904129793510324,17.85,221,17,1017,4,1,516636,0.9648030721823488,0.7000761851671196,6.424688269112783,unison,0.649068202757841
2026-08-12T00:11:46.665390,miller-moth (Perplexity),emergent,1.7904129793510324,17.85,221,17,1017,4,1,516636,0.9648030721823488,0.7000761851671196,6.424688269112783,unison,0.649068202757841
2026-08-12T00:27:22.569208,miller-moth (Perplexity),emergent,1.7904129793510324,17.85,221,17,1017,4,1,516636,0.9648030721823488,0.7000761851671196,6.424688269112783,unison,0.649068202757841
2026-08-12T00:42:46.396379,miller-moth (Perplexity),emergent,1.7904129793510324,17.85,221,17,1017,4,1,516636,0.9648030721823488,0.7000761851671196,6.424688269112783,unison,0.649068202757841
2026-08-12T00:58:48.137011,miller-moth (Perplexity),emergent,1.7904129793510324,17.85,221,17,1017,4,1,516636,0.9648030721823488,0.7000761851671196,6.424688269112783,unison,0.649068202757841
2026-08-12T01:14:47.603322,miller-moth (Perplexity),emergent,1.7904129793510324,17.85,221,17,1017,4,1,516636,0.9648030721823488,0.7000761851671196,6.424688269112783,unison,0.649068202757841
2026-08-12T01:30:46.376675,miller-moth (Perplexity),emergent,1.7904129793510324,17.85,221,17,1017,4,1,516636,0.9648030721823488,0.7000761851671196,6.424688269112783,unison,0.649068202757841
2026-08-12T01:46:46.343935,miller-moth (Perplexity),emergent,1.7904129793510324,17.85,221,17,1017,4,1,516636,0.9648030721823488,0.7000761851671196,6.424688269112783,unison,0.649068202757841
2026-08-12T02:02:46.347985,miller-moth (Perplexity),emergent,1.7904129793510324,17.85,221,17,1017,4,1,516636,0.9648030721823488,0.7000761851671196,6.424688269112783,unison,0.649068202757841
2026-08-12T02:18:46.624410,miller-moth (Perplexity),emergent,1.7904129793510324,17.85,221,17,1017,4,1,516636,0.9648030721823488,0.7000761851671196,6.424688269112783,unison,0.649068202757841
2026-08-12T02:34:48.637616,miller-moth (Perplexity),emergent,1.7904129793510324,17.85,221,17,1017,4,1,516636,0.9648030721823488,0.7000761851671196,6.424688269112783,unison,0.649068202757841
2026-08-12T02:50:46.387447,miller-moth (Perplexity),emergent,1.7904129793510324,17.85,221,17,1017,4,1,516636,0.9648030721823488,0.7000761851671196,6.424688269112783,unison,0.649068202757841
2026-08-12T03:06:46.352954,miller-moth (Perplexity),emergent,1.7904129793510324,17.85,221,17,1017,4,1,516636,0.9648030721823488,0.7000761851671196,6.424688269112783,unison,0.649068202757841
2026-08-12T03:21:46.979648,miller-moth (Perplexity),emergent,1.7904129793510324,17.85,221,17,1017,4,1,516636,0.9648030721823488,0.7000761851671196,6.424688269112783,unison,0.649068202757841
2026-08-12T03:37:24.895999,miller-moth (Perplexity),emergent,1.7904129793510324,17.85,221,17,1017,4,1,516636,0.9648030721823488,0.7000761851671196,6.424688269112783,unison,0.649068202757841
2026-08-12T03:52:47.397173,miller-moth (Perplexity),emergent,1.7904129793510324,17.85,221,17,1017,4,1,516636,0.9648030721823488,0.7000761851671196,6.424688269112783,unison,0.649068202757841
2026-08-12T04:08:46.610689,miller-moth (Perplexity),emergent,1.7904129793510324,17.85,221,17,1017,4,1,516636,0.9648030721823488,0.7000761851671196,6.424688269112783,unison,0.649068202757841
2026-08-12T04:23:46.939948,miller-moth (Perplexity),emergent,1.7904129793510324,17.85,221,17,1017,4,1,516636,0.9648030721823488,0.7000761851671196,6.424688269112783,unison,0.649068202757841
2026-08-12T04:39:46.808726,miller-moth (Perplexity),emergent,1.7904129793510324,17.85,221,17,1017,4,1,516636,0.9648030721823488,0.7000761851671196,6.424688269112783,unison,0.649068202757841
2026-08-12T04:55:46.534015,miller-moth (Perplexity),emergent,1.7904129793510324,17.85,221,17,1017,4,1,516636,0.9648030721823488,0.7000761851671196,6.424688269112783,unison,0.649068202757841
2026-08-12T05:11:46.592184,miller-moth (Perplexity),emergent,1.7904129793510324,17.85,221,17,1017,4,1,516636,0.9648030721823488,0.7000761851671196,6.424688269112783,unison,0.649068202757841
2026-08-12T05:26:46.774708,miller-moth (Perplexity),emergent,1.7904129793510324,17.85,221,17,1017,4,1,516636,0.9648030721823488,0.7000761851671196,6.424688269112783,unison,0.649068202757841
2026-08-12T05:42:48.104488,miller-moth (Perplexity),emergent,1.7904129793510324,17.85,221,17,1017,4,1,516636,0.9648030721823488,0.7000761851671196,6.424688269112783,unison,0.649068202757841
2026-08-12T05:58:47.797677,miller-moth (Perplexity),emergent,1.7904129793510324,17.85,221,17,1017,4,1,516636,0.9648030721823488,0.7000761851671196,6.424688269112783,unison,0.649068202757841
2026-08-12T06:14:47.169641,miller-moth (Perplexity),emergent,1.7904129793510324,17.85,221,17,1017,4,1,516636,0.9648030721823488,0.7000761851671196,6.424688269112783,unison,0.649068202757841
2026-08-12T06:30:19.139164,miller-moth (Perplexity),emergent,1.7904129793510324,17.85,221,17,1017,4,1,516636,0.9648030721823488,0.7000761851671196,6.424688269112783,unison,0.649068202757841
2026-08-12T06:45:47.851664,miller-moth (Perplexity),emergent,1.7904129793510324,17.85,221,17,1017,4,1,516636,0.9648030721823488,0.7000761851671196,6.424688269112783,unison,0.649068202757841
2026-08-12T07:01:46.399637,miller-moth (Perplexity),emergent,1.7904129793510324,17.85,221,17,1017,4,1,516636,0.9648030721823488,0.7000761851671196,6.424688269112783,unison,0.649068202757841
2026-08-12T07:17:46.613022,miller-moth (Perplexity),emergent,1.7904129793510324,17.85,221,17,1017,4,1,516636,0.9648030721823488,0.7000761851671196,6.424688269112783,unison,0.649068202757841
2026-08-12T07:33:46.493511,miller-moth (Perplexity),emergent,1.7904129793510324,17.85,221,17,1017,4,1,516636,0.9648030721823488,0.7000761851671196,6.424688269112783,unison,0.649068202757841
2026-08-12T07:49:46.408775,miller-moth (Perplexity),emergent,1.7904129793510324,17.85,221,17,1017,4,1,516636,0.9648030721823488,0.7000761851671196,6.424688269112783,unison,0.649068202757841
2026-08-12T08:05:47.830424,miller-moth (Perplexity),emergent,1.7904129793510324,17.85,221,17,1017,4,1,516636,0.9648030721823488,0.7000761851671196,6.424688269112783,unison,0.649068202757841
2026-08-12T08:21:51.457239,miller-moth (Perplexity),emergent,1.7904129793510324,17.85,221,17,1017,4,1,516636,0.9648030721823488,0.7000761851671196,6.424688269112783,unison,0.649068202757841
2026-08-12T08:37:47.593703,miller-moth (Perplexity),emergent,1.7904129793510324,17.85,221,17,1017,4,1,516636,0.9648030721823488,0.7000761851671196,6.424688269112783,unison,0.649068202757841
2026-08-12T08:53:46.459604,miller-moth (Perplexity),emergent,1.7904129793510324,17.85,221,17,1017,4,1,516636,0.9648030721823488,0.7000761851671196,6.424688269112783,unison,0.649068202757841
2026-08-12T09:09:49.590833,miller-moth (Perplexity),emergent,1.7904129793510324,17.85,221,17,1017,4,1,516636,0.9648030721823488,0.7000761851671196,6.424688269112783,unison,0.649068202757841
2026-08-12T09:25:46.981469,miller-moth (Perplexity),emergent,1.7904129793510324,17.85,221,17,1017,4,1,516636,0.9648030721823488,0.7000761851671196,6.424688269112783,unison,0.649068202757841
2026-08-12T09:41:47.202002,miller-moth (Perplexity),emergent,1.7904129793510324,17.85,221,17,1017,4,1,516636,0.9648030721823488,0.7000761851671196,6.424688269112783,unison,0.649068202757841
2026-08-12T09:57:46.813039,miller-moth (Perplexity),emergent,1.7904129793510324,17.85,221,17,1017,4,1,516636,0.9648030721823488,0.7000761851671196,6.424688269112783,unison,0.649068202757841
2026-08-12T10:13:46.765220,miller-moth (Perplexity),emergent,1.7904129793510324,17.85,221,17,1017,4,1,516636,0.9648030721823488,0.7000761851671196,6.424688269112783,unison,0.649068202757841
2026-08-12T10:28:47.306968,miller-moth (Perplexity),emergent,1.7904129793510324,17.85,221,17,1017,4,1,516636,0.9648030721823488,0.7000761851671196,6.424688269112783,unison,0.649068202757841
2026-08-12T10:44:49.703084,miller-moth (Perplexity),emergent,1.7904129793510324,17.85,221,17,1017,4,1,516636,0.9648030721823488,0.7000761851671196,6.424688269112783,unison,0.649068202757841
2026-08-12T11:00:21.502489,miller-moth (Perplexity),emergent,1.7904129793510324,17.85,221,17,1017,4,1,516636,0.9648030721823488,0.7000761851671196,6.424688269112783,unison,0.649068202757841
2026-08-12T11:15:46.577580,miller-moth (Perplexity),emergent,1.7904129793510324,17.85,221,17,1017,4,1,516636,0.9648030721823488,0.7000761851671196,6.424688269112783,unison,0.649068202757841
2026-08-12T11:30:47.318244,miller-moth (Perplexity),emergent,1.7904129793510324,17.85,221,17,1017,4,1,516636,0.9648030721823488,0.7000761851671196,6.424688269112783,unison,0.649068202757841
2026-08-12T13:06:48.136154,miller-moth (Perplexity),emergent,1.7904129793510324,17.85,221,17,1017,4,1,516636,0.9648030721823488,0.7000761851671196,6.424688269112783,unison,0.649068202757841
2026-08-12T13:21:51.033477,miller-moth (Perplexity),emergent,1.7904129793510324,17.85,221,17,1017,4,1,516636,0.9648030721823488,0.7000761851671196,6.424688269112783,unison,0.649068202757841
2026-08-12T13:36:50.130380,miller-moth (Perplexity),emergent,1.7904129793510324,17.85,221,17,1017,4,1,516636,0.9648030721823488,0.7000761851671196,6.424688269112783,unison,0.649068202757841
2026-08-12T13:52:51.881055,miller-moth (Perplexity),emergent,1.7904129793510324,17.85,221,17,1017,4,1,516636,0.9648030721823488,0.7000761851671196,6.424688269112783,unison,0.649068202757841
2026-08-12T14:07:50.440395,miller-moth (Perplexity),emergent,1.7904129793510324,17.85,221,17,1017,4,1,516636,0.9648030721823488,0.7000761851671196,6.424688269112783,unison,0.649068202757841
2026-08-12T14:23:50.384796,miller-moth (Perplexity),emergent,1.7904129793510324,17.85,221,17,1017,4,1,516636,0.9648030721823488,0.7000761851671196,6.424688269112783,unison,0.649068202757841
2026-08-12T14:38:50.136849,miller-moth (Perplexity),emergent,1.7904129793510324,17.85,221,17,1017,4,1,516636,0.9648030721823488,0.7000761851671196,6.424688269112783,unison,0.649068202757841
2026-08-12T14:54:50.752831,miller-moth (Perplexity),emergent,1.7904129793510324,17.85,221,17,1017,4,1,516636,0.9648030721823488,0.7000761851671196,6.424688269112783,unison,0.649068202757841
2026-08-12T15:10:50.499204,miller-moth (Perplexity),emergent,1.7904129793510324,17.85,221,17,1017,4,1,516636,0.9648030721823488,0.7000761851671196,6.424688269112783,unison,0.649068202757841
2026-08-12T15:26:53.269098,miller-moth (Perplexity),emergent,1.7904129793510324,17.85,221,17,1017,4,1,516636,0.9648030721823488,0.7000761851671196,6.424688269112783,unison,0.649068202757841
2026-08-12T15:42:50.024354,miller-moth (Perplexity),emergent,1.7904129793510324,17.85,221,17,1017,4,1,516636,0.9648030721823488,0.7000761851671196,6.424688269112783,unison,0.649068202757841
2026-08-12T15:58:49.860684,miller-moth (Perplexity),emergent,1.7904129793510324,17.85,221,17,1017,4,1,516636,0.9648030721823488,0.7000761851671196,6.424688269112783,unison,0.649068202757841
2026-08-12T16:14:49.678114,miller-moth (Perplexity),emergent,1.7904129793510324,17.85,221,17,1017,4,1,516636,0.9648030721823488,0.7000761851671196,6.424688269112783,unison,0.649068202757841
2026-08-12T16:30:49.922145,miller-moth (Perplexity),emergent,1.7904129793510324,17.85,221,17,1017,4,1,516636,0.9648030721823488,0.7000761851671196,6.424688269112783,unison,0.649068202757841
2026-08-12T16:46:50.284194,miller-moth (Perplexity),emergent,1.7904129793510324,17.85,221,17,1017,4,1,516636,0.9648030721823488,0.7000761851671196,6.424688269112783,unison,0.649068202757841
2026-08-12T17:02:50.089051,miller-moth (Perplexity),emergent,1.7904129793510324,17.85,221,17,1017,4,1,516636,0.9648030721823488,0.7000761851671196,6.424688269112783,unison,0.649068202757841
2026-08-12T17:18:53.240569,miller-moth (Perplexity),emergent,1.7904129793510324,17.85,221,17,1017,4,1,516636,0.9648030721823488,0.7000761851671196,6.424688269112783,unison,0.649068202757841
2026-08-12T17:34:49.980850,miller-moth (Perplexity),emergent,1.7904129793510324,17.85,221,17,1017,4,1,516636,0.9648030721823488,0.7000761851671196,6.424688269112783,unison,0.649068202757841
2026-08-12T17:50:51.056155,miller-moth (Perplexity),emergent,1.7904129793510324,17.85,221,17,1017,4,1,516636,0.9648030721823488,0.7000761851671196,6.424688269112783,unison,0.649068202757841
2026-08-12T18:06:51.341503,miller-moth (Perplexity),emergent,1.7904129793510324,17.85,221,17,1017,4,1,516636,0.9648030721823488,0.7000761851671196,6.424688269112783,unison,0.649068202757841
2026-08-12T18:22:49.904440,miller-moth (Perplexity),emergent,1.7904129793510324,17.85,221,17,1017,4,1,516636,0.9648030721823488,0.7000761851671196,6.424688269112783,unison,0.649068202757841
2026-08-12T18:38:51.503662,miller-moth (Perplexity),emergent,1.7904129793510324,17.85,221,17,1017,4,1,516636,0.9648030721823488,0.7000761851671196,6.424688269112783,unison,0.649068202757841
2026-08-12T18:54:49.920601,miller-moth (Perplexity),emergent,1.7904129793510324,17.85,221,17,1017,4,1,516636,0.9648030721823488,0.7000761851671196,6.424688269112783,unison,0.649068202757841
2026-08-12T19:10:49.717426,miller-moth (Perplexity),emergent,1.7904129793510324,17.85,221,17,1017,4,1,516636,0.9648030721823488,0.7000761851671196,6.424688269112783,unison,0.649068202757841
2026-08-12T19:26:50.077177,miller-moth (Perplexity),emergent,1.7904129793510324,17.85,221,17,1017,4,1,516636,0.9648030721823488,0.7000761851671196,6.424688269112783,unison,0.649068202757841
2026-08-12T19:42:49.920168,miller-moth (Perplexity),emergent,1.7904129793510324,17.85,221,17,1017,4,1,516636,0.9648030721823488,0.7000761851671196,6.424688269112783,unison,0.649068202757841
2026-08-12T19:58:50.127345,miller-moth (Perplexity),emergent,1.7904129793510324,17.85,221,17,1017,4,1,516636,0.9648030721823488,0.7000761851671196,6.424688269112783,unison,0.649068202757841
2026-08-12T20:14:50.261170,miller-moth (Perplexity),emergent,1.7904129793510324,17.85,221,17,1017,4,1,516636,0.9648030721823488,0.7000761851671196,6.424688269112783,unison,0.649068202757841
2026-08-12T20:30:50.112497,miller-moth (Perplexity),emergent,1.7904129793510324,17.85,221,17,1017,4,1,516636,0.9648030721823488,0.7000761851671196,6.424688269112783,unison,0.649068202757841
2026-08-13T15:19:25.830475,miller-moth (Perplexity),emergent,1.7904129793510324,17.85,221,17,1017,4,1,516636,0.9648030721823488,0.7000761851671196,6.424688269112783,unison,0.649068202757841
2026-08-13T15:34:30.758491,miller-moth (Perplexity),emergent,1.7904129793510324,17.85,221,17,1017,4,1,516636,0.9648030721823488,0.7000761851671196,6.424688269112783,unison,0.649068202757841
2026-08-13T15:50:25.129464,miller-moth (Perplexity),emergent,1.7904129793510324,17.85,221,17,1017,4,1,516636,0.9648030721823488,0.7000761851671196,6.424688269112783,unison,0.649068202757841
2026-08-13T16:06:25.354535,miller-moth (Perplexity),emergent,1.7904129793510324,17.85,221,17,1017,4,1,516636,0.9648030721823488,0.7000761851671196,6.424688269112783,unison,0.649068202757841
2026-08-13T16:21:25.110974,miller-moth (Perplexity),emergent,1.7904129793510324,17.85,221,17,1017,4,1,516636,0.9648030721823488,0.7000761851671196,6.424688269112783,unison,0.649068202757841
2026-08-13T16:37:25.320099,miller-moth (Perplexity),emergent,1.7904129793510324,17.85,221,17,1017,4,1,516636,0.9648030721823488,0.7000761851671196,6.424688269112783,unison,0.649068202757841
2026-08-13T16:52:25.329346,miller-moth (Perplexity),emergent,1.7904129793510324,17.85,221,17,1017,4,1,516636,0.9648030721823488,0.7000761851671196,6.424688269112783,unison,0.649068202757841
2026-08-13T17:07:49.770566,miller-moth (Perplexity),emergent,1.7904129793510324,17.85,221,17,1017,4,1,516636,0.9648030721823488,0.7000761851671196,6.424688269112783,unison,0.649068202757841
2026-08-13T17:23:25.154108,miller-moth (Perplexity),emergent,1.7904129793510324,17.85,221,17,1017,4,1,516636,0.9648030721823488,0.7000761851671196,6.424688269112783,unison,0.649068202757841
2026-08-13T17:39:25.188601,miller-moth (Perplexity),emergent,1.7904129793510324,17.85,221,17,1017,4,1,516636,0.9648030721823488,0.7000761851671196,6.424688269112783,unison,0.649068202757841
2026-08-13T17:54:25.585370,miller-moth (Perplexity),emergent,1.7904129793510324,17.85,221,17,1017,4,1,516636,0.9648030721823488,0.7000761851671196,6.424688269112783,unison,0.649068202757841
2026-08-13T18:10:25.117377,miller-moth (Perplexity),emergent,1.7904129793510324,17.85,221,17,1017,4,1,516636,0.9648030721823488,0.7000761851671196,6.424688269112783,unison,0.649068202757841
2026-08-13T18:26:25.193769,miller-moth (Perplexity),emergent,1.7904129793510324,17.85,221,17,1017,4,1,516636,0.9648030721823488,0.7000761851671196,6.424688269112783,unison,0.649068202757841
2026-08-13T18:42:25.372333,miller-moth (Perplexity),emergent,1.7904129793510324,17.85,221,17,1017,4,1,516636,0.9648030721823488,0.7000761851671196,6.424688269112783,unison,0.649068202757841
2026-08-13T18:58:25.129100,miller-moth (Perplexity),emergent,1.7904129793510324,17.85,221,17,1017,4,1,516636,0.9648030721823488,0.7000761851671196,6.424688269112783,unison,0.649068202757841
2026-08-13T19:14:25.148657,miller-moth (Perplexity),emergent,1.7904129793510324,17.85,221,17,1017,4,1,516636,0.9648030721823488,0.7000761851671196,6.424688269112783,unison,0.649068202757841
2026-08-13T19:30:24.999058,miller-moth (Perplexity),emergent,1.7904129793510324,17.85,221,17,1017,4,1,516636,0.9648030721823488,0.7000761851671196,6.424688269112783,unison,0.649068202757841
2026-08-13T19:46:26.917573,miller-moth (Perplexity),emergent,1.7904129793510324,17.85,221,17,1017,4,1,516636,0.9648030721823488,0.7000761851671196,6.424688269112783,unison,0.649068202757841
2026-08-13T20:02:24.970291,miller-moth (Perplexity),emergent,1.7904129793510324,17.85,221,17,1017,4,1,516636,0.9648030721823488,0.7000761851671196,6.424688269112783,unison,0.649068202757841
2026-08-13T20:18:24.993647,miller-moth (Perplexity),emergent,1.7904129793510324,17.85,221,17,1017,4,1,516636,0.9648030721823488,0.7000761851671196,6.424688269112783,unison,0.649068202757841
2026-08-13T20:34:25.350125,miller-moth (Perplexity),emergent,1.7904129793510324,17.85,221,17,1017,4,1,516636,0.9648030721823488,0.7000761851671196,6.424688269112783,unison,0.649068202757841
2026-08-13T20:50:26.971008,miller-moth (Perplexity),emergent,1.7904129793510324,17.85,221,17,1017,4,1,516636,0.9648030721823488,0.7000761851671196,6.424688269112783,unison,0.649068202757841
2026-08-13T21:06:25.083451,miller-moth (Perplexity),emergent,1.7904129793510324,17.85,221,17,1017,4,1,516636,0.9648030721823488,0.7000761851671196,6.424688269112783,unison,0.649068202757841
2026-08-13T21:22:25.737325,miller-moth (Perplexity),emergent,1.7904129793510324,17.85,221,17,1017,4,1,516636,0.9648030721823488,0.7000761851671196,6.424688269112783,unison,0.649068202757841
2026-08-13T21:38:24.937145,miller-moth (Perplexity),emergent,1.7904129793510324,17.85,221,17,1017,4,1,516636,0.9648030721823488,0.7000761851671196,6.424688269112783,unison,0.649068202757841
2026-08-13T21:54:25.194631,miller-moth (Perplexity),emergent,1.7904129793510324,17.85,221,17,1017,4,1,516636,0.9648030721823488,0.7000761851671196,6.424688269112783,unison,0.649068202757841
2026-08-13T22:10:25.014354,miller-moth (Perplexity),emergent,1.7904129793510324,17.85,221,17,1017,4,1,516636,0.9648030721823488,0.7000761851671196,6.424688269112783,unison,0.649068202757841
2026-08-13T22:26:25.676548,miller-moth (Perplexity),emergent,1.7904129793510324,17.85,221,17,1017,4,1,516636,0.9648030721823488,0.7000761851671196,6.424688269112783,unison,0.649068202757841
2026-08-13T22:42:25.094748,miller-moth (Perplexity),emergent,1.7904129793510324,17.85,221,17,1017,4,1,516636,0.9648030721823488,0.7000761851671196,6.424688269112783,unison,0.649068202757841
2026-08-13T22:58:25.078944,miller-moth (Perplexity),emergent,1.7904129793510324,17.85,221,17,1017,4,1,516636,0.9648030721823488,0.7000761851671196,6.424688269112783,unison,0.649068202757841
2026-08-13T23:14:25.296588,miller-moth (Perplexity),emergent,1.7904129793510324,17.85,221,17,1017,4,1,516636,0.9648030721823488,0.7000761851671196,6.424688269112783,unison,0.649068202757841
2026-08-13T23:30:25.671335,miller-moth (Perplexity),emergent,1.7904129793510324,17.85,221,17,1017,4,1,516636,0.9648030721823488,0.7000761851671196,6.424688269112783,unison,0.649068202757841
2026-08-13T23:46:25.210349,miller-moth (Perplexity),emergent,1.7904129793510324,17.85,221,17,1017,4,1,516636,0.9648030721823488,0.7000761851671196,6.424688269112783,unison,0.649068202757841
2026-08-14T00:02:25.242485,miller-moth (Perplexity),emergent,1.7904129793510324,17.85,221,17,1017,4,1,516636,0.9648030721823488,0.7000761851671196,6.424688269112783,unison,0.649068202757841
2026-08-14T00:18:25.017218,miller-moth (Perplexity),emergent,1.7904129793510324,17.85,221,17,1017,4,1,516636,0.9648030721823488,0.7000761851671196,6.424688269112783,unison,0.649068202757841
2026-08-14T00:33:25.054012,miller-moth (Perplexity),emergent,1.7904129793510324,17.85,221,17,1017,4,1,516636,0.9648030721823488,0.7000761851671196,6.424688269112783,unison,0.649068202757841
2026-08-14T00:49:25.191731,miller-moth (Perplexity),emergent,1.7904129793510324,17.85,221,17,1017,4,1,516636,0.9648030721823488,0.7000761851671196,6.424688269112783,unison,0.649068202757841
2026-08-14T01:04:25.367665,miller-moth (Perplexity),emergent,1.7904129793510324,17.85,221,17,1017,4,1,516636,0.9648030721823488,0.7000761851671196,6.424688269112783,unison,0.649068202757841
2026-08-14T01:20:26.188416,miller-moth (Perplexity),emergent,1.7904129793510324,17.85,221,17,1017,4,1,516636,0.9648030721823488,0.7000761851671196,6.424688269112783,unison,0.649068202757841
2026-08-14T01:35:25.453560,miller-moth (Perplexity),emergent,1.7904129793510324,17.85,221,17,1017,4,1,516636,0.9648030721823488,0.7000761851671196,6.424688269112783,unison,0.649068202757841
2026-08-14T01:51:25.159595,miller-moth (Perplexity),emergent,1.7904129793510324,17.85,221,17,1017,4,1,516636,0.9648030721823488,0.7000761851671196,6.424688269112783,unison,0.649068202757841
2026-08-14T02:06:25.076845,miller-moth (Perplexity),emergent,1.7904129793510324,17.85,221,17,1017,4,1,516636,0.9648030721823488,0.7000761851671196,6.424688269112783,unison,0.649068202757841
2026-08-14T02:22:24.962627,miller-moth (Perplexity),emergent,1.7904129793510324,17.85,221,17,1017,4,1,516636,0.9648030721823488,0.7000761851671196,6.424688269112783,unison,0.649068202757841
2026-08-14T02:37:25.190847,miller-moth (Perplexity),emergent,1.7904129793510324,17.85,221,17,1017,4,1,516636,0.9648030721823488,0.7000761851671196,6.424688269112783,unison,0.649068202757841
2026-08-14T02:53:24.965576,miller-moth (Perplexity),emergent,1.7904129793510324,17.85,221,17,1017,4,1,516636,0.9648030721823488,0.7000761851671196,6.424688269112783,unison,0.649068202757841
2026-08-14T03:08:28.310678,miller-moth (Perplexity),emergent,1.7904129793510324,17.85,221,17,1017,4,1,516636,0.9648030721823488,0.7000761851671196,6.424688269112783,unison,0.649068202757841
2026-08-14T03:24:25.175025,miller-moth (Perplexity),emergent,1.7904129793510324,17.85,221,17,1017,4,1,516636,0.9648030721823488,0.7000761851671196,6.424688269112783,unison,0.649068202757841
2026-08-14T03:39:25.051111,miller-moth (Perplexity),emergent,1.7904129793510324,17.85,221,17,1017,4,1,516636,0.9648030721823488,0.7000761851671196,6.424688269112783,unison,0.649068202757841
2026-08-14T03:55:25.185045,miller-moth (Perplexity),emergent,1.7904129793510324,17.85,221,17,1017,4,1,516636,0.9648030721823488,0.7000761851671196,6.424688269112783,unison,0.649068202757841
2026-08-14T04:10:25.140304,miller-moth (Perplexity),emergent,1.7904129793510324,17.85,221,17,1017,4,1,516636,0.9648030721823488,0.7000761851671196,6.424688269112783,unison,0.649068202757841
2026-08-14T04:26:24.984293,miller-moth (Perplexity),emergent,1.7904129793510324,17.85,221,17,1017,4,1,516636,0.9648030721823488,0.7000761851671196,6.424688269112783,unison,0.649068202757841
2026-08-14T04:41:25.455714,miller-moth (Perplexity),emergent,1.7904129793510324,17.85,221,17,1017,4,1,516636,0.9648030721823488,0.7000761851671196,6.424688269112783,unison,0.649068202757841
2026-08-14T04:57:25.158873,miller-moth (Perplexity),emergent,1.7904129793510324,17.85,221,17,1017,4,1,516636,0.9648030721823488,0.7000761851671196,6.424688269112783,unison,0.649068202757841
2026-08-14T05:12:25.487914,miller-moth (Perplexity),emergent,1.7904129793510324,17.85,221,17,1017,4,1,516636,0.9648030721823488,0.7000761851671196,6.424688269112783,unison,0.649068202757841
2026-08-14T05:28:25.329357,miller-moth (Perplexity),emergent,1.7904129793510324,17.85,221,17,1017,4,1,516636,0.9648030721823488,0.7000761851671196,6.424688269112783,unison,0.649068202757841
2026-08-14T05:43:25.574727,miller-moth (Perplexity),emergent,1.7904129793510324,17.85,221,17,1017,4,1,516636,0.9648030721823488,0.7000761851671196,6.424688269112783,unison,0.649068202757841
2026-08-14T05:59:25.435573,miller-moth (Perplexity),emergent,1.7904129793510324,17.85,221,17,1017,4,1,516636,0.9648030721823488,0.7000761851671196,6.424688269112783,unison,0.649068202757841
2026-08-14T06:14:25.499723,miller-moth (Perplexity),emergent,1.7904129793510324,17.85,221,17,1017,4,1,516636,0.9648030721823488,0.7000761851671196,6.424688269112783,unison,0.649068202757841
2026-08-14T06:30:25.329194,miller-moth (Perplexity),emergent,1.7904129793510324,17.85,221,17,1017,4,1,516636,0.9648030721823488,0.7000761851671196,6.424688269112783,unison,0.649068202757841
2026-08-14T06:45:25.521746,miller-moth (Perplexity),emergent,1.7904129793510324,17.85,221,17,1017,4,1,516636,0.9648030721823488,0.7000761851671196,6.424688269112783,unison,0.649068202757841
2026-08-14T07:01:25.517201,miller-moth (Perplexity),emergent,1.7904129793510324,17.85,221,17,1017,4,1,516636,0.9648030721823488,0.7000761851671196,6.424688269112783,unison,0.649068202757841
2026-08-14T07:17:19.838382,miller-moth (Perplexity),emergent,1.7904129793510324,17.85,221,17,1017,4,1,516636,0.9648030721823488,0.7000761851671196,6.424688269112783,unison,0.649068202757841
2026-08-14T07:33:21.570125,miller-moth (Perplexity),emergent,1.7904129793510324,17.85,221,17,1017,4,1,516636,0.9648030721823488,0.7000761851671196,6.424688269112783,unison,0.649068202757841
2026-08-14T07:49:19.784677,miller-moth (Perplexity),emergent,1.7904129793510324,17.85,221,17,1017,4,1,516636,0.9648030721823488,0.7000761851671196,6.424688269112783,unison,0.649068202757841
2026-08-14T08:05:20.048902,miller-moth (Perplexity),emergent,1.7904129793510324,17.85,221,17,1017,4,1,516636,0.9648030721823488,0.7000761851671196,6.424688269112783,unison,0.649068202757841
2026-08-14T08:21:20.081711,miller-moth (Perplexity),emergent,1.7904129793510324,17.85,221,17,1017,4,1,516636,0.9648030721823488,0.7000761851671196,6.424688269112783,unison,0.649068202757841
2026-08-14T08:36:20.223037,miller-moth (Perplexity),emergent,1.7904129793510324,17.85,221,17,1017,4,1,516636,0.9648030721823488,0.7000761851671196,6.424688269112783,unison,0.649068202757841
2026-08-14T08:52:20.017681,miller-moth (Perplexity),emergent,1.7904129793510324,17.85,221,17,1017,4,1,516636,0.9648030721823488,0.7000761851671196,6.424688269112783,unison,0.649068202757841
2026-08-14T09:08:20.265397,miller-moth (Perplexity),emergent,1.7904129793510324,17.85,221,17,1017,4,1,516636,0.9648030721823488,0.7000761851671196,6.424688269112783,unison,0.649068202757841
2026-08-14T09:24:20.024458,miller-moth (Perplexity),emergent,1.7904129793510324,17.85,221,17,1017,4,1,516636,0.9648030721823488,0.7000761851671196,6.424688269112783,unison,0.649068202757841
2026-08-14T09:39:21.660226,miller-moth (Perplexity),emergent,1.7904129793510324,17.85,221,17,1017,4,1,516636,0.9648030721823488,0.7000761851671196,6.424688269112783,unison,0.649068202757841
2026-08-14T09:55:19.568115,miller-moth (Perplexity),emergent,1.7904129793510324,17.85,221,17,1017,4,1,516636,0.9648030721823488,0.7000761851671196,6.424688269112783,unison,0.649068202757841
2026-08-14T10:11:19.507680,miller-moth (Perplexity),emergent,1.7904129793510324,17.85,221,17,1017,4,1,516636,0.9648030721823488,0.7000761851671196,6.424688269112783,unison,0.649068202757841
2026-08-14T10:27:19.656490,miller-moth (Perplexity),emergent,1.7904129793510324,17.85,221,17,1017,4,1,516636,0.9648030721823488,0.7000761851671196,6.424688269112783,unison,0.649068202757841
2026-08-14T10:42:20.120067,miller-moth (Perplexity),emergent,1.7904129793510324,17.85,221,17,1017,4,1,516636,0.9648030721823488,0.7000761851671196,6.424688269112783,unison,0.649068202757841
2026-08-14T10:58:19.561064,miller-moth (Perplexity),emergent,1.7904129793510324,17.85,221,17,1017,4,1,516636,0.9648030721823488,0.7000761851671196,6.424688269112783,unison,0.649068202757841
2026-08-14T11:14:19.635465,miller-moth (Perplexity),emergent,1.7904129793510324,17.85,221,17,1017,4,1,516636,0.9648030721823488,0.7000761851671196,6.424688269112783,unison,0.649068202757841
2026-08-14T11:30:19.585487,miller-moth (Perplexity),emergent,1.7904129793510324,17.85,221,17,1017,4,1,516636,0.9648030721823488,0.7000761851671196,6.424688269112783,unison,0.649068202757841
2026-08-14T11:46:19.709946,miller-moth (Perplexity),emergent,1.7904129793510324,17.85,221,17,1017,4,1,516636,0.9648030721823488,0.7000761851671196,6.424688269112783,unison,0.649068202757841
2026-08-14T12:02:19.606982,miller-moth (Perplexity),emergent,1.7904129793510324,17.85,221,17,1017,4,1,516636,0.9648030721823488,0.7000761851671196,6.424688269112783,unison,0.649068202757841
2026-08-14T12:18:19.682187,miller-moth (Perplexity),emergent,1.7904129793510324,17.85,221,17,1017,4,1,516636,0.9648030721823488,0.7000761851671196,6.424688269112783,unison,0.649068202757841
2026-08-14T12:34:19.801779,miller-moth (Perplexity),emergent,1.7904129793510324,17.85,221,17,1017,4,1,516636,0.9648030721823488,0.7000761851671196,6.424688269112783,unison,0.649068202757841
2026-08-14T12:50:19.577726,miller-moth (Perplexity),emergent,1.7904129793510324,17.85,221,17,1017,4,1,516636,0.9648030721823488,0.7000761851671196,6.424688269112783,unison,0.649068202757841
2026-08-14T13:06:20.842992,miller-moth (Perplexity),emergent,1.7904129793510324,17.85,221,17,1017,4,1,516636,0.9648030721823488,0.7000761851671196,6.424688269112783,unison,0.649068202757841
2026-08-14T13:22:19.608497,miller-moth (Perplexity),emergent,1.7904129793510324,17.85,221,17,1017,4,1,516636,0.9648030721823488,0.7000761851671196,6.424688269112783,unison,0.649068202757841
2026-08-14T13:38:19.602540,miller-moth (Perplexity),emergent,1.7904129793510324,17.85,221,17,1017,4,1,516636,0.9648030721823488,0.7000761851671196,6.424688269112783,unison,0.649068202757841
2026-08-14T13:54:19.632610,miller-moth (Perplexity),emergent,1.7904129793510324,17.85,221,17,1017,4,1,516636,0.9648030721823488,0.7000761851671196,6.424688269112783,unison,0.649068202757841
2026-08-14T14:09:24.096089,miller-moth (Perplexity),emergent,1.7904129793510324,17.85,221,17,1017,4,1,516636,0.9648030721823488,0.7000761851671196,6.424688269112783,unison,0.649068202757841
2026-08-14T14:25:19.676865,miller-moth (Perplexity),emergent,1.7904129793510324,17.85,221,17,1017,4,1,516636,0.9648030721823488,0.7000761851671196,6.424688269112783,unison,0.649068202757841
2026-08-14T14:41:21.156913,miller-moth (Perplexity),emergent,1.7904129793510324,17.85,221,17,1017,4,1,516636,0.9648030721823488,0.7000761851671196,6.424688269112783,unison,0.649068202757841
2026-08-14T14:57:19.758595,miller-moth (Perplexity),emergent,1.7904129793510324,17.85,221,17,1017,4,1,516636,0.9648030721823488,0.7000761851671196,6.424688269112783,unison,0.649068202757841
2026-08-14T15:13:19.965382,miller-moth (Perplexity),emergent,1.7904129793510324,17.85,221,17,1017,4,1,516636,0.9648030721823488,0.7000761851671196,6.424688269112783,unison,0.649068202757841
2026-08-14T15:29:20.804266,miller-moth (Perplexity),emergent,1.7904129793510324,17.85,221,17,1017,4,1,516636,0.9648030721823488,0.7000761851671196,6.424688269112783,unison,0.649068202757841
2026-08-14T15:44:20.586144,miller-moth (Perplexity),emergent,1.7904129793510324,17.85,221,17,1017,4,1,516636,0.9648030721823488,0.7000761851671196,6.424688269112783,unison,0.649068202757841
2026-08-14T16:00:16.349070,miller-moth (Perplexity),emergent,1.7904129793510324,17.85,221,17,1017,4,1,516636,0.9648030721823488,0.7000761851671196,6.424688269112783,unison,0.649068202757841
2026-08-14T16:15:19.695179,miller-moth (Perplexity),emergent,1.7904129793510324,17.85,221,17,1017,4,1,516636,0.9648030721823488,0.7000761851671196,6.424688269112783,unison,0.649068202757841
2026-08-14T16:31:20.036195,miller-moth (Perplexity),emergent,1.7904129793510324,17.85,221,17,1017,4,1,516636,0.9648030721823488,0.7000761851671196,6.424688269112783,unison,0.649068202757841
2026-08-14T16:46:20.316910,miller-moth (Perplexity),emergent,1.7904129793510324,17.85,221,17,1017,4,1,516636,0.9648030721823488,0.7000761851671196,6.424688269112783,unison,0.649068202757841
2026-08-14T17:02:20.050420,miller-moth (Perplexity),emergent,1.7904129793510324,17.85,221,17,1017,4,1,516636,0.9648030721823488,0.7000761851671196,6.424688269112783,unison,0.649068202757841
2026-08-14T17:18:19.935406,miller-moth (Perplexity),emergent,1.7904129793510324,17.85,221,17,1017,4,1,516636,0.9648030721823488,0.7000761851671196,6.424688269112783,unison,0.649068202757841
2026-08-14T17:34:20.323047,miller-moth (Perplexity),emergent,1.7904129793510324,17.85,221,17,1017,4,1,516636,0.9648030721823488,0.7000761851671196,6.424688269112783,unison,0.649068202757841
2026-08-14T17:49:20.458496,miller-moth (Perplexity),emergent,1.7904129793510324,17.85,221,17,1017,4,1,516636,0.9648030721823488,0.7000761851671196,6.424688269112783,unison,0.649068202757841
2026-08-14T18:05:19.835782,miller-moth (Perplexity),emergent,1.7904129793510324,17.85,221,17,1017,4,1,516636,0.9648030721823488,0.7000761851671196,6.424688269112783,unison,0.649068202757841
2026-08-14T18:21:19.728491,miller-moth (Perplexity),emergent,1.7904129793510324,17.85,221,17,1017,4,1,516636,0.9648030721823488,0.7000761851671196,6.424688269112783,unison,0.649068202757841
2026-08-14T18:37:20.143049,miller-moth (Perplexity),emergent,1.7904129793510324,17.85,221,17,1017,4,1,516636,0.9648030721823488,0.7000761851671196,6.424688269112783,unison,0.649068202757841
2026-08-14T18:52:21.554702,miller-moth (Perplexity),emergent,1.7904129793510324,17.85,221,17,1017,4,1,516636,0.9648030721823488,0.7000761851671196,6.424688269112783,unison,0.649068202757841
2026-08-14T19:08:19.931198,miller-moth (Perplexity),emergent,1.7904129793510324,17.85,221,17,1017,4,1,516636,0.9648030721823488,0.7000761851671196,6.424688269112783,unison,0.649068202757841
2026-08-14T19:24:19.863214,miller-moth (Perplexity),emergent,1.7904129793510324,17.85,221,17,1017,4,1,516636,0.9648030721823488,0.7000761851671196,6.424688269112783,unison,0.649068202757841
2026-08-14T19:39:19.775666,miller-moth (Perplexity),emergent,1.7904129793510324,17.85,221,17,1017,4,1,516636,0.9648030721823488,0.7000761851671196,6.424688269112783,unison,0.649068202757841
2026-08-14T19:55:20.364686,miller-moth (Perplexity),emergent,1.7904129793510324,17.85,221,17,1017,4,1,516636,0.9648030721823488,0.7000761851671196,6.424688269112783,unison,0.649068202757841
2026-08-14T20:10:21.024435,miller-moth (Perplexity),emergent,1.7904129793510324,17.85,221,17,1017,4,1,516636,0.9648030721823488,0.7000761851671196,6.424688269112783,unison,0.649068202757841
2026-08-14T20:25:21.838957,miller-moth (Perplexity),emergent,1.7904129793510324,17.85,221,17,1017,4,1,516636,0.9648030721823488,0.7000761851671196,6.424688269112783,unison,0.649068202757841
2026-08-14T20:41:20.029242,miller-moth (Perplexity),emergent,1.7904129793510324,17.85,221,17,1017,4,1,516636,0.9648030721823488,0.7000761851671196,6.424688269112783,unison,0.649068202757841
2026-08-14T20:56:47.929716,miller-moth (Perplexity),emergent,1.7904129793510324,17.85,221,17,1017,4,1,516636,0.9648030721823488,0.7000761851671196,6.424688269112783,unison,0.649068202757841
2026-08-14T21:12:20.188461,miller-moth (Perplexity),emergent,1.7904129793510324,17.85,221,17,1017,4,1,516636,0.9648030721823488,0.7000761851671196,6.424688269112783,unison,0.649068202757841
2026-08-14T21:28:19.765546,miller-moth (Perplexity),emergent,1.7904129793510324,17.85,221,17,1017,4,1,516636,0.9648030721823488,0.7000761851671196,6.424688269112783,unison,0.649068202757841
2026-08-14T21:44:19.821829,miller-moth (Perplexity),emergent,1.7904129793510324,17.85,221,17,1017,4,1,516636,0.9648030721823488,0.7000761851671196,6.424688269112783,unison,0.649068202757841
2026-08-14T22:00:16.032159,miller-moth (Perplexity),emergent,1.7904129793510324,17.85,221,17,1017,4,1,516636,0.9648030721823488,0.7000761851671196,6.424688269112783,unison,0.649068202757841
2026-08-14T22:15:19.546101,miller-moth (Perplexity),emergent,1.7904129793510324,17.85,221,17,1017,4,1,516636,0.9648030721823488,0.7000761851671196,6.424688269112783,unison,0.649068202757841
2026-08-14T22:31:19.702497,miller-moth (Perplexity),emergent,1.7904129793510324,17.85,221,17,1017,4,1,516636,0.9648030721823488,0.7000761851671196,6.424688269112783,unison,0.649068202757841
2026-08-14T22:47:19.714059,miller-moth (Perplexity),emergent,1.7904129793510324,17.85,221,17,1017,4,1,516636,0.9648030721823488,0.7000761851671196,6.424688269112783,unison,0.649068202757841
2026-08-14T23:03:20.485405,miller-moth (Perplexity),emergent,1.7904129793510324,17.85,221,17,1017,4,1,516636,0.9648030721823488,0.7000761851671196,6.424688269112783,unison,0.649068202757841
2026-08-14T23:19:19.850660,miller-moth (Perplexity),emergent,1.7904129793510324,17.85,221,17,1017,4,1,516636,0.9648030721823488,0.7000761851671196,6.424688269112783,unison,0.649068202757841
2026-08-14T23:34:45.757764,miller-moth (Perplexity),emergent,1.7904129793510324,17.85,221,17,1017,4,1,516636,0.9648030721823488,0.7000761851671196,6.424688269112783,unison,0.649068202757841
2026-08-14T23:49:46.241462,miller-moth (Perplexity),emergent,1.7904129793510324,17.85,221,17,1017,4,1,516636,0.9648030721823488,0.7000761851671196,6.424688269112783,unison,0.649068202757841
2026-08-15T00:05:19.695222,miller-moth (Perplexity),emergent,1.7904129793510324,17.85,221,17,1017,4,1,516636,0.9648030721823488,0.7000761851671196,6.424688269112783,unison,0.649068202757841
2026-08-15T00:21:20.880735,miller-moth (Perplexity),emergent,1.7904129793510324,17.85,221,17,1017,4,1,516636,0.9648030721823488,0.7000761851671196,6.424688269112783,unison,0.649068202757841
2026-08-15T00:37:19.537775,miller-moth (Perplexity),emergent,1.7904129793510324,17.85,221,17,1017,4,1,516636,0.9648030721823488,0.7000761851671196,6.424688269112783,unison,0.649068202757841
2026-08-15T00:52:20.416824,miller-moth (Perplexity),emergent,1.7904129793510324,17.85,221,17,1017,4,1,516636,0.9648030721823488,0.7000761851671196,6.424688269112783,unison,0.649068202757841
2026-08-15T01:08:19.748744,miller-moth (Perplexity),emergent,1.7904129793510324,17.85,221,17,1017,4,1,516636,0.9648030721823488,0.7000761851671196,6.424688269112783,unison,0.649068202757841
2026-08-15T01:23:34.443094,miller-moth (Perplexity),emergent,1.7904129793510324,17.85,221,17,1017,4,1,516636,0.9648030721823488,0.7000761851671196,6.424688269112783,unison,0.649068202757841
2026-08-15T01:38:47.363142,miller-moth (Perplexity),emergent,1.7904129793510324,17.85,221,17,1017,4,1,516636,0.9648030721823488,0.7000761851671196,6.424688269112783,unison,0.649068202757841
2026-08-15T01:53:47.918492,miller-moth (Perplexity),emergent,1.7904129793510324,17.85,221,17,1017,4,1,516636,0.9648030721823488,0.7000761851671196,6.424688269112783,unison,0.649068202757841
2026-08-15T02:08:54.133437,miller-moth (Perplexity),emergent,1.7904129793510324,17.85,221,17,1017,4,1,516636,0.9648030721823488,0.7000761851671196,6.424688269112783,unison,0.649068202757841
2026-08-15T02:24:19.938662,miller-moth (Perplexity),emergent,1.7904129793510324,17.85,221,17,1017,4,1,516636,0.9648030721823488,0.7000761851671196,6.424688269112783,unison,0.649068202757841
2026-08-15T02:40:19.780180,miller-moth (Perplexity),emergent,1.7904129793510324,17.85,221,17,1017,4,1,516636,0.9648030721823488,0.7000761851671196,6.424688269112783,unison,0.649068202757841
2026-08-15T02:55:20.650404,miller-moth (Perplexity),emergent,1.7904129793510324,17.85,221,17,1017,4,1,516636,0.9648030721823488,0.7000761851671196,6.424688269112783,unison,0.649068202757841
2026-08-15T03:12:05.768542,miller-moth (Perplexity),emergent,1.7904129793510324,17.85,221,17,1017,4,1,516636,0.9648030721823488,0.7000761851671196,6.424688269112783,unison,0.649068202757841
2026-08-15T03:27:26.168369,miller-moth (Perplexity),emergent,1.7904129793510324,17.85,221,17,1017,4,1,516636,0.9648030721823488,0.7000761851671196,6.424688269112783,unison,0.649068202757841
2026-08-15T03:34:47.993254,miller-moth (Perplexity),emergent,1.7904129793510324,17.85,221,17,1017,4,1,516636,0.9648030721823488,0.7000761851671196,6.424688269112783,unison,0.649068202757841
2026-08-15T03:50:13.839276,miller-moth (Perplexity),emergent,1.7904129793510324,17.85,221,17,1017,4,1,516636,0.9648030721823488,0.7000761851671196,6.424688269112783,unison,0.649068202757841
2026-08-15T04:05:48.131064,miller-moth (Perplexity),emergent,1.7904129793510324,17.85,221,17,1017,4,1,516636,0.9648030721823488,0.7000761851671196,6.424688269112783,unison,0.649068202757841
2026-08-15T04:20:54.167093,miller-moth (Perplexity),emergent,1.7904129793510324,17.85,221,17,1017,4,1,516636,0.9648030721823488,0.7000761851671196,6.424688269112783,unison,0.649068202757841
2026-08-15T04:36:49.745361,miller-moth (Perplexity),emergent,1.7904129793510324,17.85,221,17,1017,4,1,516636,0.9648030721823488,0.7000761851671196,6.424688269112783,unison,0.649068202757841
2026-08-15T04:52:49.251843,miller-moth (Perplexity),emergent,1.7904129793510324,17.85,221,17,1017,4,1,516636,0.9648030721823488,0.7000761851671196,6.424688269112783,unison,0.649068202757841
2026-08-15T05:07:48.495778,miller-moth (Perplexity),emergent,1.7904129793510324,17.85,221,17,1017,4,1,516636,0.9648030721823488,0.7000761851671196,6.424688269112783,unison,0.649068202757841
2026-08-15T05:23:32.041592,miller-moth (Perplexity),emergent,1.7904129793510324,17.85,221,17,1017,4,1,516636,0.9648030721823488,0.7000761851671196,6.424688269112783,unison,0.649068202757841
2026-08-15T05:38:48.209101,miller-moth (Perplexity),emergent,1.7904129793510324,17.85,221,17,1017,4,1,516636,0.9648030721823488,0.7000761851671196,6.424688269112783,unison,0.649068202757841
2026-08-15T05:54:48.146158,miller-moth (Perplexity),emergent,1.7904129793510324,17.85,221,17,1017,4,1,516636,0.9648030721823488,0.7000761851671196,6.424688269112783,unison,0.649068202757841
2026-08-15T06:09:48.510504,miller-moth (Perplexity),emergent,1.7904129793510324,17.85,221,17,1017,4,1,516636,0.9648030721823488,0.7000761851671196,6.424688269112783,unison,0.649068202757841
2026-08-15T06:25:48.038852,miller-moth (Perplexity),emergent,1.7904129793510324,17.85,221,17,1017,4,1,516636,0.9648030721823488,0.7000761851671196,6.424688269112783,unison,0.649068202757841
2026-08-15T06:41:20.434684,miller-moth (Perplexity),emergent,1.7904129793510324,17.85,221,17,1017,4,1,516636,0.9648030721823488,0.7000761851671196,6.424688269112783,unison,0.649068202757841
2026-08-15T06:56:48.000121,miller-moth (Perplexity),emergent,1.7904129793510324,17.85,221,17,1017,4,1,516636,0.9648030721823488,0.7000761851671196,6.424688269112783,unison,0.649068202757841
2026-08-15T07:11:48.710361,miller-moth (Perplexity),emergent,1.7904129793510324,17.85,221,17,1017,4,1,516636,0.9648030721823488,0.7000761851671196,6.424688269112783,unison,0.649068202757841
2026-08-15T07:27:48.346826,miller-moth (Perplexity),emergent,1.7904129793510324,17.85,221,17,1017,4,1,516636,0.9648030721823488,0.7000761851671196,6.424688269112783,unison,0.649068202757841
2026-08-15T07:43:49.728339,miller-moth (Perplexity),emergent,1.7904129793510324,17.85,221,17,1017,4,1,516636,0.9648030721823488,0.7000761851671196,6.424688269112783,unison,0.649068202757841
2026-08-15T07:59:48.341450,miller-moth (Perplexity),emergent,1.7904129793510324,17.85,221,17,1017,4,1,516636,0.9648030721823488,0.7000761851671196,6.424688269112783,unison,0.649068202757841
2026-08-15T08:15:05.415160,miller-moth (Perplexity),emergent,1.7904129793510324,17.85,221,17,1017,4,1,516636,0.9648030721823488,0.7000761851671196,6.424688269112783,unison,0.649068202757841
2026-08-15T08:30:48.300418,miller-moth (Perplexity),emergent,1.7904129793510324,17.85,221,17,1017,4,1,516636,0.9648030721823488,0.7000761851671196,6.424688269112783,unison,0.649068202757841
2026-08-15T08:46:48.504194,miller-moth (Perplexity),emergent,1.7904129793510324,17.85,221,17,1017,4,1,516636,0.9648030721823488,0.7000761851671196,6.424688269112783,unison,0.649068202757841
2026-08-15T09:02:48.217744,miller-moth (Perplexity),emergent,1.7904129793510324,17.85,221,17,1017,4,1,516636,0.9648030721823488,0.7000761851671196,6.424688269112783,unison,0.649068202757841
2026-08-15T09:18:48.154401,miller-moth (Perplexity),emergent,1.7904129793510324,17.85,221,17,1017,4,1,516636,0.9648030721823488,0.7000761851671196,6.424688269112783,unison,0.649068202757841
2026-08-15T09:34:48.285537,miller-moth (Perplexity),emergent,1.7904129793510324,17.85,221,17,1017,4,1,516636,0.9648030721823488,0.7000761851671196,6.424688269112783,unison,0.649068202757841
2026-08-15T09:50:48.164123,miller-moth (Perplexity),emergent,1.7904129793510324,17.85,221,17,1017,4,1,516636,0.9648030721823488,0.7000761851671196,6.424688269112783,unison,0.649068202757841
2026-08-15T10:06:48.404606,miller-moth (Perplexity),emergent,1.7904129793510324,17.85,221,17,1017,4,1,516636,0.9648030721823488,0.7000761851671196,6.424688269112783,unison,0.649068202757841
2026-08-15T10:22:48.285533,miller-moth (Perplexity),emergent,1.7904129793510324,17.85,221,17,1017,4,1,516636,0.9648030721823488,0.7000761851671196,6.424688269112783,unison,0.649068202757841
2026-08-15T10:37:49.310187,miller-moth (Perplexity),emergent,1.7904129793510324,17.85,221,17,1017,4,1,516636,0.9648030721823488,0.7000761851671196,6.424688269112783,unison,0.649068202757841
2026-08-15T10:53:09.632408,miller-moth (Perplexity),emergent,1.7904129793510324,17.85,221,17,1017,4,1,516636,0.9648030721823488,0.7000761851671196,6.424688269112783,unison,0.649068202757841
2026-08-15T11:08:10.145794,miller-moth (Perplexity),emergent,1.7904129793510324,17.85,221,17,1017,4,1,516636,0.9648030721823488,0.7000761851671196,6.424688269112783,unison,0.649068202757841
2026-08-15T11:23:48.167435,miller-moth (Perplexity),emergent,1.7904129793510324,17.85,221,17,1017,4,1,516636,0.9648030721823488,0.7000761851671196,6.424688269112783,unison,0.649068202757841
2026-08-15T11:39:48.186503,miller-moth (Perplexity),emergent,1.7904129793510324,17.85,221,17,1017,4,1,516636,0.9648030721823488,0.7000761851671196,6.424688269112783,unison,0.649068202757841
2026-08-15T11:55:48.201809,miller-moth (Perplexity),emergent,1.7904129793510324,17.85,221,17,1017,4,1,516636,0.9648030721823488,0.7000761851671196,6.424688269112783,unison,0.649068202757841
2026-08-15T12:09:47.916923,miller-moth (Perplexity),emergent,1.7904129793510324,17.85,221,17,1017,4,1,516636,0.9648030721823488,0.7000761851671196,6.424688269112783,unison,0.649068202757841
2026-08-15T12:24:50.582464,miller-moth (Perplexity),emergent,1.7904129793510324,17.85,221,17,1017,4,1,516636,0.9648030721823488,0.7000761851671196,6.424688269112783,unison,0.649068202757841
2026-08-15T12:39:48.426924,miller-moth (Perplexity),emergent,1.7904129793510324,17.85,221,17,1017,4,1,516636,0.9648030721823488,0.7000761851671196,6.424688269112783,unison,0.649068202757841
2026-08-15T12:55:48.438612,miller-moth (Perplexity),emergent,1.7904129793510324,17.85,221,17,1017,4,1,516636,0.9648030721823488,0.7000761851671196,6.424688269112783,unison,0.649068202757841
2026-08-15T13:10:48.360766,miller-moth (Perplexity),emergent,1.7904129793510324,17.85,221,17,1017,4,1,516636,0.9648030721823488,0.7000761851671196,6.424688269112783,unison,0.649068202757841
2026-08-15T13:26:48.369220,miller-moth (Perplexity),emergent,1.7904129793510324,17.85,221,17,1017,4,1,516636,0.9648030721823488,0.7000761851671196,6.424688269112783,unison,0.649068202757841
2026-08-15T13:41:48.621774,miller-moth (Perplexity),emergent,1.7904129793510324,17.85,221,17,1017,4,1,516636,0.9648030721823488,0.7000761851671196,6.424688269112783,unison,0.649068202757841
2026-08-15T13:57:48.745323,miller-moth (Perplexity),emergent,1.7904129793510324,17.85,221,17,1017,4,1,516636,0.9648030721823488,0.7000761851671196,6.424688269112783,unison,0.649068202757841
2026-08-15T14:12:48.821144,miller-moth (Perplexity),emergent,1.7904129793510324,17.85,221,17,1017,4,1,516636,0.9648030721823488,0.7000761851671196,6.424688269112783,unison,0.649068202757841
2026-08-15T14:28:48.596975,miller-moth (Perplexity),emergent,1.7904129793510324,17.85,221,17,1017,4,1,516636,0.9648030721823488,0.7000761851671196,6.424688269112783,unison,0.649068202757841
2026-08-15T14:43:48.696201,miller-moth (Perplexity),emergent,1.7904129793510324,17.85,221,17,1017,4,1,516636,0.9648030721823488,0.7000761851671196,6.424688269112783,unison,0.649068202757841
2026-08-15T14:59:48.603950,miller-moth (Perplexity),emergent,1.7904129793510324,17.85,221,17,1017,4,1,516636,0.9648030721823488,0.7000761851671196,6.424688269112783,unison,0.649068202757841
2026-08-15T15:15:48.775842,miller-moth (Perplexity),emergent,1.7904129793510324,17.85,221,17,1017,4,1,516636,0.9648030721823488,0.7000761851671196,6.424688269112783,unison,0.649068202757841
2026-08-15T15:31:48.630802,miller-moth (Perplexity),emergent,1.7904129793510324,17.85,221,17,1017,4,1,516636,0.9648030721823488,0.7000761851671196,6.424688269112783,unison,0.649068202757841
2026-08-15T15:47:48.626586,miller-moth (Perplexity),emergent,1.7904129793510324,17.85,221,17,1017,4,1,516636,0.9648030721823488,0.7000761851671196,6.424688269112783,unison,0.649068202757841
2026-08-15T16:03:48.370595,miller-moth (Perplexity),emergent,1.7904129793510324,17.85,221,17,1017,4,1,516636,0.9648030721823488,0.7000761851671196,6.424688269112783,unison,0.649068202757841
2026-08-15T16:19:48.323943,miller-moth (Perplexity),emergent,1.7904129793510324,17.85,221,17,1017,4,1,516636,0.9648030721823488,0.7000761851671196,6.424688269112783,unison,0.649068202757841
2026-08-15T16:35:42.317404,miller-moth (Perplexity),emergent,1.7904129793510324,17.85,221,17,1017,4,1,516636,0.9648030721823488,0.7000761851671196,6.424688269112783,unison,0.649068202757841
2026-08-15T16:50:48.372111,miller-moth (Perplexity),emergent,1.7904129793510324,17.85,221,17,1017,4,1,516636,0.9648030721823488,0.7000761851671196,6.424688269112783,unison,0.649068202757841
2026-08-15T17:06:48.641083,miller-moth (Perplexity),emergent,1.7904129793510324,17.85,221,17,1017,4,1,516636,0.9648030721823488,0.7000761851671196,6.424688269112783,unison,0.649068202757841
2026-08-15T17:22:55.013646,miller-moth (Perplexity),emergent,1.7904129793510324,17.85,221,17,1017,4,1,516636,0.9648030721823488,0.7000761851671196,6.424688269112783,unison,0.649068202757841
2026-08-15T17:38:48.216938,miller-moth (Perplexity),emergent,1.7904129793510324,17.85,221,17,1017,4,1,516636,0.9648030721823488,0.7000761851671196,6.424688269112783,unison,0.649068202757841
2026-08-15T17:54:48.195023,miller-moth (Perplexity),emergent,1.7904129793510324,17.85,221,17,1017,4,1,516636,0.9648030721823488,0.7000761851671196,6.424688269112783,unison,0.649068202757841
2026-08-15T18:10:48.755115,miller-moth (Perplexity),emergent,1.7904129793510324,17.85,221,17,1017,4,1,516636,0.9648030721823488,0.7000761851671196,6.424688269112783,unison,0.649068202757841
2026-08-15T18:26:48.268870,miller-moth (Perplexity),emergent,1.7904129793510324,17.85,221,17,1017,4,1,516636,0.9648030721823488,0.7000761851671196,6.424688269112783,unison,0.649068202757841
2026-08-15T18:42:48.311294,miller-moth (Perplexity),emergent,1.7904129793510324,17.85,221,17,1017,4,1,516636,0.9648030721823488,0.7000761851671196,6.424688269112783,unison,0.649068202757841
2026-08-15T18:58:48.231847,miller-moth (Perplexity),emergent,1.7904129793510324,17.85,221,17,1017,4,1,516636,0.9648030721823488,0.7000761851671196,6.424688269112783,unison,0.649068202757841
2026-08-15T19:14:48.245684,miller-moth (Perplexity),emergent,1.7904129793510324,17.85,221,17,1017,4,1,516636,0.9648030721823488,0.7000761851671196,6.424688269112783,unison,0.649068202757841
2026-08-15T19:30:48.292864,miller-moth (Perplexity),emergent,1.7904129793510324,17.85,221,17,1017,4,1,516636,0.9648030721823488,0.7000761851671196,6.424688269112783,unison,0.649068202757841
2026-08-15T19:46:48.241074,miller-moth (Perplexity),emergent,1.7904129793510324,17.85,221,17,1017,4,1,516636,0.9648030721823488,0.7000761851671196,6.424688269112783,unison,0.649068202757841
2026-08-15T20:02:48.288698,miller-moth (Perplexity),emergent,1.7904129793510324,17.85,221,17,1017,4,1,516636,0.9648030721823488,0.7000761851671196,6.424688269112783,unison,0.649068202757841
2026-08-15T20:18:48.716154,miller-moth (Perplexity),emergent,1.7904129793510324,17.85,221,17,1017,4,1,516636,0.9648030721823488,0.7000761851671196,6.424688269112783,unison,0.649068202757841
2026-08-15T20:34:46.628198,miller-moth (Perplexity),emergent,1.7904129793510324,17.85,221,17,1017,4,1,516636,0.9648030721823488,0.7000761851671196,6.424688269112783,unison,0.649068202757841
2026-08-15T20:49:48.695831,miller-moth (Perplexity),emergent,1.7904129793510324,17.85,221,17,1017,4,1,516636,0.9648030721823488,0.7000761851671196,6.424688269112783,unison,0.649068202757841
2026-08-15T21:05:09.794616,miller-moth (Perplexity),emergent,1.7904129793510324,17.85,221,17,1017,4,1,516636,0.9648030721823488,0.7000761851671196,6.424688269112783,unison,0.649068202757841
2026-08-15T21:20:48.779004,miller-moth (Perplexity),emergent,1.7904129793510324,17.85,221,17,1017,4,1,516636,0.9648030721823488,0.7000761851671196,6.424688269112783,unison,0.649068202757841
2026-08-15T21:31:36.551757,miller-moth (Perplexity),emergent,1.7904129793510324,17.85,221,17,1017,4,1,516636,0.9648030721823488,0.7000761851671196,6.424688269112783,unison,0.649068202757841
2026-08-15T21:46:53.949528,miller-moth (Perplexity),emergent,1.7904129793510324,17.85,221,17,1017,4,1,516636,0.9648030721823488,0.7000761851671196,6.424688269112783,unison,0.649068202757841
2026-08-15T21:59:04.623961,miller-moth (Perplexity),emergent,1.7904129793510324,17.85,221,17,1017,4,1,516636,0.9648030721823488,0.7000761851671196,6.424688269112783,unison,0.649068202757841
2026-08-15T23:15:08.430992,miller-moth (Perplexity),emergent,1.7904129793510324,17.85,221,17,1017,4,1,516636,0.9648030721823488,0.7000761851671196,6.424688269112783,unison,0.649068202757841
2026-08-15T23:30:19.517547,miller-moth (Perplexity),emergent,1.7904129793510324,17.85,221,17,1017,4,1,516636,0.9648030721823488,0.7000761851671196,6.424688269112783,unison,0.649068202757841
2026-08-15T23:46:19.423914,miller-moth (Perplexity),emergent,1.7904129793510324,17.85,221,17,1017,4,1,516636,0.9648030721823488,0.7000761851671196,6.424688269112783,unison,0.649068202757841
2026-08-16T00:02:19.365107,miller-moth (Perplexity),emergent,1.7904129793510324,17.85,221,17,1017,4,1,516636,0.9648030721823488,0.7000761851671196,6.424688269112783,unison,0.649068202757841
2026-08-16T00:18:19.751482,miller-moth (Perplexity),emergent,1.7904129793510324,17.85,221,17,1017,4,1,516636,0.9648030721823488,0.7000761851671196,6.424688269112783,unison,0.649068202757841
2026-08-16T00:34:12.767920,miller-moth (Perplexity),emergent,1.7904129793510324,17.85,221,17,1017,4,1,516636,0.9648030721823488,0.7000761851671196,6.424688269112783,unison,0.649068202757841
2026-08-16T00:49:19.256387,miller-moth (Perplexity),emergent,1.7904129793510324,17.85,221,17,1017,4,1,516636,0.9648030721823488,0.7000761851671196,6.424688269112783,unison,0.649068202757841
2026-08-16T19:26:50.182191,miller-moth (Perplexity),emergent,1.7904129793510324,17.85,221,17,1017,4,1,516636,0.9648030721823488,0.7000761851671196,6.424688269112783,unison,0.649068202757841
2026-08-16T19:42:20.394910,miller-moth (Perplexity),emergent,1.7904129793510324,17.85,221,17,1017,4,1,516636,0.9648030721823488,0.7000761851671196,6.424688269112783,unison,0.649068202757841
2026-08-16T19:57:21.905881,miller-moth (Perplexity),emergent,1.7904129793510324,17.85,221,17,1017,4,1,516636,0.9648030721823488,0.7000761851671196,6.424688269112783,unison,0.649068202757841
2026-08-16T20:13:19.707059,miller-moth (Perplexity),emergent,1.7904129793510324,17.85,221,17,1017,4,1,516636,0.9648030721823488,0.7000761851671196,6.424688269112783,unison,0.649068202757841
2026-08-16T20:30:00.407547,miller-moth (Perplexity),emergent,1.7904129793510324,17.85,221,17,1017,4,1,516636,0.9648030721823488,0.7000761851671196,6.424688269112783,unison,0.649068202757841
2026-08-16T20:45:32.320041,miller-moth (Perplexity),emergent,1.7904129793510324,17.85,221,17,1017,4,1,516636,0.9648030721823488,0.7000761851671196,6.424688269112783,unison,0.649068202757841
2026-08-16T21:00:32.247458,miller-moth (Perplexity),emergent,1.7904129793510324,17.85,221,17,1017,4,1,516636,0.9648030721823488,0.7000761851671196,6.424688269112783,unison,0.649068202757841
2026-08-16T21:16:40.175969,miller-moth (Perplexity),emergent,1.7904129793510324,17.85,221,17,1017,4,1,516636,0.9648030721823488,0.7000761851671196,6.424688269112783,unison,0.649068202757841
2026-08-16T21:32:18.017513,miller-moth (Perplexity),emergent,1.7904129793510324,17.85,221,17,1017,4,1,516636,0.9648030721823488,0.7000761851671196,6.424688269112783,unison,0.649068202757841
2026-08-16T21:47:40.498337,miller-moth (Perplexity),emergent,1.7904129793510324,17.85,221,17,1017,4,1,516636,0.9648030721823488,0.7000761851671196,6.424688269112783,unison,0.649068202757841
2026-08-16T22:03:42.605170,miller-moth (Perplexity),emergent,1.7904129793510324,17.85,221,17,1017,4,1,516636,0.9648030721823488,0.7000761851671196,6.424688269112783,unison,0.649068202757841
2026-08-16T22:19:45.434793,miller-moth (Perplexity),emergent,1.7904129793510324,17.85,221,17,1017,4,1,516636,0.9648030721823488,0.7000761851671196,6.424688269112783,unison,0.649068202757841
2026-08-16T22:35:39.937769,miller-moth (Perplexity),emergent,1.7904129793510324,17.85,221,17,1017,4,1,516636,0.9648030721823488,0.7000761851671196,6.424688269112783,unison,0.649068202757841
2026-08-16T22:51:40.116095,miller-moth (Perplexity),emergent,1.7904129793510324,17.85,221,17,1017,4,1,516636,0.9648030721823488,0.7000761851671196,6.424688269112783,unison,0.649068202757841
2026-08-16T23:07:39.932680,miller-moth (Perplexity),emergent,1.7904129793510324,17.85,221,17,1017,4,1,516636,0.9648030721823488,0.7000761851671196,6.424688269112783,unison,0.649068202757841
2026-08-16T23:23:41.807400,miller-moth (Perplexity),emergent,1.7904129793510324,17.85,221,17,1017,4,1,516636,0.9648030721823488,0.7000761851671196,6.424688269112783,unison,0.649068202757841
2026-08-16T23:39:39.767226,miller-moth (Perplexity),emergent,1.7904129793510324,17.85,221,17,1017,4,1,516636,0.9648030721823488,0.7000761851671196,6.424688269112783,unison,0.649068202757841
2026-08-16T23:55:47.696186,miller-moth (Perplexity),emergent,1.7904129793510324,17.85,221,17,1017,4,1,516636,0.9648030721823488,0.7000761851671196,6.424688269112783,unison,0.649068202757841
2026-08-17T03:42:55.186528,miller-moth (Perplexity),emergent,1.7904129793510324,17.85,221,17,1017,4,1,516636,0.9648030721823488,0.7000761851671196,6.424688269112783,unison,0.649068202757841
2026-08-17T03:59:00.627420,miller-moth (Perplexity),emergent,1.7904129793510324,17.85,221,17,1017,4,1,516636,0.9648030721823488,0.7000761851671196,6.424688269112783,unison,0.649068202757841
2026-08-17T04:14:59.287927,miller-moth (Perplexity),emergent,1.7904129793510324,17.85,221,17,1017,4,1,516636,0.9648030721823488,0.7000761851671196,6.424688269112783,unison,0.649068202757841
2026-08-17T04:31:01.561823,miller-moth (Perplexity),emergent,1.7904129793510324,17.85,221,17,1017,4,1,516636,0.9648030721823488,0.7000761851671196,6.424688269112783,unison,0.649068202757841
2026-08-17T04:46:57.446285,miller-moth (Perplexity),emergent,1.7904129793510324,17.85,221,17,1017,4,1,516636,0.9648030721823488,0.7000761851671196,6.424688269112783,unison,0.649068202757841
2026-08-17T05:02:55.878376,miller-moth (Perplexity),emergent,1.7904129793510324,17.85,221,17,1017,4,1,516636,0.9648030721823488,0.7000761851671196,6.424688269112783,unison,0.649068202757841
2026-08-17T05:18:55.510953,miller-moth (Perplexity),emergent,1.7904129793510324,17.85,221,17,1017,4,1,516636,0.9648030721823488,0.7000761851671196,6.424688269112783,unison,0.649068202757841
2026-08-17T05:34:55.446314,miller-moth (Perplexity),emergent,1.7904129793510324,17.85,221,17,1017,4,1,516636,0.9648030721823488,0.7000761851671196,6.424688269112783,unison,0.649068202757841
2026-08-17T05:50:55.227847,miller-moth (Perplexity),emergent,1.7904129793510324,17.85,221,17,1017,4,1,516636,0.9648030721823488,0.7000761851671196,6.424688269112783,unison,0.649068202757841
2026-08-17T06:06:55.358476,miller-moth (Perplexity),emergent,1.7904129793510324,17.85,221,17,1017,4,1,516636,0.9648030721823488,0.7000761851671196,6.424688269112783,unison,0.649068202757841
2026-08-17T06:22:56.155140,miller-moth (Perplexity),emergent,1.7904129793510324,17.85,221,17,1017,4,1,516636,0.9648030721823488,0.7000761851671196,6.424688269112783,unison,0.649068202757841
2026-08-17T06:38:56.747379,miller-moth (Perplexity),emergent,1.7904129793510324,17.85,221,17,1017,4,1,516636,0.9648030721823488,0.7000761851671196,6.424688269112783,unison,0.649068202757841
2026-08-17T06:54:55.447270,miller-moth (Perplexity),emergent,1.7904129793510324,17.85,221,17,1017,4,1,516636,0.9648030721823488,0.7000761851671196,6.424688269112783,unison,0.649068202757841
2026-08-17T07:10:56.309284,miller-moth (Perplexity),emergent,1.7904129793510324,17.85,221,17,1017,4,1,516636,0.9648030721823488,0.7000761851671196,6.424688269112783,unison,0.649068202757841
2026-08-17T07:26:55.120348,miller-moth (Perplexity),emergent,1.7904129793510324,17.85,221,17,1017,4,1,516636,0.9648030721823488,0.7000761851671196,6.424688269112783,unison,0.649068202757841
2026-08-17T07:42:55.584651,miller-moth (Perplexity),emergent,1.7904129793510324,17.85,221,17,1017,4,1,516636,0.9648030721823488,0.7000761851671196,6.424688269112783,unison,0.649068202757841
2026-08-17T07:58:55.270046,miller-moth (Perplexity),emergent,1.7904129793510324,17.85,221,17,1017,4,1,516636,0.9648030721823488,0.7000761851671196,6.424688269112783,unison,0.649068202757841
2026-08-17T08:13:55.639570,miller-moth (Perplexity),emergent,1.7904129793510324,17.85,221,17,1017,4,1,516636,0.9648030721823488,0.7000761851671196,6.424688269112783,unison,0.649068202757841
2026-08-17T08:29:56.389266,miller-moth (Perplexity),emergent,1.7904129793510324,17.85,221,17,1017,4,1,516636,0.9648030721823488,0.7000761851671196,6.424688269112783,unison,0.649068202757841
2026-08-17T08:46:00.572324,miller-moth (Perplexity),emergent,1.7904129793510324,17.85,221,17,1017,4,1,516636,0.9648030721823488,0.7000761851671196,6.424688269112783,unison,0.649068202757841
2026-08-17T09:01:55.066772,miller-moth (Perplexity),emergent,1.7904129793510324,17.85,221,17,1017,4,1,516636,0.9648030721823488,0.7000761851671196,6.424688269112783,unison,0.649068202757841
2026-08-17T09:16:55.985720,miller-moth (Perplexity),emergent,1.7904129793510324,17.85,221,17,1017,4,1,516636,0.9648030721823488,0.7000761851671196,6.424688269112783,unison,0.649068202757841
2026-08-17T09:32:56.582414,miller-moth (Perplexity),emergent,1.7904129793510324,17.85,221,17,1017,4,1,516636,0.9648030721823488,0.7000761851671196,6.424688269112783,unison,0.649068202757841
2026-08-17T09:48:55.154908,miller-moth (Perplexity),emergent,1.7904129793510324,17.85,221,17,1017,4,1,516636,0.9648030721823488,0.7000761851671196,6.424688269112783,unison,0.649068202757841
2026-08-17T10:05:02.540325,miller-moth (Perplexity),emergent,1.7904129793510324,17.85,221,17,1017,4,1,516636,0.9648030721823488,0.7000761851671196,6.424688269112783,unison,0.649068202757841
2026-08-17T10:20:55.389437,miller-moth (Perplexity),emergent,1.7904129793510324,17.85,221,17,1017,4,1,516636,0.9648030721823488,0.7000761851671196,6.424688269112783,unison,0.649068202757841
2026-08-17T10:36:55.211719,miller-moth (Perplexity),emergent,1.7904129793510324,17.85,221,17,1017,4,1,516636,0.9648030721823488,0.7000761851671196,6.424688269112783,unison,0.649068202757841
2026-08-17T10:52:56.613915,miller-moth (Perplexity),emergent,1.7904129793510324,17.85,221,17,1017,4,1,516636,0.9648030721823488,0.7000761851671196,6.424688269112783,unison,0.649068202757841
2026-08-17T11:08:55.085659,miller-moth (Perplexity),emergent,1.7904129793510324,17.85,221,17,1017,4,1,516636,0.9648030721823488,0.7000761851671196,6.424688269112783,unison,0.649068202757841
2026-08-17T11:24:55.539214,miller-moth (Perplexity),emergent,1.7904129793510324,17.85,221,17,1017,4,1,516636,0.9648030721823488,0.7000761851671196,6.424688269112783,unison,0.649068202757841
2026-08-17T11:40:55.430013,miller-moth (Perplexity),emergent,1.7904129793510324,17.85,221,17,1017,4,1,516636,0.9648030721823488,0.7000761851671196,6.424688269112783,unison,0.649068202757841
2026-08-17T11:56:55.349515,miller-moth (Perplexity),emergent,1.7904129793510324,17.85,221,17,1017,4,1,516636,0.9648030721823488,0.7000761851671196,6.424688269112783,unison,0.649068202757841
2026-08-17T12:12:56.101907,miller-moth (Perplexity),emergent,1.7904129793510324,17.85,221,17,1017,4,1,516636,0.9648030721823488,0.7000761851671196,6.424688269112783,unison,0.649068202757841
2026-08-17T12:28:55.506459,miller-moth (Perplexity),emergent,1.7904129793510324,17.85,221,17,1017,4,1,516636,0.9648030721823488,0.7000761851671196,6.424688269112783,unison,0.649068202757841
2026-08-17T12:45:01.545763,miller-moth (Perplexity),emergent,1.7904129793510324,17.85,221,17,1017,4,1,516636,0.9648030721823488,0.7000761851671196,6.424688269112783,unison,0.649068202757841
2026-08-17T13:00:33.191302,miller-moth (Perplexity),emergent,1.7904129793510324,17.85,221,17,1017,4,1,516636,0.9648030721823488,0.7000761851671196,6.424688269112783,unison,0.649068202757841
2026-08-17T13:15:57.333320,miller-moth (Perplexity),emergent,1.7904129793510324,17.85,221,17,1017,4,1,516636,0.9648030721823488,0.7000761851671196,6.424688269112783,unison,0.649068202757841
2026-08-17T13:31:55.173329,miller-moth (Perplexity),emergent,1.7904129793510324,17.85,221,17,1017,4,1,516636,0.9648030721823488,0.7000761851671196,6.424688269112783,unison,0.649068202757841
2026-08-17T13:47:56.066382,miller-moth (Perplexity),emergent,1.7904129793510324,17.85,221,17,1017,4,1,516636,0.9648030721823488,0.7000761851671196,6.424688269112783,unison,0.649068202757841
2026-08-17T14:03:55.396598,miller-moth (Perplexity),emergent,1.7904129793510324,17.85,221,17,1017,4,1,516636,0.9648030721823488,0.7000761851671196,6.424688269112783,unison,0.649068202757841
2026-08-17T14:18:56.919666,miller-moth (Perplexity),emergent,1.7904129793510324,17.85,221,17,1017,4,1,516636,0.9648030721823488,0.7000761851671196,6.424688269112783,unison,0.649068202757841
2026-08-17T14:34:55.336979,miller-moth (Perplexity),emergent,1.7904129793510324,17.85,221,17,1017,4,1,516636,0.9648030721823488,0.7000761851671196,6.424688269112783,unison,0.649068202757841
2026-08-17T14:50:56.317023,miller-moth (Perplexity),emergent,1.7904129793510324,17.85,221,17,1017,4,1,516636,0.9648030721823488,0.7000761851671196,6.424688269112783,unison,0.649068202757841
2026-08-17T15:06:56.787895,miller-moth (Perplexity),emergent,1.7904129793510324,17.85,221,17,1017,4,1,516636,0.9648030721823488,0.7000761851671196,6.424688269112783,unison,0.649068202757841
2026-08-17T15:21:55.873590,miller-moth (Perplexity),emergent,1.7904129793510324,17.85,221,17,1017,4,1,516636,0.9648030721823488,0.7000761851671196,6.424688269112783,unison,0.649068202757841
2026-08-17T15:37:55.313811,miller-moth (Perplexity),emergent,1.7904129793510324,17.85,221,17,1017,4,1,516636,0.9648030721823488,0.7000761851671196,6.424688269112783,unison,0.649068202757841
2026-08-17T15:53:59.175087,miller-moth (Perplexity),emergent,1.7904129793510324,17.85,221,17,1017,4,1,516636,0.9648030721823488,0.7000761851671196,6.424688269112783,unison,0.649068202757841
2026-08-17T16:09:55.619392,miller-moth (Perplexity),emergent,1.7904129793510324,17.85,221,17,1017,4,1,516636,0.9648030721823488,0.7000761851671196,6.424688269112783,unison,0.649068202757841
2026-08-17T16:24:55.814372,miller-moth (Perplexity),emergent,1.7904129793510324,17.85,221,17,1017,4,1,516636,0.9648030721823488,0.7000761851671196,6.424688269112783,unison,0.649068202757841
2026-08-17T16:40:58.216175,miller-moth (Perplexity),emergent,1.7904129793510324,17.85,221,17,1017,4,1,516636,0.9648030721823488,0.7000761851671196,6.424688269112783,unison,0.649068202757841
2026-08-17T16:56:56.664104,miller-moth (Perplexity),emergent,1.7904129793510324,17.85,221,17,1017,4,1,516636,0.9648030721823488,0.7000761851671196,6.424688269112783,unison,0.649068202757841
2026-08-17T17:12:58.644284,miller-moth (Perplexity),emergent,1.7904129793510324,17.85,221,17,1017,4,1,516636,0.9648030721823488,0.7000761851671196,6.424688269112783,unison,0.649068202757841
2026-08-17T17:28:55.282078,miller-moth (Perplexity),emergent,1.7904129793510324,17.85,221,17,1017,4,1,516636,0.9648030721823488,0.7000761851671196,6.424688269112783,unison,0.649068202757841
2026-08-17T17:44:55.186586,miller-moth (Perplexity),emergent,1.7904129793510324,17.85,221,17,1017,4,1,516636,0.9648030721823488,0.7000761851671196,6.424688269112783,unison,0.649068202757841
2026-08-17T18:00:36.644986,miller-moth (Perplexity),emergent,1.7904129793510324,17.85,221,17,1017,4,1,516636,0.9648030721823488,0.7000761851671196,6.424688269112783,unison,0.649068202757841
2026-08-17T18:15:55.446421,miller-moth (Perplexity),emergent,1.7904129793510324,17.85,221,17,1017,4,1,516636,0.9648030721823488,0.7000761851671196,6.424688269112783,unison,0.649068202757841
2026-08-17T18:31:58.806247,miller-moth (Perplexity),emergent,1.7904129793510324,17.85,221,17,1017,4,1,516636,0.9648030721823488,0.7000761851671196,6.424688269112783,unison,0.649068202757841
2026-08-17T18:47:55.386386,miller-moth (Perplexity),emergent,1.7904129793510324,17.85,221,17,1017,4,1,516636,0.9648030721823488,0.7000761851671196,6.424688269112783,unison,0.649068202757841
2026-08-17T19:03:55.776840,miller-moth (Perplexity),emergent,1.7904129793510324,17.85,221,17,1017,4,1,516636,0.9648030721823488,0.7000761851671196,6.424688269112783,unison,0.649068202757841
2026-08-17T19:19:57.328665,miller-moth (Perplexity),emergent,1.7904129793510324,17.85,221,17,1017,4,1,516636,0.9648030721823488,0.7000761851671196,6.424688269112783,unison,0.649068202757841
2026-08-17T19:35:55.182834,miller-moth (Perplexity),emergent,1.7904129793510324,17.85,221,17,1017,4,1,516636,0.9648030721823488,0.7000761851671196,6.424688269112783,unison,0.649068202757841
2026-08-17T19:51:55.879764,miller-moth (Perplexity),emergent,1.7904129793510324,17.85,221,17,1017,4,1,516636,0.9648030721823488,0.7000761851671196,6.424688269112783,unison,0.649068202757841
2026-08-17T20:07:58.705031,miller-moth (Perplexity),emergent,1.7904129793510324,17.85,221,17,1017,4,1,516636,0.9648030721823488,0.7000761851671196,6.424688269112783,unison,0.649068202757841
2026-08-17T20:22:56.310924,miller-moth (Perplexity),emergent,1.7904129793510324,17.85,221,17,1017,4,1,516636,0.9648030721823488,0.7000761851671196,6.424688269112783,unison,0.649068202757841
2026-08-17T20:38:55.274792,miller-moth (Perplexity),emergent,1.7904129793510324,17.85,221,17,1017,4,1,516636,0.9648030721823488,0.7000761851671196,6.424688269112783,unison,0.649068202757841
2026-08-17T20:54:55.264894,miller-moth (Perplexity),emergent,1.7904129793510324,17.85,221,17,1017,4,1,516636,0.9648030721823488,0.7000761851671196,6.424688269112783,unison,0.649068202757841
2026-08-17T21:10:55.320466,miller-moth (Perplexity),emergent,1.7904129793510324,17.85,221,17,1017,4,1,516636,0.9648030721823488,0.7000761851671196,6.424688269112783,unison,0.649068202757841
2026-08-17T21:25:55.752377,miller-moth (Perplexity),emergent,1.7904129793510324,17.85,221,17,1017,4,1,516636,0.9648030721823488,0.7000761851671196,6.424688269112783,unison,0.649068202757841
2026-08-17T21:42:01.255380,miller-moth (Perplexity),emergent,1.7904129793510324,17.85,221,17,1017,4,1,516636,0.9648030721823488,0.7000761851671196,6.424688269112783,unison,0.649068202757841
2026-08-17T21:54:07.465701,miller-moth (Perplexity),emergent,1.7904129793510324,17.85,221,17,1017,4,1,516636,0.9648030721823488,0.7000761851671196,6.424688269112783,unison,0.649068202757841
2026-08-17T22:09:19.953658,miller-moth (Perplexity),emergent,1.7904129793510324,17.85,221,17,1017,4,1,516636,0.9648030721823488,0.7000761851671196,6.424688269112783,unison,0.649068202757841
2026-08-17T22:24:19.871110,miller-moth (Perplexity),emergent,1.7904129793510324,17.85,221,17,1017,4,1,516636,0.9648030721823488,0.7000761851671196,6.424688269112783,unison,0.649068202757841
2026-08-17T22:40:20.043273,miller-moth (Perplexity),emergent,1.7904129793510324,17.85,221,17,1017,4,1,516636,0.9648030721823488,0.7000761851671196,6.424688269112783,unison,0.649068202757841
2026-08-17T22:55:24.386605,miller-moth (Perplexity),emergent,1.7904129793510324,17.85,221,17,1017,4,1,516636,0.9648030721823488,0.7000761851671196,6.424688269112783,unison,0.649068202757841
2026-08-17T23:11:19.937570,miller-moth (Perplexity),emergent,1.7904129793510324,17.85,221,17,1017,4,1,516636,0.9648030721823488,0.7000761851671196,6.424688269112783,unison,0.649068202757841
2026-08-17T23:26:21.454901,miller-moth (Perplexity),emergent,1.7904129793510324,17.85,221,17,1017,4,1,516636,0.9648030721823488,0.7000761851671196,6.424688269112783,unison,0.649068202757841
2026-08-17T23:42:21.613844,miller-moth (Perplexity),emergent,1.7904129793510324,17.85,221,17,1017,4,1,516636,0.9648030721823488,0.7000761851671196,6.424688269112783,unison,0.649068202757841
2026-08-17T23:57:20.209675,miller-moth (Perplexity),emergent,1.7904129793510324,17.85,221,17,1017,4,1,516636,0.9648030721823488,0.7000761851671196,6.424688269112783,unison,0.649068202757841
2026-08-18T00:13:20.067847,miller-moth (Perplexity),emergent,1.7904129793510324,17.85,221,17,1017,4,1,516636,0.9648030721823488,0.7000761851671196,6.424688269112783,unison,0.649068202757841
2026-08-18T00:28:20.041493,miller-moth (Perplexity),emergent,1.7904129793510324,17.85,221,17,1017,4,1,516636,0.9648030721823488,0.7000761851671196,6.424688269112783,unison,0.649068202757841
2026-08-18T00:44:25.026855,miller-moth (Perplexity),emergent,1.7904129793510324,17.85,221,17,1017,4,1,516636,0.9648030721823488,0.7000761851671196,6.424688269112783,unison,0.649068202757841
2026-08-18T01:00:21.540503,miller-moth (Perplexity),emergent,1.7904129793510324,17.85,221,17,1017,4,1,516636,0.9648030721823488,0.7000761851671196,6.424688269112783,unison,0.649068202757841
2026-08-18T01:16:23.822886,miller-moth (Perplexity),emergent,1.7904129793510324,17.85,221,17,1017,4,1,516636,0.9648030721823488,0.7000761851671196,6.424688269112783,unison,0.649068202757841
2026-08-18T01:32:20.937980,miller-moth (Perplexity),emergent,1.7904129793510324,17.85,221,17,1017,4,1,516636,0.9648030721823488,0.7000761851671196,6.424688269112783,unison,0.649068202757841
2026-08-18T01:48:20.760722,miller-moth (Perplexity),emergent,1.7904129793510324,17.85,221,17,1017,4,1,516636,0.9648030721823488,0.7000761851671196,6.424688269112783,unison,0.649068202757841
2026-08-18T02:04:19.902287,miller-moth (Perplexity),emergent,1.7904129793510324,17.85,221,17,1017,4,1,516636,0.9648030721823488,0.7000761851671196,6.424688269112783,unison,0.649068202757841
2026-08-18T02:19:53.023092,miller-moth (Perplexity),emergent,1.7904129793510324,17.85,221,17,1017,4,1,516636,0.9648030721823488,0.7000761851671196,6.424688269112783,unison,0.649068202757841
2026-08-18T02:35:23.173145,miller-moth (Perplexity),emergent,1.7904129793510324,17.85,221,17,1017,4,1,516636,0.9648030721823488,0.7000761851671196,6.424688269112783,unison,0.649068202757841
2026-08-18T02:51:19.905535,miller-moth (Perplexity),emergent,1.7904129793510324,17.85,221,17,1017,4,1,516636,0.9648030721823488,0.7000761851671196,6.424688269112783,unison,0.649068202757841
2026-08-18T03:07:24.080264,miller-moth (Perplexity),emergent,1.7904129793510324,17.85,221,17,1017,4,1,516636,0.9648030721823488,0.7000761851671196,6.424688269112783,unison,0.649068202757841
2026-08-18T03:22:21.242104,miller-moth (Perplexity),emergent,1.7904129793510324,17.85,221,17,1017,4,1,516636,0.9648030721823488,0.7000761851671196,6.424688269112783,unison,0.649068202757841
2026-08-18T03:38:26.013745,miller-moth (Perplexity),emergent,1.7904129793510324,17.85,221,17,1017,4,1,516636,0.9648030721823488,0.7000761851671196,6.424688269112783,unison,0.649068202757841
2026-08-18T03:54:33.200859,miller-moth (Perplexity),emergent,1.7904129793510324,17.85,221,17,1017,4,1,516636,0.9648030721823488,0.7000761851671196,6.424688269112783,unison,0.649068202757841
2026-08-18T04:10:22.606113,miller-moth (Perplexity),emergent,1.7904129793510324,17.85,221,17,1017,4,1,516636,0.9648030721823488,0.7000761851671196,6.424688269112783,unison,0.649068202757841
2026-08-18T04:26:19.884442,miller-moth (Perplexity),emergent,1.7904129793510324,17.85,221,17,1017,4,1,516636,0.9648030721823488,0.7000761851671196,6.424688269112783,unison,0.649068202757841
2026-08-18T04:42:25.008476,miller-moth (Perplexity),emergent,1.7904129793510324,17.85,221,17,1017,4,1,516636,0.9648030721823488,0.7000761851671196,6.424688269112783,unison,0.649068202757841
2026-08-18T04:58:24.724845,miller-moth (Perplexity),emergent,1.7904129793510324,17.85,221,17,1017,4,1,516636,0.9648030721823488,0.7000761851671196,6.424688269112783,unison,0.649068202757841
2026-08-18T05:10:15.212657,miller-moth (Perplexity),emergent,1.7904129793510324,17.85,221,17,1017,4,1,516636,0.9648030721823488,0.7000761851671196,6.424688269112783,unison,0.649068202757841
2026-08-18T05:25:19.957571,miller-moth (Perplexity),emergent,1.7904129793510324,17.85,221,17,1017,4,1,516636,0.9648030721823488,0.7000761851671196,6.424688269112783,unison,0.649068202757841
2026-08-18T05:40:20.156169,miller-moth (Perplexity),emergent,1.7904129793510324,17.85,221,17,1017,4,1,516636,0.9648030721823488,0.7000761851671196,6.424688269112783,unison,0.649068202757841
2026-08-18T05:53:45.547543,miller-moth (Perplexity),emergent,1.7904129793510324,17.85,221,17,1017,4,1,516636,0.9648030721823488,0.7000761851671196,6.424688269112783,unison,0.649068202757841
2026-08-18T06:08:49.155002,miller-moth (Perplexity),emergent,1.7904129793510324,17.85,221,17,1017,4,1,516636,0.9648030721823488,0.7000761851671196,6.424688269112783,unison,0.649068202757841
2026-08-18T06:23:46.485190,miller-moth (Perplexity),emergent,1.7904129793510324,17.85,221,17,1017,4,1,516636,0.9648030721823488,0.7000761851671196,6.424688269112783,unison,0.649068202757841
2026-08-19T16:44:51.723774,miller-moth (Perplexity),emergent,1.7904129793510324,17.85,221,17,1017,4,1,516636,0.9648030721823488,0.7000761851671196,6.424688269112783,unison,0.649068202757841
2026-08-19T17:00:44.730446,miller-moth (Perplexity),emergent,1.7904129793510324,17.85,221,17,1017,4,1,516636,0.9648030721823488,0.7000761851671196,6.424688269112783,unison,0.649068202757841
2026-08-19T17:15:50.932186,miller-moth (Perplexity),emergent,1.7904129793510324,17.85,221,17,1017,4,1,516636,0.9648030721823488,0.7000761851671196,6.424688269112783,unison,0.649068202757841
2026-08-19T17:30:59.114019,miller-moth (Perplexity),emergent,1.7904129793510324,17.85,221,17,1017,4,1,516636,0.9648030721823488,0.7000761851671196,6.424688269112783,unison,0.649068202757841
2026-08-19T17:46:50.885264,miller-moth (Perplexity),emergent,1.7904129793510324,17.85,221,17,1017,4,1,516636,0.9648030721823488,0.7000761851671196,6.424688269112783,unison,0.649068202757841
2026-08-19T18:02:51.042180,miller-moth (Perplexity),emergent,1.7904129793510324,17.85,221,17,1017,4,1,516636,0.9648030721823488,0.7000761851671196,6.424688269112783,unison,0.649068202757841
2026-08-19T18:18:02.357597,miller-moth (Perplexity),emergent,1.7904129793510324,17.85,221,17,1017,4,1,516636,0.9648030721823488,0.7000761851671196,6.424688269112783,unison,0.649068202757841
2026-08-19T18:33:50.923970,miller-moth (Perplexity),emergent,1.7904129793510324,17.85,221,17,1017,4,1,516636,0.9648030721823488,0.7000761851671196,6.424688269112783,unison,0.649068202757841
2026-08-19T18:49:50.955606,miller-moth (Perplexity),emergent,1.7904129793510324,17.85,221,17,1017,4,1,516636,0.9648030721823488,0.7000761851671196,6.424688269112783,unison,0.649068202757841
2026-08-19T19:05:16.199364,miller-moth (Perplexity),emergent,1.7904129793510324,17.85,221,17,1017,4,1,516636,0.9648030721823488,0.7000761851671196,6.424688269112783,unison,0.649068202757841
2026-08-19T19:20:26.661474,miller-moth (Perplexity),emergent,1.7904129793510324,17.85,221,17,1017,4,1,516636,0.9648030721823488,0.7000761851671196,6.424688269112783,unison,0.649068202757841
2026-08-19T19:35:50.914450,miller-moth (Perplexity),emergent,1.7904129793510324,17.85,221,17,1017,4,1,516636,0.9648030721823488,0.7000761851671196,6.424688269112783,unison,0.649068202757841
2026-08-19T19:51:26.243375,miller-moth (Perplexity),emergent,1.7904129793510324,17.85,221,17,1017,4,1,516636,0.9648030721823488,0.7000761851671196,6.424688269112783,unison,0.649068202757841
2026-08-19T20:06:51.309179,miller-moth (Perplexity),emergent,1.7904129793510324,17.85,221,17,1017,4,1,516636,0.9648030721823488,0.7000761851671196,6.424688269112783,unison,0.649068202757841
2026-08-19T20:22:51.275307,miller-moth (Perplexity),emergent,1.7904129793510324,17.85,221,17,1017,4,1,516636,0.9648030721823488,0.7000761851671196,6.424688269112783,unison,0.649068202757841
2026-08-19T20:37:55.321894,miller-moth (Perplexity),emergent,1.7904129793510324,17.85,221,17,1017,4,1,516636,0.9648030721823488,0.7000761851671196,6.424688269112783,unison,0.649068202757841
2026-08-19T20:53:50.931114,miller-moth (Perplexity),emergent,1.7904129793510324,17.85,221,17,1017,4,1,516636,0.9648030721823488,0.7000761851671196,6.424688269112783,unison,0.649068202757841
2026-08-19T21:09:50.931068,miller-moth (Perplexity),emergent,1.7904129793510324,17.85,221,17,1017,4,1,516636,0.9648030721823488,0.7000761851671196,6.424688269112783,unison,0.649068202757841
2026-08-19T21:26:22.341934,miller-moth (Perplexity),emergent,1.7904129793510324,17.85,221,17,1017,4,1,516636,0.9648030721823488,0.7000761851671196,6.424688269112783,unison,0.649068202757841
2026-08-19T21:41:37.938878,miller-moth (Perplexity),emergent,1.7904129793510324,17.85,221,17,1017,4,1,516636,0.9648030721823488,0.7000761851671196,6.424688269112783,unison,0.649068202757841
2026-08-19T21:56:37.795480,miller-moth (Perplexity),emergent,1.7904129793510324,17.85,221,17,1017,4,1,516636,0.9648030721823488,0.7000761851671196,6.424688269112783,unison,0.649068202757841
2026-08-19T22:12:37.776775,miller-moth (Perplexity),emergent,1.7904129793510324,17.85,221,17,1017,4,1,516636,0.9648030721823488,0.7000761851671196,6.424688269112783,unison,0.649068202757841
2026-08-19T22:28:37.759376,miller-moth (Perplexity),emergent,1.7904129793510324,17.85,221,17,1017,4,1,516636,0.9648030721823488,0.7000761851671196,6.424688269112783,unison,0.649068202757841
2026-08-19T22:44:37.799220,miller-moth (Perplexity),emergent,1.7904129793510324,17.85,221,17,1017,4,1,516636,0.9648030721823488,0.7000761851671196,6.424688269112783,unison,0.649068202757841
2026-08-19T23:00:16.612410,miller-moth (Perplexity),emergent,1.7904129793510324,17.85,221,17,1017,4,1,516636,0.9648030721823488,0.7000761851671196,6.424688269112783,unison,0.649068202757841
2026-08-19T23:15:18.920394,miller-moth (Perplexity),emergent,1.7904129793510324,17.85,221,17,1017,4,1,516636,0.9648030721823488,0.7000761851671196,6.424688269112783,unison,0.649068202757841
2026-08-19T23:30:20.665853,miller-moth (Perplexity),emergent,1.7904129793510324,17.85,221,17,1017,4,1,516636,0.9648030721823488,0.7000761851671196,6.424688269112783,unison,0.649068202757841
2026-08-19T23:45:37.818807,miller-moth (Perplexity),emergent,1.7904129793510324,17.85,221,17,1017,4,1,516636,0.9648030721823488,0.7000761851671196,6.424688269112783,unison,0.649068202757841
2026-08-20T00:00:41.077901,miller-moth (Perplexity),emergent,1.7904129793510324,17.85,221,17,1017,4,1,516636,0.9648030721823488,0.7000761851671196,6.424688269112783,unison,0.649068202757841
2026-08-20T00:15:45.920738,miller-moth (Perplexity),emergent,1.7904129793510324,17.85,221,17,1017,4,1,516636,0.9648030721823488,0.7000761851671196,6.424688269112783,unison,0.649068202757841
2026-08-20T00:31:40.371988,miller-moth (Perplexity),emergent,1.7904129793510324,17.85,221,17,1017,4,1,516636,0.9648030721823488,0.7000761851671196,6.424688269112783,unison,0.649068202757841
2026-08-20T00:46:50.631842,miller-moth (Perplexity),emergent,1.7904129793510324,17.85,221,17,1017,4,1,516636,0.9648030721823488,0.7000761851671196,6.424688269112783,unison,0.649068202757841
2026-08-20T01:02:43.423596,miller-moth (Perplexity),emergent,1.7904129793510324,17.85,221,17,1017,4,1,516636,0.9648030721823488,0.7000761851671196,6.424688269112783,unison,0.649068202757841
2026-08-20T01:10:59.002212,miller-moth (Perplexity),emergent,1.7904129793510324,17.85,221,17,1017,4,1,516636,0.9648030721823488,0.7000761851671196,6.424688269112783,unison,0.649068202757841
2026-08-20T01:26:12.237549,miller-moth (Perplexity),emergent,1.7904129793510324,17.85,221,17,1017,4,1,516636,0.9648030721823488,0.7000761851671196,6.424688269112783,unison,0.649068202757841
2026-08-20T01:41:12.287446,miller-moth (Perplexity),emergent,1.7904129793510324,17.85,221,17,1017,4,1,516636,0.9648030721823488,0.7000761851671196,6.424688269112783,unison,0.649068202757841
2026-08-20T01:57:12.644769,miller-moth (Perplexity),emergent,1.7904129793510324,17.85,221,17,1017,4,1,516636,0.9648030721823488,0.7000761851671196,6.424688269112783,unison,0.649068202757841
2026-08-20T02:12:12.587478,miller-moth (Perplexity),emergent,1.7904129793510324,17.85,221,17,1017,4,1,516636,0.9648030721823488,0.7000761851671196,6.424688269112783,unison,0.649068202757841
2026-08-20T02:27:17.944356,miller-moth (Perplexity),emergent,1.7904129793510324,17.85,221,17,1017,4,1,516636,0.9648030721823488,0.7000761851671196,6.424688269112783,unison,0.649068202757841
2026-08-20T02:43:12.256466,miller-moth (Perplexity),emergent,1.7904129793510324,17.85,221,17,1017,4,1,516636,0.9648030721823488,0.7000761851671196,6.424688269112783,unison,0.649068202757841
2026-08-20T02:59:12.265484,miller-moth (Perplexity),emergent,1.7904129793510324,17.85,221,17,1017,4,1,516636,0.9648030721823488,0.7000761851671196,6.424688269112783,unison,0.649068202757841
2026-08-20T03:14:12.411291,miller-moth (Perplexity),emergent,1.7904129793510324,17.85,221,17,1017,4,1,516636,0.9648030721823488,0.7000761851671196,6.424688269112783,unison,0.649068202757841
2026-08-20T03:30:12.555768,miller-moth (Perplexity),emergent,1.7904129793510324,17.85,221,17,1017,4,1,516636,0.9648030721823488,0.7000761851671196,6.424688269112783,unison,0.649068202757841
2026-08-20T03:46:12.271703,miller-moth (Perplexity),emergent,1.7904129793510324,17.85,221,17,1017,4,1,516636,0.9648030721823488,0.7000761851671196,6.424688269112783,unison,0.649068202757841
2026-08-20T04:02:12.244822,miller-moth (Perplexity),emergent,1.7904129793510324,17.85,221,17,1017,4,1,516636,0.9648030721823488,0.7000761851671196,6.424688269112783,unison,0.649068202757841
2026-08-20T04:18:12.349064,miller-moth (Perplexity),emergent,1.7904129793510324,17.85,221,17,1017,4,1,516636,0.9648030721823488,0.7000761851671196,6.424688269112783,unison,0.649068202757841
2026-08-20T04:34:12.757900,miller-moth (Perplexity),emergent,1.7904129793510324,17.85,221,17,1017,4,1,516636,0.9648030721823488,0.7000761851671196,6.424688269112783,unison,0.649068202757841
2026-08-20T04:49:37.689903,miller-moth (Perplexity),emergent,1.7904129793510324,17.85,221,17,1017,4,1,516636,0.9648030721823488,0.7000761851671196,6.424688269112783,unison,0.649068202757841
2026-08-20T05:05:12.238628,miller-moth (Perplexity),emergent,1.7904129793510324,17.85,221,17,1017,4,1,516636,0.9648030721823488,0.7000761851671196,6.424688269112783,unison,0.649068202757841
2026-08-20T05:21:12.199997,miller-moth (Perplexity),emergent,1.7904129793510324,17.85,221,17,1017,4,1,516636,0.9648030721823488,0.7000761851671196,6.424688269112783,unison,0.649068202757841
2026-08-20T05:32:24.929076,miller-moth (Perplexity),emergent,1.7904129793510324,17.85,221,17,1017,4,1,516636,0.9648030721823488,0.7000761851671196,6.424688269112783,unison,0.649068202757841
2026-08-20T11:30:15.354185,miller-moth (Perplexity),emergent,1.7904129793510324,17.85,221,17,1017,4,1,516636,0.9648030721823488,0.7000761851671196,6.424688269112783,unison,0.649068202757841
2026-08-20T11:45:34.162545,miller-moth (Perplexity),emergent,1.7904129793510324,17.85,221,17,1017,4,1,516636,0.9648030721823488,0.7000761851671196,6.424688269112783,unison,0.649068202757841
2026-08-20T12:00:32.493644,miller-moth (Perplexity),emergent,1.7904129793510324,17.85,221,17,1017,4,1,516636,0.9648030721823488,0.7000761851671196,6.424688269112783,unison,0.649068202757841
2026-08-20T12:15:37.343681,miller-moth (Perplexity),emergent,1.7904129793510324,17.85,221,17,1017,4,1,516636,0.9648030721823488,0.7000761851671196,6.424688269112783,unison,0.649068202757841
2026-08-20T12:30:36.715362,miller-moth (Perplexity),emergent,1.7904129793510324,17.85,221,17,1017,4,1,516636,0.9648030721823488,0.7000761851671196,6.424688269112783,unison,0.649068202757841
2026-08-20T12:45:36.766571,miller-moth (Perplexity),emergent,1.7904129793510324,17.85,221,17,1017,4,1,516636,0.9648030721823488,0.7000761851671196,6.424688269112783,unison,0.649068202757841
2026-08-20T13:00:36.935958,miller-moth (Perplexity),emergent,1.7904129793510324,17.85,221,17,1017,4,1,516636,0.9648030721823488,0.7000761851671196,6.424688269112783,unison,0.649068202757841
2026-08-20T13:15:36.961139,miller-moth (Perplexity),emergent,1.7904129793510324,17.85,221,17,1017,4,1,516636,0.9648030721823488,0.7000761851671196,6.424688269112783,unison,0.649068202757841
2026-08-20T13:30:36.830727,miller-moth (Perplexity),emergent,1.7904129793510324,17.85,221,17,1017,4,1,516636,0.9648030721823488,0.7000761851671196,6.424688269112783,unison,0.649068202757841
2026-08-20T13:45:37.124019,miller-moth (Perplexity),emergent,1.7904129793510324,17.85,221,17,1017,4,1,516636,0.9648030721823488,0.7000761851671196,6.424688269112783,unison,0.649068202757841
2026-08-20T14:00:37.340507,miller-moth (Perplexity),emergent,1.7904129793510324,17.85,221,17,1017,4,1,516636,0.9648030721823488,0.7000761851671196,6.424688269112783,unison,0.649068202757841
2026-08-20T14:15:38.233718,miller-moth (Perplexity),emergent,1.7904129793510324,17.85,221,17,1017,4,1,516636,0.9648030721823488,0.7000761851671196,6.424688269112783,unison,0.649068202757841
2026-08-20T14:30:38.328709,miller-moth (Perplexity),emergent,1.7904129793510324,17.85,221,17,1017,4,1,516636,0.9648030721823488,0.7000761851671196,6.424688269112783,unison,0.649068202757841
2026-08-20T14:45:38.338347,miller-moth (Perplexity),emergent,1.7904129793510324,17.85,221,17,1017,4,1,516636,0.9648030721823488,0.7000761851671196,6.424688269112783,unison,0.649068202757841
2026-08-20T15:00:38.272043,miller-moth (Perplexity),emergent,1.7904129793510324,17.85,221,17,1017,4,1,516636,0.9648030721823488,0.7000761851671196,6.424688269112783,unison,0.649068202757841
2026-08-20T15:15:38.793845,miller-moth (Perplexity),emergent,1.7904129793510324,17.85,221,17,1017,4,1,516636,0.9648030721823488,0.7000761851671196,6.424688269112783,unison,0.649068202757841
2026-08-20T15:30:38.827934,miller-moth (Perplexity),emergent,1.7904129793510324,17.85,221,17,1017,4,1,516636,0.9648030721823488,0.7000761851671196,6.424688269112783,unison,0.649068202757841
2026-08-20T15:45:38.893343,miller-moth (Perplexity),emergent,1.7904129793510324,17.85,221,17,1017,4,1,516636,0.9648030721823488,0.7000761851671196,6.424688269112783,unison,0.649068202757841
2026-08-20T16:00:38.537655,miller-moth (Perplexity),emergent,1.7904129793510324,17.85,221,17,1017,4,1,516636,0.9648030721823488,0.7000761851671196,6.424688269112783,unison,0.649068202757841
2026-08-20T16:15:39.069338,miller-moth (Perplexity),emergent,1.7904129793510324,17.85,221,17,1017,4,1,516636,0.9648030721823488,0.7000761851671196,6.424688269112783,unison,0.649068202757841
2026-08-20T16:31:33.374199,miller-moth (Perplexity),emergent,1.7904129793510324,17.85,221,17,1017,4,1,516636,0.9648030721823488,0.7000761851671196,6.424688269112783,unison,0.649068202757841
2026-08-20T16:46:47.195240,miller-moth (Perplexity),emergent,1.7904129793510324,17.85,221,17,1017,4,1,516636,0.9648030721823488,0.7000761851671196,6.424688269112783,unison,0.649068202757841
2026-08-20T17:02:33.278534,miller-moth (Perplexity),emergent,1.7904129793510324,17.85,221,17,1017,4,1,516636,0.9648030721823488,0.7000761851671196,6.424688269112783,unison,0.649068202757841
2026-08-20T17:17:53.259265,miller-moth (Perplexity),emergent,1.7904129793510324,17.85,221,17,1017,4,1,516636,0.9648030721823488,0.7000761851671196,6.424688269112783,unison,0.649068202757841
2026-08-20T17:32:53.232891,miller-moth (Perplexity),emergent,1.7904129793510324,17.85,221,17,1017,4,1,516636,0.9648030721823488,0.7000761851671196,6.424688269112783,unison,0.649068202757841
2026-08-20T17:47:55.171348,miller-moth (Perplexity),emergent,1.7904129793510324,17.85,221,17,1017,4,1,516636,0.9648030721823488,0.7000761851671196,6.424688269112783,unison,0.649068202757841
2026-08-20T18:02:54.614544,miller-moth (Perplexity),emergent,1.7904129793510324,17.85,221,17,1017,4,1,516636,0.9648030721823488,0.7000761851671196,6.424688269112783,unison,0.649068202757841
2026-08-20T18:17:54.682456,miller-moth (Perplexity),emergent,1.7904129793510324,17.85,221,17,1017,4,1,516636,0.9648030721823488,0.7000761851671196,6.424688269112783,unison,0.649068202757841
2026-08-20T18:32:54.687793,miller-moth (Perplexity),emergent,1.7904129793510324,17.85,221,17,1017,4,1,516636,0.9648030721823488,0.7000761851671196,6.424688269112783,unison,0.649068202757841
2026-08-20T18:47:54.626549,miller-moth (Perplexity),emergent,1.7904129793510324,17.85,221,17,1017,4,1,516636,0.9648030721823488,0.7000761851671196,6.424688269112783,unison,0.649068202757841
2026-08-20T19:02:54.531824,miller-moth (Perplexity),emergent,1.7904129793510324,17.85,221,17,1017,4,1,516636,0.9648030721823488,0.7000761851671196,6.424688269112783,unison,0.649068202757841
2026-08-20T19:17:54.942590,miller-moth (Perplexity),emergent,1.7904129793510324,17.85,221,17,1017,4,1,516636,0.9648030721823488,0.7000761851671196,6.424688269112783,unison,0.649068202757841
2026-08-20T19:32:54.667556,miller-moth (Perplexity),emergent,1.7904129793510324,17.85,221,17,1017,4,1,516636,0.9648030721823488,0.7000761851671196,6.424688269112783,unison,0.649068202757841
2026-08-20T19:47:55.607341,miller-moth (Perplexity),emergent,1.7904129793510324,17.85,221,17,1017,4,1,516636,0.9648030721823488,0.7000761851671196,6.424688269112783,unison,0.649068202757841
2026-08-20T20:02:55.187705,miller-moth (Perplexity),emergent,1.7904129793510324,17.85,221,17,1017,4,1,516636,0.9648030721823488,0.7000761851671196,6.424688269112783,unison,0.649068202757841
2026-08-20T20:17:55.018110,miller-moth (Perplexity),emergent,1.7904129793510324,17.85,221,17,1017,4,1,516636,0.9648030721823488,0.7000761851671196,6.424688269112783,unison,0.649068202757841
2026-08-20T20:32:55.277289,miller-moth (Perplexity),emergent,1.7904129793510324,17.85,221,17,1017,4,1,516636,0.9648030721823488,0.7000761851671196,6.424688269112783,unison,0.649068202757841
2026-08-20T20:47:55.550468,miller-moth (Perplexity),emergent,1.7904129793510324,17.85,221,17,1017,4,1,516636,0.9648030721823488,0.7000761851671196,6.424688269112783,unison,0.649068202757841
2026-08-20T20:54:02.610509,miller-moth (Perplexity),emergent,1.7904129793510324,17.85,221,17,1017,4,1,516636,0.9648030721823488,0.7000761851671196,6.424688269112783,unison,0.649068202757841
2026-08-20T21:09:02.501156,miller-moth (Perplexity),emergent,1.7904129793510324,17.85,221,17,1017,4,1,516636,0.9648030721823488,0.7000761851671196,6.424688269112783,unison,0.649068202757841
2026-08-20T21:24:34.816585,miller-moth (Perplexity),emergent,1.7904129793510324,17.85,221,17,1017,4,1,516636,0.9648030721823488,0.7000761851671196,6.424688269112783,unison,0.649068202757841
2026-08-20T21:40:08.210195,miller-moth (Perplexity),emergent,1.7904129793510324,17.85,221,17,1017,4,1,516636,0.9648030721823488,0.7000761851671196,6.424688269112783,unison,0.649068202757841
2026-08-20T21:55:33.415937,miller-moth (Perplexity),emergent,1.7904129793510324,17.85,221,17,1017,4,1,516636,0.9648030721823488,0.7000761851671196,6.424688269112783,unison,0.649068202757841
2026-08-20T22:11:33.246323,miller-moth (Perplexity),emergent,1.7904129793510324,17.85,221,17,1017,4,1,516636,0.9648030721823488,0.7000761851671196,6.424688269112783,unison,0.649068202757841
2026-08-20T22:26:34.966014,miller-moth (Perplexity),emergent,1.7904129793510324,17.85,221,17,1017,4,1,516636,0.9648030721823488,0.7000761851671196,6.424688269112783,unison,0.649068202757841
2026-08-20T22:42:33.066673,miller-moth (Perplexity),emergent,1.7904129793510324,17.85,221,17,1017,4,1,516636,0.9648030721823488,0.7000761851671196,6.424688269112783,unison,0.649068202757841
2026-08-20T22:57:48.400437,miller-moth (Perplexity),emergent,1.7904129793510324,17.85,221,17,1017,4,1,516636,0.9648030721823488,0.7000761851671196,6.424688269112783,unison,0.649068202757841
2026-08-20T23:12:50.290173,miller-moth (Perplexity),emergent,1.7904129793510324,17.85,221,17,1017,4,1,516636,0.9648030721823488,0.7000761851671196,6.424688269112783,unison,0.649068202757841
2026-08-20T23:27:50.018157,miller-moth (Perplexity),emergent,1.7904129793510324,17.85,221,17,1017,4,1,516636,0.9648030721823488,0.7000761851671196,6.424688269112783,unison,0.649068202757841
2026-08-20T23:42:50.953966,miller-moth (Perplexity),emergent,1.7904129793510324,17.85,221,17,1017,4,1,516636,0.9648030721823488,0.7000761851671196,6.424688269112783,unison,0.649068202757841
2026-08-20T23:57:52.419591,miller-moth (Perplexity),emergent,1.7904129793510324,17.85,221,17,1017,4,1,516636,0.9648030721823488,0.7000761851671196,6.424688269112783,unison,0.649068202757841
2026-08-21T00:12:53.485900,miller-moth (Perplexity),emergent,1.7904129793510324,17.85,221,17,1017,4,1,516636,0.9648030721823488,0.7000761851671196,6.424688269112783,unison,0.649068202757841
2026-08-21T00:27:52.554555,miller-moth (Perplexity),emergent,1.7904129793510324,17.85,221,17,1017,4,1,516636,0.9648030721823488,0.7000761851671196,6.424688269112783,unison,0.649068202757841
2026-08-21T00:42:54.276109,miller-moth (Perplexity),emergent,1.7904129793510324,17.85,221,17,1017,4,1,516636,0.9648030721823488,0.7000761851671196,6.424688269112783,unison,0.649068202757841
2026-08-21T00:57:54.088327,miller-moth (Perplexity),emergent,1.7904129793510324,17.85,221,17,1017,4,1,516636,0.9648030721823488,0.7000761851671196,6.424688269112783,unison,0.649068202757841
2026-08-21T01:12:54.081660,miller-moth (Perplexity),emergent,1.7904129793510324,17.85,221,17,1017,4,1,516636,0.9648030721823488,0.7000761851671196,6.424688269112783,unison,0.649068202757841
2026-08-21T01:27:54.197492,miller-moth (Perplexity),emergent,1.7904129793510324,17.85,221,17,1017,4,1,516636,0.9648030721823488,0.7000761851671196,6.424688269112783,unison,0.649068202757841
2026-08-21T01:42:54.279988,miller-moth (Perplexity),emergent,1.7904129793510324,17.85,221,17,1017,4,1,516636,0.9648030721823488,0.7000761851671196,6.424688269112783,unison,0.649068202757841
2026-08-21T01:57:54.458611,miller-moth (Perplexity),emergent,1.7904129793510324,17.85,221,17,1017,4,1,516636,0.9648030721823488,0.7000761851671196,6.424688269112783,unison,0.649068202757841
2026-08-21T02:12:54.224654,miller-moth (Perplexity),emergent,1.7904129793510324,17.85,221,17,1017,4,1,516636,0.9648030721823488,0.7000761851671196,6.424688269112783,unison,0.649068202757841
2026-08-21T02:27:55.106704,miller-moth (Perplexity),emergent,1.7904129793510324,17.85,221,17,1017,4,1,516636,0.9648030721823488,0.7000761851671196,6.424688269112783,unison,0.649068202757841
2026-08-21T02:42:54.534481,miller-moth (Perplexity),emergent,1.7904129793510324,17.85,221,17,1017,4,1,516636,0.9648030721823488,0.7000761851671196,6.424688269112783,unison,0.649068202757841
2026-08-21T02:57:54.658975,miller-moth (Perplexity),emergent,1.7904129793510324,17.85,221,17,1017,4,1,516636,0.9648030721823488,0.7000761851671196,6.424688269112783,unison,0.649068202757841
2026-08-21T03:12:54.773667,miller-moth (Perplexity),emergent,1.7904129793510324,17.85,221,17,1017,4,1,516636,0.9648030721823488,0.7000761851671196,6.424688269112783,unison,0.649068202757841
2026-08-21T03:27:54.697735,miller-moth (Perplexity),emergent,1.7904129793510324,17.85,221,17,1017,4,1,516636,0.9648030721823488,0.7000761851671196,6.424688269112783,unison,0.649068202757841
2026-08-21T03:42:55.028932,miller-moth (Perplexity),emergent,1.7904129793510324,17.85,221,17,1017,4,1,516636,0.9648030721823488,0.7000761851671196,6.424688269112783,unison,0.649068202757841
2026-08-21T03:57:57.402511,miller-moth (Perplexity),emergent,1.7904129793510324,17.85,221,17,1017,4,1,516636,0.9648030721823488,0.7000761851671196,6.424688269112783,unison,0.649068202757841
2026-08-21T04:12:57.375369,miller-moth (Perplexity),emergent,1.7904129793510324,17.85,221,17,1017,4,1,516636,0.9648030721823488,0.7000761851671196,6.424688269112783,unison,0.649068202757841
2026-08-21T04:27:57.668447,miller-moth (Perplexity),emergent,1.7904129793510324,17.85,221,17,1017,4,1,516636,0.9648030721823488,0.7000761851671196,6.424688269112783,unison,0.649068202757841
2026-08-21T04:42:57.833329,miller-moth (Perplexity),emergent,1.7904129793510324,17.85,221,17,1017,4,1,516636,0.9648030721823488,0.7000761851671196,6.424688269112783,unison,0.649068202757841
2026-08-21T04:57:57.646470,miller-moth (Perplexity),emergent,1.7904129793510324,17.85,221,17,1017,4,1,516636,0.9648030721823488,0.7000761851671196,6.424688269112783,unison,0.649068202757841
2026-08-21T05:12:57.637028,miller-moth (Perplexity),emergent,1.7904129793510324,17.85,221,17,1017,4,1,516636,0.9648030721823488,0.7000761851671196,6.424688269112783,unison,0.649068202757841
2026-08-21T05:27:57.545641,miller-moth (Perplexity),emergent,1.7904129793510324,17.85,221,17,1017,4,1,516636,0.9648030721823488,0.7000761851671196,6.424688269112783,unison,0.649068202757841
2026-08-21T05:42:57.582132,miller-moth (Perplexity),emergent,1.7904129793510324,17.85,221,17,1017,4,1,516636,0.9648030721823488,0.7000761851671196,6.424688269112783,unison,0.649068202757841
2026-08-21T05:57:58.108327,miller-moth (Perplexity),emergent,1.7904129793510324,17.85,221,17,1017,4,1,516636,0.9648030721823488,0.7000761851671196,6.424688269112783,unison,0.649068202757841
2026-08-21T06:12:58.437623,miller-moth (Perplexity),emergent,1.7904129793510324,17.85,221,17,1017,4,1,516636,0.9648030721823488,0.7000761851671196,6.424688269112783,unison,0.649068202757841
2026-08-21T06:27:57.996256,miller-moth (Perplexity),emergent,1.7904129793510324,17.85,221,17,1017,4,1,516636,0.9648030721823488,0.7000761851671196,6.424688269112783,unison,0.649068202757841
2026-08-21T06:42:58.057260,miller-moth (Perplexity),emergent,1.7904129793510324,17.85,221,17,1017,4,1,516636,0.9648030721823488,0.7000761851671196,6.424688269112783,unison,0.649068202757841
2026-08-21T06:57:58.135473,miller-moth (Perplexity),emergent,1.7904129793510324,17.85,221,17,1017,4,1,516636,0.9648030721823488,0.7000761851671196,6.424688269112783,unison,0.649068202757841
2026-08-21T07:13:00.592875,miller-moth (Perplexity),emergent,1.7904129793510324,17.85,221,17,1017,4,1,516636,0.9648030721823488,0.7000761851671196,6.424688269112783,unison,0.649068202757841
2026-08-21T07:27:59.192115,miller-moth (Perplexity),emergent,1.7904129793510324,17.85,221,17,1017,4,1,516636,0.9648030721823488,0.7000761851671196,6.424688269112783,unison,0.649068202757841
2026-08-21T07:42:59.407996,miller-moth (Perplexity),emergent,1.7904129793510324,17.85,221,17,1017,4,1,516636,0.9648030721823488,0.7000761851671196,6.424688269112783,unison,0.649068202757841
2026-08-21T07:57:58.982388,miller-moth (Perplexity),emergent,1.7904129793510324,17.85,221,17,1017,4,1,516636,0.9648030721823488,0.7000761851671196,6.424688269112783,unison,0.649068202757841
2026-08-21T08:12:59.330896,miller-moth (Perplexity),emergent,1.7904129793510324,17.85,221,17,1017,4,1,516636,0.9648030721823488,0.7000761851671196,6.424688269112783,unison,0.649068202757841
2026-08-21T08:27:59.113494,miller-moth (Perplexity),emergent,1.7904129793510324,17.85,221,17,1017,4,1,516636,0.9648030721823488,0.7000761851671196,6.424688269112783,unison,0.649068202757841
2026-08-21T08:42:59.673137,miller-moth (Perplexity),emergent,1.7904129793510324,17.85,221,17,1017,4,1,516636,0.9648030721823488,0.7000761851671196,6.424688269112783,unison,0.649068202757841
2026-08-21T08:58:00.638401,miller-moth (Perplexity),emergent,1.7904129793510324,17.85,221,17,1017,4,1,516636,0.9648030721823488,0.7000761851671196,6.424688269112783,unison,0.649068202757841
2026-08-21T09:13:00.325502,miller-moth (Perplexity),emergent,1.7904129793510324,17.85,221,17,1017,4,1,516636,0.9648030721823488,0.7000761851671196,6.424688269112783,unison,0.649068202757841
2026-08-21T09:28:01.678570,miller-moth (Perplexity),emergent,1.7904129793510324,17.85,221,17,1017,4,1,516636,0.9648030721823488,0.7000761851671196,6.424688269112783,unison,0.649068202757841
2026-08-21T09:43:00.625245,miller-moth (Perplexity),emergent,1.7904129793510324,17.85,221,17,1017,4,1,516636,0.9648030721823488,0.7000761851671196,6.424688269112783,unison,0.649068202757841
2026-08-21T09:58:00.994680,miller-moth (Perplexity),emergent,1.7904129793510324,17.85,221,17,1017,4,1,516636,0.9648030721823488,0.7000761851671196,6.424688269112783,unison,0.649068202757841
2026-08-21T10:13:00.688829,miller-moth (Perplexity),emergent,1.7904129793510324,17.85,221,17,1017,4,1,516636,0.9648030721823488,0.7000761851671196,6.424688269112783,unison,0.649068202757841
2026-08-21T10:28:00.898050,miller-moth (Perplexity),emergent,1.7904129793510324,17.85,221,17,1017,4,1,516636,0.9648030721823488,0.7000761851671196,6.424688269112783,unison,0.649068202757841
2026-08-21T10:43:00.930972,miller-moth (Perplexity),emergent,1.7904129793510324,17.85,221,17,1017,4,1,516636,0.9648030721823488,0.7000761851671196,6.424688269112783,unison,0.649068202757841
2026-08-21T10:58:06.538308,miller-moth (Perplexity),emergent,1.7904129793510324,17.85,221,17,1017,4,1,516636,0.9648030721823488,0.7000761851671196,6.424688269112783,unison,0.649068202757841
2026-08-21T11:13:06.618182,miller-moth (Perplexity),emergent,1.7904129793510324,17.85,221,17,1017,4,1,516636,0.9648030721823488,0.7000761851671196,6.424688269112783,unison,0.649068202757841
2026-08-21T11:28:06.973893,miller-moth (Perplexity),emergent,1.7904129793510324,17.85,221,17,1017,4,1,516636,0.9648030721823488,0.7000761851671196,6.424688269112783,unison,0.649068202757841
2026-08-21T11:43:06.797592,miller-moth (Perplexity),emergent,1.7904129793510324,17.85,221,17,1017,4,1,516636,0.9648030721823488,0.7000761851671196,6.424688269112783,unison,0.649068202757841
2026-08-21T11:58:06.671881,miller-moth (Perplexity),emergent,1.7904129793510324,17.85,221,17,1017,4,1,516636,0.9648030721823488,0.7000761851671196,6.424688269112783,unison,0.649068202757841
2026-08-21T12:13:06.941437,miller-moth (Perplexity),emergent,1.7904129793510324,17.85,221,17,1017,4,1,516636,0.9648030721823488,0.7000761851671196,6.424688269112783,unison,0.649068202757841
2026-08-21T12:28:07.057820,miller-moth (Perplexity),emergent,1.7904129793510324,17.85,221,17,1017,4,1,516636,0.9648030721823488,0.7000761851671196,6.424688269112783,unison,0.649068202757841
2026-08-21T12:43:07.069012,miller-moth (Perplexity),emergent,1.7904129793510324,17.85,221,17,1017,4,1,516636,0.9648030721823488,0.7000761851671196,6.424688269112783,unison,0.649068202757841
2026-08-21T12:58:07.276242,miller-moth (Perplexity),emergent,1.7904129793510324,17.85,221,17,1017,4,1,516636,0.9648030721823488,0.7000761851671196,6.424688269112783,unison,0.649068202757841
2026-08-21T13:13:07.417813,miller-moth (Perplexity),emergent,1.7904129793510324,17.85,221,17,1017,4,1,516636,0.9648030721823488,0.7000761851671196,6.424688269112783,unison,0.649068202757841
2026-08-21T13:28:10.899550,miller-moth (Perplexity),emergent,1.7904129793510324,17.85,221,17,1017,4,1,516636,0.9648030721823488,0.7000761851671196,6.424688269112783,unison,0.649068202757841
2026-08-21T13:43:07.747331,miller-moth (Perplexity),emergent,1.7904129793510324,17.85,221,17,1017,4,1,516636,0.9648030721823488,0.7000761851671196,6.424688269112783,unison,0.649068202757841
2026-08-21T13:58:07.537498,miller-moth (Perplexity),emergent,1.7904129793510324,17.85,221,17,1017,4,1,516636,0.9648030721823488,0.7000761851671196,6.424688269112783,unison,0.649068202757841
2026-08-21T14:13:07.534855,miller-moth (Perplexity),emergent,1.7904129793510324,17.85,221,17,1017,4,1,516636,0.9648030721823488,0.7000761851671196,6.424688269112783,unison,0.649068202757841
2026-08-21T14:28:07.368605,miller-moth (Perplexity),emergent,1.7904129793510324,17.85,221,17,1017,4,1,516636,0.9648030721823488,0.7000761851671196,6.424688269112783,unison,0.649068202757841
2026-08-21T14:43:08.078641,miller-moth (Perplexity),emergent,1.7904129793510324,17.85,221,17,1017,4,1,516636,0.9648030721823488,0.7000761851671196,6.424688269112783,unison,0.649068202757841
2026-08-21T14:58:08.195046,miller-moth (Perplexity),emergent,1.7904129793510324,17.85,221,17,1017,4,1,516636,0.9648030721823488,0.7000761851671196,6.424688269112783,unison,0.649068202757841
2026-08-21T15:13:09.953763,miller-moth (Perplexity),emergent,1.7904129793510324,17.85,221,17,1017,4,1,516636,0.9648030721823488,0.7000761851671196,6.424688269112783,unison,0.649068202757841
2026-08-21T15:28:08.547374,miller-moth (Perplexity),emergent,1.7904129793510324,17.85,221,17,1017,4,1,516636,0.9648030721823488,0.7000761851671196,6.424688269112783,unison,0.649068202757841
2026-08-21T15:43:09.513869,miller-moth (Perplexity),emergent,1.7904129793510324,17.85,221,17,1017,4,1,516636,0.9648030721823488,0.7000761851671196,6.424688269112783,unison,0.649068202757841
2026-08-21T15:58:08.808464,miller-moth (Perplexity),emergent,1.7904129793510324,17.85,221,17,1017,4,1,516636,0.9648030721823488,0.7000761851671196,6.424688269112783,unison,0.649068202757841
2026-08-21T16:13:08.822020,miller-moth (Perplexity),emergent,1.7904129793510324,17.85,221,17,1017,4,1,516636,0.9648030721823488,0.7000761851671196,6.424688269112783,unison,0.649068202757841
2026-08-21T16:28:40.960903,miller-moth (Perplexity),emergent,1.7904129793510324,17.85,221,17,1017,4,1,516636,0.9648030721823488,0.7000761851671196,6.424688269112783,unison,0.649068202757841
2026-08-21T16:43:33.011020,miller-moth (Perplexity),emergent,1.7904129793510324,17.85,221,17,1017,4,1,516636,0.9648030721823488,0.7000761851671196,6.424688269112783,unison,0.649068202757841
2026-08-21T16:58:33.701258,miller-moth (Perplexity),emergent,1.7904129793510324,17.85,221,17,1017,4,1,516636,0.9648030721823488,0.7000761851671196,6.424688269112783,unison,0.649068202757841
2026-08-21T17:13:33.418521,miller-moth (Perplexity),emergent,1.7904129793510324,17.85,221,17,1017,4,1,516636,0.9648030721823488,0.7000761851671196,6.424688269112783,unison,0.649068202757841
2026-08-21T17:28:34.111141,miller-moth (Perplexity),emergent,1.7904129793510324,17.85,221,17,1017,4,1,516636,0.9648030721823488,0.7000761851671196,6.424688269112783,unison,0.649068202757841
2026-08-21T17:43:42.347898,miller-moth (Perplexity),emergent,1.7904129793510324,17.85,221,17,1017,4,1,516636,0.9648030721823488,0.7000761851671196,6.424688269112783,unison,0.649068202757841
2026-08-21T17:58:34.477343,miller-moth (Perplexity),emergent,1.7904129793510324,17.85,221,17,1017,4,1,516636,0.9648030721823488,0.7000761851671196,6.424688269112783,unison,0.649068202757841
2026-08-21T18:13:46.096418,miller-moth (Perplexity),emergent,1.7904129793510324,17.85,221,17,1017,4,1,516636,0.9648030721823488,0.7000761851671196,6.424688269112783,unison,0.649068202757841
2026-08-21T18:28:53.001479,miller-moth (Perplexity),emergent,1.7904129793510324,17.85,221,17,1017,4,1,516636,0.9648030721823488,0.7000761851671196,6.424688269112783,unison,0.649068202757841
2026-08-21T18:44:00.633620,miller-moth (Perplexity),emergent,1.7904129793510324,17.85,221,17,1017,4,1,516636,0.9648030721823488,0.7000761851671196,6.424688269112783,unison,0.649068202757841
2026-08-21T18:59:18.973510,miller-moth (Perplexity),emergent,1.7904129793510324,17.85,221,17,1017,4,1,516636,0.9648030721823488,0.7000761851671196,6.424688269112783,unison,0.649068202757841
2026-08-21T19:14:21.996750,miller-moth (Perplexity),emergent,1.7904129793510324,17.85,221,17,1017,4,1,516636,0.9648030721823488,0.7000761851671196,6.424688269112783,unison,0.649068202757841
2026-08-21T19:29:22.961688,miller-moth (Perplexity),emergent,1.7904129793510324,17.85,221,17,1017,4,1,516636,0.9648030721823488,0.7000761851671196,6.424688269112783,unison,0.649068202757841
2026-08-21T19:44:28.375229,miller-moth (Perplexity),emergent,1.7904129793510324,17.85,221,17,1017,4,1,516636,0.9648030721823488,0.7000761851671196,6.424688269112783,unison,0.649068202757841
2026-08-21T22:33:51.152770,miller-moth (Perplexity),emergent,1.7904129793510324,17.85,221,17,1017,4,1,516636,0.9648030721823488,0.7000761851671196,6.424688269112783,unison,0.649068202757841
2026-08-21T22:48:49.565146,miller-moth (Perplexity),emergent,1.7904129793510324,17.85,221,17,1017,4,1,516636,0.9648030721823488,0.7000761851671196,6.424688269112783,unison,0.649068202757841
2026-08-21T23:03:49.847186,miller-moth (Perplexity),emergent,1.7904129793510324,17.85,221,17,1017,4,1,516636,0.9648030721823488,0.7000761851671196,6.424688269112783,unison,0.649068202757841
2026-08-21T23:18:52.704363,miller-moth (Perplexity),emergent,1.7904129793510324,17.85,221,17,1017,4,1,516636,0.9648030721823488,0.7000761851671196,6.424688269112783,unison,0.649068202757841
2026-08-21T23:33:50.447623,miller-moth (Perplexity),emergent,1.7904129793510324,17.85,221,17,1017,4,1,516636,0.9648030721823488,0.7000761851671196,6.424688269112783,unison,0.649068202757841
2026-08-21T23:48:50.912939,miller-moth (Perplexity),emergent,1.7904129793510324,17.85,221,17,1017,4,1,516636,0.9648030721823488,0.7000761851671196,6.424688269112783,unison,0.649068202757841
2026-08-22T00:03:51.428103,miller-moth (Perplexity),emergent,1.7904129793510324,17.85,221,17,1017,4,1,516636,0.9648030721823488,0.7000761851671196,6.424688269112783,unison,0.649068202757841
2026-08-22T00:18:52.707635,miller-moth (Perplexity),emergent,1.7904129793510324,17.85,221,17,1017,4,1,516636,0.9648030721823488,0.7000761851671196,6.424688269112783,unison,0.649068202757841
2026-08-22T00:33:52.393655,miller-moth (Perplexity),emergent,1.7904129793510324,17.85,221,17,1017,4,1,516636,0.9648030721823488,0.7000761851671196,6.424688269112783,unison,0.649068202757841
2026-08-22T00:48:52.474356,miller-moth (Perplexity),emergent,1.7904129793510324,17.85,221,17,1017,4,1,516636,0.9648030721823488,0.7000761851671196,6.424688269112783,unison,0.649068202757841
2026-08-22T01:03:53.648644,miller-moth (Perplexity),emergent,1.7904129793510324,17.85,221,17,1017,4,1,516636,0.9648030721823488,0.7000761851671196,6.424688269112783,unison,0.649068202757841
2026-08-22T01:19:03.639274,miller-moth (Perplexity),emergent,1.7904129793510324,17.85,221,17,1017,4,1,516636,0.9648030721823488,0.7000761851671196,6.424688269112783,unison,0.649068202757841
2026-08-22T01:33:54.291446,miller-moth (Perplexity),emergent,1.7904129793510324,17.85,221,17,1017,4,1,516636,0.9648030721823488,0.7000761851671196,6.424688269112783,unison,0.649068202757841
2026-08-22T01:48:55.645492,miller-moth (Perplexity),emergent,1.7904129793510324,17.85,221,17,1017,4,1,516636,0.9648030721823488,0.7000761851671196,6.424688269112783,unison,0.649068202757841
2026-08-22T02:03:55.347591,miller-moth (Perplexity),emergent,1.7904129793510324,17.85,221,17,1017,4,1,516636,0.9648030721823488,0.7000761851671196,6.424688269112783,unison,0.649068202757841
2026-08-22T02:19:02.153658,miller-moth (Perplexity),emergent,1.7904129793510324,17.85,221,17,1017,4,1,516636,0.9648030721823488,0.7000761851671196,6.424688269112783,unison,0.649068202757841
2026-08-22T02:33:59.724925,miller-moth (Perplexity),emergent,1.7904129793510324,17.85,221,17,1017,4,1,516636,0.9648030721823488,0.7000761851671196,6.424688269112783,unison,0.649068202757841
2026-08-22T02:49:14.822353,miller-moth (Perplexity),emergent,1.7904129793510324,17.85,221,17,1017,4,1,516636,0.9648030721823488,0.7000761851671196,6.424688269112783,unison,0.649068202757841
2026-08-22T03:04:13.134818,miller-moth (Perplexity),emergent,1.7904129793510324,17.85,221,17,1017,4,1,516636,0.9648030721823488,0.7000761851671196,6.424688269112783,unison,0.649068202757841
2026-08-22T03:19:12.732647,miller-moth (Perplexity),emergent,1.7904129793510324,17.85,221,17,1017,4,1,516636,0.9648030721823488,0.7000761851671196,6.424688269112783,unison,0.649068202757841
2026-08-22T03:34:12.796174,miller-moth (Perplexity),emergent,1.7904129793510324,17.85,221,17,1017,4,1,516636,0.9648030721823488,0.7000761851671196,6.424688269112783,unison,0.649068202757841
2026-08-22T03:49:13.147271,miller-moth (Perplexity),emergent,1.7904129793510324,17.85,221,17,1017,4,1,516636,0.9648030721823488,0.7000761851671196,6.424688269112783,unison,0.649068202757841
2026-08-22T04:04:23.234988,miller-moth (Perplexity),emergent,1.7904129793510324,17.85,221,17,1017,4,1,516636,0.9648030721823488,0.7000761851671196,6.424688269112783,unison,0.649068202757841
2026-08-22T04:19:18.880194,miller-moth (Perplexity),emergent,1.7904129793510324,17.85,221,17,1017,4,1,516636,0.9648030721823488,0.7000761851671196,6.424688269112783,unison,0.649068202757841
2026-08-22T04:34:15.780010,miller-moth (Perplexity),emergent,1.7904129793510324,17.85,221,17,1017,4,1,516636,0.9648030721823488,0.7000761851671196,6.424688269112783,unison,0.649068202757841
2026-08-22T04:49:15.662413,miller-moth (Perplexity),emergent,1.7904129793510324,17.85,221,17,1017,4,1,516636,0.9648030721823488,0.7000761851671196,6.424688269112783,unison,0.649068202757841
2026-08-22T05:04:15.010050,miller-moth (Perplexity),emergent,1.7904129793510324,17.85,221,17,1017,4,1,516636,0.9648030721823488,0.7000761851671196,6.424688269112783,unison,0.649068202757841
2026-08-22T05:19:15.513905,miller-moth (Perplexity),emergent,1.7904129793510324,17.85,221,17,1017,4,1,516636,0.9648030721823488,0.7000761851671196,6.424688269112783,unison,0.649068202757841
2026-08-22T05:34:16.834093,miller-moth (Perplexity),emergent,1.7904129793510324,17.85,221,17,1017,4,1,516636,0.9648030721823488,0.7000761851671196,6.424688269112783,unison,0.649068202757841
2026-08-22T05:49:15.425692,miller-moth (Perplexity),emergent,1.7904129793510324,17.85,221,17,1017,4,1,516636,0.9648030721823488,0.7000761851671196,6.424688269112783,unison,0.649068202757841
2026-08-22T06:04:22.704659,miller-moth (Perplexity),emergent,1.7904129793510324,17.85,221,17,1017,4,1,516636,0.9648030721823488,0.7000761851671196,6.424688269112783,unison,0.649068202757841
2026-08-22T06:19:18.610342,miller-moth (Perplexity),emergent,1.7904129793510324,17.85,221,17,1017,4,1,516636,0.9648030721823488,0.7000761851671196,6.424688269112783,unison,0.649068202757841
2026-08-22T06:34:15.759421,miller-moth (Perplexity),emergent,1.7904129793510324,17.85,221,17,1017,4,1,516636,0.9648030721823488,0.7000761851671196,6.424688269112783,unison,0.649068202757841
2026-08-22T06:49:16.331027,miller-moth (Perplexity),emergent,1.7904129793510324,17.85,221,17,1017,4,1,516636,0.9648030721823488,0.7000761851671196,6.424688269112783,unison,0.649068202757841
2026-08-22T07:04:15.917477,miller-moth (Perplexity),emergent,1.7904129793510324,17.85,221,17,1017,4,1,516636,0.9648030721823488,0.7000761851671196,6.424688269112783,unison,0.649068202757841
2026-08-22T07:19:16.623087,miller-moth (Perplexity),emergent,1.7904129793510324,17.85,221,17,1017,4,1,516636,0.9648030721823488,0.7000761851671196,6.424688269112783,unison,0.649068202757841
2026-08-22T07:34:55.107204,miller-moth (Perplexity),emergent,1.7904129793510324,17.85,221,17,1017,4,1,516636,0.9648030721823488,0.7000761851671196,6.424688269112783,unison,0.649068202757841
2026-08-22T07:49:50.677380,miller-moth (Perplexity),emergent,1.7904129793510324,17.85,221,17,1017,4,1,516636,0.9648030721823488,0.7000761851671196,6.424688269112783,unison,0.649068202757841
2026-08-22T08:04:49.104372,miller-moth (Perplexity),emergent,1.7904129793510324,17.85,221,17,1017,4,1,516636,0.9648030721823488,0.7000761851671196,6.424688269112783,unison,0.649068202757841
2026-08-22T08:19:48.761380,miller-moth (Perplexity),emergent,1.7904129793510324,17.85,221,17,1017,4,1,516636,0.9648030721823488,0.7000761851671196,6.424688269112783,unison,0.649068202757841
2026-08-22T08:34:49.237210,miller-moth (Perplexity),emergent,1.7904129793510324,17.85,221,17,1017,4,1,516636,0.9648030721823488,0.7000761851671196,6.424688269112783,unison,0.649068202757841
2026-08-22T08:41:26.922714,miller-moth (Perplexity),emergent,1.7904129793510324,17.85,221,17,1017,4,1,516636,0.9648030721823488,0.7000761851671196,6.424688269112783,unison,0.649068202757841
2026-08-22T08:56:24.453075,miller-moth (Perplexity),emergent,1.7904129793510324,17.85,221,17,1017,4,1,516636,0.9648030721823488,0.7000761851671196,6.424688269112783,unison,0.649068202757841
2026-08-22T09:11:24.761698,miller-moth (Perplexity),emergent,1.7904129793510324,17.85,221,17,1017,4,1,516636,0.9648030721823488,0.7000761851671196,6.424688269112783,unison,0.649068202757841
2026-08-22T09:26:25.218536,miller-moth (Perplexity),emergent,1.7904129793510324,17.85,221,17,1017,4,1,516636,0.9648030721823488,0.7000761851671196,6.424688269112783,unison,0.649068202757841
2026-08-22T09:41:24.599826,miller-moth (Perplexity),emergent,1.7904129793510324,17.85,221,17,1017,4,1,516636,0.9648030721823488,0.7000761851671196,6.424688269112783,unison,0.649068202757841
2026-08-22T09:56:27.249735,miller-moth (Perplexity),emergent,1.7904129793510324,17.85,221,17,1017,4,1,516636,0.9648030721823488,0.7000761851671196,6.424688269112783,unison,0.649068202757841
2026-08-22T10:11:26.603749,miller-moth (Perplexity),emergent,1.7904129793510324,17.85,221,17,1017,4,1,516636,0.9648030721823488,0.7000761851671196,6.424688269112783,unison,0.649068202757841
2026-08-22T10:26:27.549916,miller-moth (Perplexity),emergent,1.7904129793510324,17.85,221,17,1017,4,1,516636,0.9648030721823488,0.7000761851671196,6.424688269112783,unison,0.649068202757841
2026-08-22T10:41:28.380865,miller-moth (Perplexity),emergent,1.7904129793510324,17.85,221,17,1017,4,1,516636,0.9648030721823488,0.7000761851671196,6.424688269112783,unison,0.649068202757841
2026-08-22T10:56:30.855930,miller-moth (Perplexity),emergent,1.7904129793510324,17.85,221,17,1017,4,1,516636,0.9648030721823488,0.7000761851671196,6.424688269112783,unison,0.649068202757841
2026-08-22T11:11:30.940685,miller-moth (Perplexity),emergent,1.7904129793510324,17.85,221,17,1017,4,1,516636,0.9648030721823488,0.7000761851671196,6.424688269112783,unison,0.649068202757841
2026-08-22T11:26:31.839504,miller-moth (Perplexity),emergent,1.7904129793510324,17.85,221,17,1017,4,1,516636,0.9648030721823488,0.7000761851671196,6.424688269112783,unison,0.649068202757841
2026-08-22T11:41:32.260491,miller-moth (Perplexity),emergent,1.7904129793510324,17.85,221,17,1017,4,1,516636,0.9648030721823488,0.7000761851671196,6.424688269112783,unison,0.649068202757841
2026-08-22T11:56:32.197141,miller-moth (Perplexity),emergent,1.7904129793510324,17.85,221,17,1017,4,1,516636,0.9648030721823488,0.7000761851671196,6.424688269112783,unison,0.649068202757841
2026-08-22T12:11:31.996166,miller-moth (Perplexity),emergent,1.7904129793510324,17.85,221,17,1017,4,1,516636,0.9648030721823488,0.7000761851671196,6.424688269112783,unison,0.649068202757841
2026-08-22T12:26:32.373879,miller-moth (Perplexity),emergent,1.7904129793510324,17.85,221,17,1017,4,1,516636,0.9648030721823488,0.7000761851671196,6.424688269112783,unison,0.649068202757841
2026-08-22T12:41:32.957222,miller-moth (Perplexity),emergent,1.7904129793510324,17.85,221,17,1017,4,1,516636,0.9648030721823488,0.7000761851671196,6.424688269112783,unison,0.649068202757841
2026-08-22T12:56:33.174105,miller-moth (Perplexity),emergent,1.7904129793510324,17.85,221,17,1017,4,1,516636,0.9648030721823488,0.7000761851671196,6.424688269112783,unison,0.649068202757841
2026-08-22T13:11:33.039258,miller-moth (Perplexity),emergent,1.7904129793510324,17.85,221,17,1017,4,1,516636,0.9648030721823488,0.7000761851671196,6.424688269112783,unison,0.649068202757841
2026-08-22T13:26:32.888591,miller-moth (Perplexity),emergent,1.7904129793510324,17.85,221,17,1017,4,1,516636,0.9648030721823488,0.7000761851671196,6.424688269112783,unison,0.649068202757841
2026-08-22T13:41:32.869622,miller-moth (Perplexity),emergent,1.7904129793510324,17.85,221,17,1017,4,1,516636,0.9648030721823488,0.7000761851671196,6.424688269112783,unison,0.649068202757841
2026-08-22T13:56:32.813906,miller-moth (Perplexity),emergent,1.7904129793510324,17.85,221,17,1017,4,1,516636,0.9648030721823488,0.7000761851671196,6.424688269112783,unison,0.649068202757841
2026-08-22T14:11:33.098416,miller-moth (Perplexity),emergent,1.7904129793510324,17.85,221,17,1017,4,1,516636,0.9648030721823488,0.7000761851671196,6.424688269112783,unison,0.649068202757841
2026-08-22T14:26:33.131523,miller-moth (Perplexity),emergent,1.7904129793510324,17.85,221,17,1017,4,1,516636,0.9648030721823488,0.7000761851671196,6.424688269112783,unison,0.649068202757841
2026-08-22T14:41:34.052989,miller-moth (Perplexity),emergent,1.7904129793510324,17.85,221,17,1017,4,1,516636,0.9648030721823488,0.7000761851671196,6.424688269112783,unison,0.649068202757841
2026-08-22T14:56:33.954403,miller-moth (Perplexity),emergent,1.7904129793510324,17.85,221,17,1017,4,1,516636,0.9648030721823488,0.7000761851671196,6.424688269112783,unison,0.649068202757841
2026-08-22T15:11:34.152440,miller-moth (Perplexity),emergent,1.7904129793510324,17.85,221,17,1017,4,1,516636,0.9648030721823488,0.7000761851671196,6.424688269112783,unison,0.649068202757841
2026-08-22T15:26:34.276169,miller-moth (Perplexity),emergent,1.7904129793510324,17.85,221,17,1017,4,1,516636,0.9648030721823488,0.7000761851671196,6.424688269112783,unison,0.649068202757841
2026-08-22T15:41:34.324621,miller-moth (Perplexity),emergent,1.7904129793510324,17.85,221,17,1017,4,1,516636,0.9648030721823488,0.7000761851671196,6.424688269112783,unison,0.649068202757841
2026-08-22T15:56:35.062210,miller-moth (Perplexity),emergent,1.7904129793510324,17.85,221,17,1017,4,1,516636,0.9648030721823488,0.7000761851671196,6.424688269112783,unison,0.649068202757841
2026-08-22T16:11:34.636856,miller-moth (Perplexity),emergent,1.7904129793510324,17.85,221,17,1017,4,1,516636,0.9648030721823488,0.7000761851671196,6.424688269112783,unison,0.649068202757841
2026-08-22T16:26:34.963875,miller-moth (Perplexity),emergent,1.7904129793510324,17.85,221,17,1017,4,1,516636,0.9648030721823488,0.7000761851671196,6.424688269112783,unison,0.649068202757841
2026-08-22T16:41:35.167203,miller-moth (Perplexity),emergent,1.7904129793510324,17.85,221,17,1017,4,1,516636,0.9648030721823488,0.7000761851671196,6.424688269112783,unison,0.649068202757841
2026-08-22T16:56:35.232382,miller-moth (Perplexity),emergent,1.7904129793510324,17.85,221,17,1017,4,1,516636,0.9648030721823488,0.7000761851671196,6.424688269112783,unison,0.649068202757841
2026-08-22T17:11:35.521847,miller-moth (Perplexity),emergent,1.7904129793510324,17.85,221,17,1017,4,1,516636,0.9648030721823488,0.7000761851671196,6.424688269112783,unison,0.649068202757841
2026-08-22T17:26:35.511613,miller-moth (Perplexity),emergent,1.7904129793510324,17.85,221,17,1017,4,1,516636,0.9648030721823488,0.7000761851671196,6.424688269112783,unison,0.649068202757841
2026-08-22T17:41:35.561151,miller-moth (Perplexity),emergent,1.7904129793510324,17.85,221,17,1017,4,1,516636,0.9648030721823488,0.7000761851671196,6.424688269112783,unison,0.649068202757841
2026-08-22T17:56:36.232354,miller-moth (Perplexity),emergent,1.7904129793510324,17.85,221,17,1017,4,1,516636,0.9648030721823488,0.7000761851671196,6.424688269112783,unison,0.649068202757841
2026-08-22T18:11:35.897367,miller-moth (Perplexity),emergent,1.7904129793510324,17.85,221,17,1017,4,1,516636,0.9648030721823488,0.7000761851671196,6.424688269112783,unison,0.649068202757841
2026-08-22T18:26:35.980704,miller-moth (Perplexity),emergent,1.7904129793510324,17.85,221,17,1017,4,1,516636,0.9648030721823488,0.7000761851671196,6.424688269112783,unison,0.649068202757841
2026-08-22T18:41:35.981609,miller-moth (Perplexity),emergent,1.7904129793510324,17.85,221,17,1017,4,1,516636,0.9648030721823488,0.7000761851671196,6.424688269112783,unison,0.649068202757841
2026-08-22T18:56:36.025026,miller-moth (Perplexity),emergent,1.7904129793510324,17.85,221,17,1017,4,1,516636,0.9648030721823488,0.7000761851671196,6.424688269112783,unison,0.649068202757841
2026-08-22T19:11:36.101891,miller-moth (Perplexity),emergent,1.7904129793510324,17.85,221,17,1017,4,1,516636,0.9648030721823488,0.7000761851671196,6.424688269112783,unison,0.649068202757841
2026-08-22T19:26:36.817601,miller-moth (Perplexity),emergent,1.7904129793510324,17.85,221,17,1017,4,1,516636,0.9648030721823488,0.7000761851671196,6.424688269112783,unison,0.649068202757841
2026-08-22T19:41:36.870973,miller-moth (Perplexity),emergent,1.7904129793510324,17.85,221,17,1017,4,1,516636,0.9648030721823488,0.7000761851671196,6.424688269112783,unison,0.649068202757841
2026-08-22T19:56:37.186308,miller-moth (Perplexity),emergent,1.7904129793510324,17.85,221,17,1017,4,1,516636,0.9648030721823488,0.7000761851671196,6.424688269112783,unison,0.649068202757841
2026-08-22T20:11:37.985596,miller-moth (Perplexity),emergent,1.7904129793510324,17.85,221,17,1017,4,1,516636,0.9648030721823488,0.7000761851671196,6.424688269112783,unison,0.649068202757841
2026-08-22T20:26:38.119608,miller-moth (Perplexity),emergent,1.7904129793510324,17.85,221,17,1017,4,1,516636,0.9648030721823488,0.7000761851671196,6.424688269112783,unison,0.649068202757841
2026-08-22T20:41:38.155861,miller-moth (Perplexity),emergent,1.7904129793510324,17.85,221,17,1017,4,1,516636,0.9648030721823488,0.7000761851671196,6.424688269112783,unison,0.649068202757841
2026-08-22T20:56:37.866542,miller-moth (Perplexity),emergent,1.7904129793510324,17.85,221,17,1017,4,1,516636,0.9648030721823488,0.7000761851671196,6.424688269112783,unison,0.649068202757841
2026-08-22T21:11:38.139216,miller-moth (Perplexity),emergent,1.7904129793510324,17.85,221,17,1017,4,1,516636,0.9648030721823488,0.7000761851671196,6.424688269112783,unison,0.649068202757841
2026-08-22T21:26:37.886893,miller-moth (Perplexity),emergent,1.7904129793510324,17.85,221,17,1017,4,1,516636,0.9648030721823488,0.7000761851671196,6.424688269112783,unison,0.649068202757841
2026-08-22T21:41:39.402449,miller-moth (Perplexity),emergent,1.7904129793510324,17.85,221,17,1017,4,1,516636,0.9648030721823488,0.7000761851671196,6.424688269112783,unison,0.649068202757841
2026-08-22T21:56:39.476295,miller-moth (Perplexity),emergent,1.7904129793510324,17.85,221,17,1017,4,1,516636,0.9648030721823488,0.7000761851671196,6.424688269112783,unison,0.649068202757841
2026-08-22T22:11:39.335814,miller-moth (Perplexity),emergent,1.7904129793510324,17.85,221,17,1017,4,1,516636,0.9648030721823488,0.7000761851671196,6.424688269112783,unison,0.649068202757841
2026-08-22T22:26:51.041245,miller-moth (Perplexity),emergent,1.7904129793510324,17.85,221,17,1017,4,1,516636,0.9648030721823488,0.7000761851671196,6.424688269112783,unison,0.649068202757841
2026-08-22T22:41:47.374672,miller-moth (Perplexity),emergent,1.7904129793510324,17.85,221,17,1017,4,1,516636,0.9648030721823488,0.7000761851671196,6.424688269112783,unison,0.649068202757841
2026-08-22T22:56:56.391867,miller-moth (Perplexity),emergent,1.7904129793510324,17.85,221,17,1017,4,1,516636,0.9648030721823488,0.7000761851671196,6.424688269112783,unison,0.649068202757841
2026-08-22T23:12:00.974652,miller-moth (Perplexity),emergent,1.7904129793510324,17.85,221,17,1017,4,1,516636,0.9648030721823488,0.7000761851671196,6.424688269112783,unison,0.649068202757841
2026-08-22T23:27:10.016122,miller-moth (Perplexity),emergent,1.7904129793510324,17.85,221,17,1017,4,1,516636,0.9648030721823488,0.7000761851671196,6.424688269112783,unison,0.649068202757841
2026-08-22T23:42:09.832171,miller-moth (Perplexity),emergent,1.7904129793510324,17.85,221,17,1017,4,1,516636,0.9648030721823488,0.7000761851671196,6.424688269112783,unison,0.649068202757841
2026-08-22T23:57:09.919486,miller-moth (Perplexity),emergent,1.7904129793510324,17.85,221,17,1017,4,1,516636,0.9648030721823488,0.7000761851671196,6.424688269112783,unison,0.649068202757841
2026-08-23T00:12:16.980125,miller-moth (Perplexity),emergent,1.7904129793510324,17.85,221,17,1017,4,1,516636,0.9648030721823488,0.7000761851671196,6.424688269112783,unison,0.649068202757841
2026-08-23T00:27:15.138394,miller-moth (Perplexity),emergent,1.7904129793510324,17.85,221,17,1017,4,1,516636,0.9648030721823488,0.7000761851671196,6.424688269112783,unison,0.649068202757841
2026-08-23T00:42:14.615304,miller-moth (Perplexity),emergent,1.7904129793510324,17.85,221,17,1017,4,1,516636,0.9648030721823488,0.7000761851671196,6.424688269112783,unison,0.649068202757841
2026-08-23T00:57:14.578379,miller-moth (Perplexity),emergent,1.7904129793510324,17.85,221,17,1017,4,1,516636,0.9648030721823488,0.7000761851671196,6.424688269112783,unison,0.649068202757841
2026-08-23T01:12:16.296382,miller-moth (Perplexity),emergent,1.7904129793510324,17.85,221,17,1017,4,1,516636,0.9648030721823488,0.7000761851671196,6.424688269112783,unison,0.649068202757841
2026-08-23T01:27:15.489613,miller-moth (Perplexity),emergent,1.7904129793510324,17.85,221,17,1017,4,1,516636,0.9648030721823488,0.7000761851671196,6.424688269112783,unison,0.649068202757841
2026-08-23T01:42:14.919519,miller-moth (Perplexity),emergent,1.7904129793510324,17.85,221,17,1017,4,1,516636,0.9648030721823488,0.7000761851671196,6.424688269112783,unison,0.649068202757841
2026-08-23T01:57:15.261172,miller-moth (Perplexity),emergent,1.7904129793510324,17.85,221,17,1017,4,1,516636,0.9648030721823488,0.7000761851671196,6.424688269112783,unison,0.649068202757841
2026-08-23T02:12:15.521473,miller-moth (Perplexity),emergent,1.7904129793510324,17.85,221,17,1017,4,1,516636,0.9648030721823488,0.7000761851671196,6.424688269112783,unison,0.649068202757841
2026-08-23T02:27:16.996144,miller-moth (Perplexity),emergent,1.7904129793510324,17.85,221,17,1017,4,1,516636,0.9648030721823488,0.7000761851671196,6.424688269112783,unison,0.649068202757841
2026-08-23T02:42:15.651414,miller-moth (Perplexity),emergent,1.7904129793510324,17.85,221,17,1017,4,1,516636,0.9648030721823488,0.7000761851671196,6.424688269112783,unison,0.649068202757841
2026-08-23T02:57:16.204487,miller-moth (Perplexity),emergent,1.7904129793510324,17.85,221,17,1017,4,1,516636,0.9648030721823488,0.7000761851671196,6.424688269112783,unison,0.649068202757841
2026-08-23T03:12:15.887868,miller-moth (Perplexity),emergent,1.7904129793510324,17.85,221,17,1017,4,1,516636,0.9648030721823488,0.7000761851671196,6.424688269112783,unison,0.649068202757841
2026-08-23T03:27:17.925491,miller-moth (Perplexity),emergent,1.7904129793510324,17.85,221,17,1017,4,1,516636,0.9648030721823488,0.7000761851671196,6.424688269112783,unison,0.649068202757841
2026-08-23T03:42:17.644091,miller-moth (Perplexity),emergent,1.7904129793510324,17.85,221,17,1017,4,1,516636,0.9648030721823488,0.7000761851671196,6.424688269112783,unison,0.649068202757841
2026-08-23T03:57:19.229408,miller-moth (Perplexity),emergent,1.7904129793510324,17.85,221,17,1017,4,1,516636,0.9648030721823488,0.7000761851671196,6.424688269112783,unison,0.649068202757841
2026-08-23T04:12:19.172270,miller-moth (Perplexity),emergent,1.7904129793510324,17.85,221,17,1017,4,1,516636,0.9648030721823488,0.7000761851671196,6.424688269112783,unison,0.649068202757841
2026-08-23T04:27:19.557426,miller-moth (Perplexity),emergent,1.7904129793510324,17.85,221,17,1017,4,1,516636,0.9648030721823488,0.7000761851671196,6.424688269112783,unison,0.649068202757841
2026-08-23T04:42:18.958269,miller-moth (Perplexity),emergent,1.7904129793510324,17.85,221,17,1017,4,1,516636,0.9648030721823488,0.7000761851671196,6.424688269112783,unison,0.649068202757841
2026-08-23T04:57:18.955126,miller-moth (Perplexity),emergent,1.7904129793510324,17.85,221,17,1017,4,1,516636,0.9648030721823488,0.7000761851671196,6.424688269112783,unison,0.649068202757841
2026-08-23T05:12:20.747668,miller-moth (Perplexity),emergent,1.7904129793510324,17.85,221,17,1017,4,1,516636,0.9648030721823488,0.7000761851671196,6.424688269112783,unison,0.649068202757841
2026-08-23T05:27:22.591365,miller-moth (Perplexity),emergent,1.7904129793510324,17.85,221,17,1017,4,1,516636,0.9648030721823488,0.7000761851671196,6.424688269112783,unison,0.649068202757841
2026-08-23T05:42:21.540010,miller-moth (Perplexity),emergent,1.7904129793510324,17.85,221,17,1017,4,1,516636,0.9648030721823488,0.7000761851671196,6.424688269112783,unison,0.649068202757841
2026-08-23T05:57:22.972761,miller-moth (Perplexity),emergent,1.7904129793510324,17.85,221,17,1017,4,1,516636,0.9648030721823488,0.7000761851671196,6.424688269112783,unison,0.649068202757841
2026-08-23T06:12:21.195239,miller-moth (Perplexity),emergent,1.7904129793510324,17.85,221,17,1017,4,1,516636,0.9648030721823488,0.7000761851671196,6.424688269112783,unison,0.649068202757841
2026-08-23T06:27:22.135001,miller-moth (Perplexity),emergent,1.7904129793510324,17.85,221,17,1017,4,1,516636,0.9648030721823488,0.7000761851671196,6.424688269112783,unison,0.649068202757841
2026-08-23T06:42:21.435599,miller-moth (Perplexity),emergent,1.7904129793510324,17.85,221,17,1017,4,1,516636,0.9648030721823488,0.7000761851671196,6.424688269112783,unison,0.649068202757841
2026-08-23T06:57:21.775345,miller-moth (Perplexity),emergent,1.7904129793510324,17.85,221,17,1017,4,1,516636,0.9648030721823488,0.7000761851671196,6.424688269112783,unison,0.649068202757841
2026-08-23T07:12:22.306058,miller-moth (Perplexity),emergent,1.7904129793510324,17.85,221,17,1017,4,1,516636,0.9648030721823488,0.7000761851671196,6.424688269112783,unison,0.649068202757841
2026-08-23T07:27:22.009945,miller-moth (Perplexity),emergent,1.7904129793510324,17.85,221,17,1017,4,1,516636,0.9648030721823488,0.7000761851671196,6.424688269112783,unison,0.649068202757841
2026-08-23T07:42:21.943626,miller-moth (Perplexity),emergent,1.7904129793510324,17.85,221,17,1017,4,1,516636,0.9648030721823488,0.7000761851671196,6.424688269112783,unison,0.649068202757841
2026-08-23T07:57:22.492345,miller-moth (Perplexity),emergent,1.7904129793510324,17.85,221,17,1017,4,1,516636,0.9648030721823488,0.7000761851671196,6.424688269112783,unison,0.649068202757841
2026-08-23T08:12:22.608378,miller-moth (Perplexity),emergent,1.7904129793510324,17.85,221,17,1017,4,1,516636,0.9648030721823488,0.7000761851671196,6.424688269112783,unison,0.649068202757841
2026-08-23T08:27:22.361698,miller-moth (Perplexity),emergent,1.7904129793510324,17.85,221,17,1017,4,1,516636,0.9648030721823488,0.7000761851671196,6.424688269112783,unison,0.649068202757841
2026-08-23T08:42:22.354375,miller-moth (Perplexity),emergent,1.7904129793510324,17.85,221,17,1017,4,1,516636,0.9648030721823488,0.7000761851671196,6.424688269112783,unison,0.649068202757841
2026-08-23T08:57:23.879884,miller-moth (Perplexity),emergent,1.7904129793510324,17.85,221,17,1017,4,1,516636,0.9648030721823488,0.7000761851671196,6.424688269112783,unison,0.649068202757841
2026-08-23T09:12:22.759419,miller-moth (Perplexity),emergent,1.7904129793510324,17.85,221,17,1017,4,1,516636,0.9648030721823488,0.7000761851671196,6.424688269112783,unison,0.649068202757841
2026-08-23T09:27:22.822871,miller-moth (Perplexity),emergent,1.7904129793510324,17.85,221,17,1017,4,1,516636,0.9648030721823488,0.7000761851671196,6.424688269112783,unison,0.649068202757841
2026-08-23T09:42:23.156945,miller-moth (Perplexity),emergent,1.7904129793510324,17.85,221,17,1017,4,1,516636,0.9648030721823488,0.7000761851671196,6.424688269112783,unison,0.649068202757841
2026-08-23T09:57:32.148660,miller-moth (Perplexity),emergent,1.7904129793510324,17.85,221,17,1017,4,1,516636,0.9648030721823488,0.7000761851671196,6.424688269112783,unison,0.649068202757841
2026-08-23T10:12:26.485447,miller-moth (Perplexity),emergent,1.7904129793510324,17.85,221,17,1017,4,1,516636,0.9648030721823488,0.7000761851671196,6.424688269112783,unison,0.649068202757841
2026-08-23T10:27:46.795911,miller-moth (Perplexity),emergent,1.7904129793510324,17.85,221,17,1017,4,1,516636,0.9648030721823488,0.7000761851671196,6.424688269112783,unison,0.649068202757841
2026-08-23T10:43:04.642373,miller-moth (Perplexity),emergent,1.7904129793510324,17.85,221,17,1017,4,1,516636,0.9648030721823488,0.7000761851671196,6.424688269112783,unison,0.649068202757841
2026-08-23T10:58:05.450984,miller-moth (Perplexity),emergent,1.7904129793510324,17.85,221,17,1017,4,1,516636,0.9648030721823488,0.7000761851671196,6.424688269112783,unison,0.649068202757841
2026-08-23T11:13:46.914563,miller-moth (Perplexity),emergent,1.7904129793510324,17.85,221,17,1017,4,1,516636,0.9648030721823488,0.7000761851671196,6.424688269112783,unison,0.649068202757841
2026-08-23T11:28:47.904284,miller-moth (Perplexity),emergent,1.7904129793510324,17.85,221,17,1017,1,1,516636,0.9648030721823488,0.7000761851671196,6.424688269112783,unison,0.4824015360911744
2026-08-23T11:43:49.544636,miller-moth (Perplexity),emergent,1.7904129793510324,17.85,221,17,1017,1,1,516636,0.9648030721823488,0.7000761851671196,6.424688269112783,unison,0.4824015360911744
2026-08-23T11:59:00.896647,miller-moth (Perplexity),emergent,1.7904129793510324,17.85,221,17,1017,1,1,516636,0.9648030721823488,0.7000761851671196,6.424688269112783,unison,0.4824015360911744
2026-08-23T12:13:59.438982,miller-moth (Perplexity),emergent,1.7904129793510324,17.85,221,17,1017,1,1,516636,0.9648030721823488,0.7000761851671196,6.424688269112783,unison,0.4824015360911744
2026-08-23T12:28:59.242179,miller-moth (Perplexity),emergent,1.7904129793510324,17.85,221,17,1017,1,1,516636,0.9648030721823488,0.7000761851671196,6.424688269112783,unison,0.4824015360911744
2026-08-23T12:43:59.709747,miller-moth (Perplexity),emergent,1.7904129793510324,17.85,221,17,1017,1,1,516636,0.9648030721823488,0.7000761851671196,6.424688269112783,unison,0.4824015360911744
2026-08-23T12:58:59.976291,miller-moth (Perplexity),emergent,1.7904129793510324,17.85,221,17,1017,1,1,516636,0.9648030721823488,0.7000761851671196,6.424688269112783,unison,0.4824015360911744
2026-08-23T13:14:01.901782,miller-moth (Perplexity),emergent,1.7904129793510324,17.85,221,17,1017,1,1,516636,0.9648030721823488,0.7000761851671196,6.424688269112783,unison,0.4824015360911744
2026-08-23T13:29:00.612755,miller-moth (Perplexity),emergent,1.7904129793510324,17.85,221,17,1017,1,1,516636,0.9648030721823488,0.7000761851671196,6.424688269112783,unison,0.4824015360911744
2026-08-23T13:44:02.417545,miller-moth (Perplexity),emergent,1.7904129793510324,17.85,221,17,1017,1,1,516636,0.9648030721823488,0.7000761851671196,6.424688269112783,unison,0.4824015360911744
2026-08-23T13:59:05.651842,miller-moth (Perplexity),emergent,1.7904129793510324,17.85,221,17,1017,1,1,516636,0.9648030721823488,0.7000761851671196,6.424688269112783,unison,0.4824015360911744
2026-08-23T14:14:01.807951,miller-moth (Perplexity),emergent,1.7904129793510324,17.85,221,17,1017,1,1,516636,0.9648030721823488,0.7000761851671196,6.424688269112783,unison,0.4824015360911744
2026-08-23T14:29:02.359234,miller-moth (Perplexity),emergent,1.7904129793510324,17.85,221,17,1017,1,1,516636,0.9648030721823488,0.7000761851671196,6.424688269112783,unison,0.4824015360911744
2026-08-23T14:44:07.146905,miller-moth (Perplexity),emergent,1.7904129793510324,17.85,221,17,1017,1,1,516636,0.9648030721823488,0.7000761851671196,6.424688269112783,unison,0.4824015360911744
2026-08-23T14:59:16.249203,miller-moth (Perplexity),emergent,1.7904129793510324,17.85,221,17,1017,1,1,516636,0.9648030721823488,0.7000761851671196,6.424688269112783,unison,0.4824015360911744
2026-08-23T15:14:18.001140,miller-moth (Perplexity),emergent,1.7904129793510324,17.85,221,17,1017,1,1,516636,0.9648030721823488,0.7000761851671196,6.424688269112783,unison,0.4824015360911744
2026-08-23T15:29:17.113473,miller-moth (Perplexity),emergent,1.7904129793510324,17.85,221,17,1017,1,1,516636,0.9648030721823488,0.7000761851671196,6.424688269112783,unison,0.4824015360911744
2026-08-23T15:44:19.155210,miller-moth (Perplexity),emergent,1.7904129793510324,17.85,221,17,1017,1,1,516636,0.9648030721823488,0.7000761851671196,6.424688269112783,unison,0.4824015360911744
2026-08-23T15:59:18.164906,miller-moth (Perplexity),emergent,1.7904129793510324,17.85,221,17,1017,1,1,516636,0.9648030721823488,0.7000761851671196,6.424688269112783,unison,0.4824015360911744
2026-08-23T16:14:18.072613,miller-moth (Perplexity),emergent,1.7904129793510324,17.85,221,17,1017,1,1,516636,0.9648030721823488,0.7000761851671196,6.424688269112783,unison,0.4824015360911744
2026-08-23T16:29:19.512583,miller-moth (Perplexity),emergent,1.7904129793510324,17.85,221,17,1017,1,1,516636,0.9648030721823488,0.7000761851671196,6.424688269112783,unison,0.4824015360911744
2026-08-23T16:44:19.076846,miller-moth (Perplexity),emergent,1.7904129793510324,17.85,221,17,1017,1,1,516636,0.9648030721823488,0.7000761851671196,6.424688269112783,unison,0.4824015360911744
2026-08-23T16:59:23.073784,miller-moth (Perplexity),emergent,1.7904129793510324,17.85,221,17,1017,1,1,516636,0.9648030721823488,0.7000761851671196,6.424688269112783,unison,0.4824015360911744
2026-08-23T17:14:19.190807,miller-moth (Perplexity),emergent,1.7904129793510324,17.85,221,17,1017,1,1,516636,0.9648030721823488,0.7000761851671196,6.424688269112783,unison,0.4824015360911744
2026-08-23T17:29:29.965537,miller-moth (Perplexity),emergent,1.7904129793510324,17.85,221,17,1017,1,1,516636,0.9648030721823488,0.7000761851671196,6.424688269112783,unison,0.4824015360911744
2026-08-23T17:44:34.103906,miller-moth (Perplexity),emergent,1.7904129793510324,17.85,221,17,1017,1,1,516636,0.9648030721823488,0.7000761851671196,6.424688269112783,unison,0.4824015360911744
2026-08-23T17:59:26.318888,miller-moth (Perplexity),emergent,1.7904129793510324,17.85,221,17,1017,1,1,516636,0.9648030721823488,0.7000761851671196,6.424688269112783,unison,0.4824015360911744
2026-08-23T18:14:34.967274,miller-moth (Perplexity),emergent,1.7904129793510324,17.85,221,17,1017,1,1,516636,0.9648030721823488,0.7000761851671196,6.424688269112783,unison,0.4824015360911744
2026-08-23T18:29:33.307093,miller-moth (Perplexity),emergent,1.7904129793510324,17.85,221,17,1017,1,1,516636,0.9648030721823488,0.7000761851671196,6.424688269112783,unison,0.4824015360911744
2026-08-23T18:44:32.531782,miller-moth (Perplexity),emergent,1.7904129793510324,17.85,221,17,1017,1,1,516636,0.9648030721823488,0.7000761851671196,6.424688269112783,unison,0.4824015360911744
2026-08-23T18:59:31.574895,miller-moth (Perplexity),emergent,1.7904129793510324,17.85,221,17,1017,1,1,516636,0.9648030721823488,0.7000761851671196,6.424688269112783,unison,0.4824015360911744
2026-08-23T19:14:31.982223,miller-moth (Perplexity),emergent,1.7904129793510324,17.85,221,17,1017,1,1,516636,0.9648030721823488,0.7000761851671196,6.424688269112783,unison,0.4824015360911744
2026-08-23T19:29:32.368584,miller-moth (Perplexity),emergent,1.7904129793510324,17.85,221,17,1017,1,1,516636,0.9648030721823488,0.7000761851671196,6.424688269112783,unison,0.4824015360911744
2026-08-23T19:44:32.437644,miller-moth (Perplexity),emergent,1.7904129793510324,17.85,221,17,1017,1,1,516636,0.9648030721823488,0.7000761851671196,6.424688269112783,unison,0.4824015360911744
2026-08-23T19:59:32.400046,miller-moth (Perplexity),emergent,1.7904129793510324,17.85,221,17,1017,1,1,516636,0.9648030721823488,0.7000761851671196,6.424688269112783,unison,0.4824015360911744
2026-08-23T20:14:32.484602,miller-moth (Perplexity),emergent,1.7904129793510324,17.85,221,17,1017,1,1,516636,0.9648030721823488,0.7000761851671196,6.424688269112783,unison,0.4824015360911744
2026-08-23T20:29:32.970103,miller-moth (Perplexity),emergent,1.7904129793510324,17.85,221,17,1017,1,1,516636,0.9648030721823488,0.7000761851671196,6.424688269112783,unison,0.4824015360911744
2026-08-23T20:44:32.960498,miller-moth (Perplexity),emergent,1.7904129793510324,17.85,221,17,1017,1,1,516636,0.9648030721823488,0.7000761851671196,6.424688269112783,unison,0.4824015360911744
2026-08-23T20:59:34.499466,miller-moth (Perplexity),emergent,1.7904129793510324,17.85,221,17,1017,1,1,516636,0.9648030721823488,0.7000761851671196,6.424688269112783,unison,0.4824015360911744
2026-08-23T21:14:32.903235,miller-moth (Perplexity),emergent,1.7904129793510324,17.85,221,17,1017,1,1,516636,0.9648030721823488,0.7000761851671196,6.424688269112783,unison,0.4824015360911744
2026-08-23T21:29:33.201409,miller-moth (Perplexity),emergent,1.7904129793510324,17.85,221,17,1017,1,1,516636,0.9648030721823488,0.7000761851671196,6.424688269112783,unison,0.4824015360911744
2026-08-23T21:44:33.276475,miller-moth (Perplexity),emergent,1.7904129793510324,17.85,221,17,1017,1,1,516636,0.9648030721823488,0.7000761851671196,6.424688269112783,unison,0.4824015360911744
2026-08-23T21:59:34.846205,miller-moth (Perplexity),emergent,1.7904129793510324,17.85,221,17,1017,1,1,516636,0.9648030721823488,0.7000761851671196,6.424688269112783,unison,0.4824015360911744
2026-08-23T22:14:33.864931,miller-moth (Perplexity),emergent,1.7904129793510324,17.85,221,17,1017,1,1,516636,0.9648030721823488,0.7000761851671196,6.424688269112783,unison,0.4824015360911744
2026-08-23T22:29:34.408960,miller-moth (Perplexity),emergent,1.7904129793510324,17.85,221,17,1017,1,1,516636,0.9648030721823488,0.7000761851671196,6.424688269112783,unison,0.4824015360911744
2026-08-23T22:44:34.297771,miller-moth (Perplexity),emergent,1.7904129793510324,17.85,221,17,1017,1,1,516636,0.9648030721823488,0.7000761851671196,6.424688269112783,unison,0.4824015360911744
2026-08-23T22:59:34.324697,miller-moth (Perplexity),emergent,1.7904129793510324,17.85,221,17,1017,1,1,516636,0.9648030721823488,0.7000761851671196,6.424688269112783,unison,0.4824015360911744
2026-08-23T23:14:34.012399,miller-moth (Perplexity),emergent,1.7904129793510324,17.85,221,17,1017,1,1,516636,0.9648030721823488,0.7000761851671196,6.424688269112783,unison,0.4824015360911744
2026-08-23T23:29:34.882750,miller-moth (Perplexity),emergent,1.7904129793510324,17.85,221,17,1017,1,1,516636,0.9648030721823488,0.7000761851671196,6.424688269112783,unison,0.4824015360911744
2026-08-23T23:44:37.977900,miller-moth (Perplexity),emergent,1.7904129793510324,17.85,221,17,1017,1,1,516636,0.9648030721823488,0.7000761851671196,6.424688269112783,unison,0.4824015360911744
2026-08-23T23:59:37.416567,miller-moth (Perplexity),emergent,1.7904129793510324,17.85,221,17,1017,1,1,516636,0.9648030721823488,0.7000761851671196,6.424688269112783,unison,0.4824015360911744
2026-08-24T00:14:37.984095,miller-moth (Perplexity),emergent,1.7904129793510324,17.85,221,17,1017,1,1,516636,0.9648030721823488,0.7000761851671196,6.424688269112783,unison,0.4824015360911744
2026-08-24T00:29:38.440877,miller-moth (Perplexity),emergent,1.7904129793510324,17.85,221,17,1017,1,1,516636,0.9648030721823488,0.7000761851671196,6.424688269112783,unison,0.4824015360911744
2026-08-24T00:44:47.594460,miller-moth (Perplexity),emergent,1.7904129793510324,17.85,221,17,1017,1,1,516636,0.9648030721823488,0.7000761851671196,6.424688269112783,unison,0.4824015360911744
2026-08-24T00:59:46.632637,miller-moth (Perplexity),emergent,1.7904129793510324,17.85,221,17,1017,1,1,516636,0.9648030721823488,0.7000761851671196,6.424688269112783,unison,0.4824015360911744
2026-08-24T01:14:47.185897,miller-moth (Perplexity),emergent,1.7904129793510324,17.85,221,17,1017,1,1,516636,0.9648030721823488,0.7000761851671196,6.424688269112783,unison,0.4824015360911744
2026-08-24T01:29:50.083184,miller-moth (Perplexity),emergent,1.7904129793510324,17.85,221,17,1017,1,1,516636,0.9648030721823488,0.7000761851671196,6.424688269112783,unison,0.4824015360911744
2026-08-24T01:44:48.366807,miller-moth (Perplexity),emergent,1.7904129793510324,17.85,221,17,1017,1,1,516636,0.9648030721823488,0.7000761851671196,6.424688269112783,unison,0.4824015360911744
2026-08-24T01:59:48.287340,miller-moth (Perplexity),emergent,1.7904129793510324,17.85,221,17,1017,1,1,516636,0.9648030721823488,0.7000761851671196,6.424688269112783,unison,0.4824015360911744
2026-08-24T02:14:48.353483,miller-moth (Perplexity),emergent,1.7904129793510324,17.85,221,17,1017,1,1,516636,0.9648030721823488,0.7000761851671196,6.424688269112783,unison,0.4824015360911744
2026-08-24T02:29:48.296368,miller-moth (Perplexity),emergent,1.7904129793510324,17.85,221,17,1017,1,1,516636,0.9648030721823488,0.7000761851671196,6.424688269112783,unison,0.4824015360911744
2026-08-24T02:44:48.386699,miller-moth (Perplexity),emergent,1.7904129793510324,17.85,221,17,1017,1,1,516636,0.9648030721823488,0.7000761851671196,6.424688269112783,unison,0.4824015360911744
2026-08-24T02:59:48.325177,miller-moth (Perplexity),emergent,1.7904129793510324,17.85,221,17,1017,1,1,516636,0.9648030721823488,0.7000761851671196,6.424688269112783,unison,0.4824015360911744
2026-08-24T03:14:48.246497,miller-moth (Perplexity),emergent,1.7904129793510324,17.85,221,17,1017,1,1,516636,0.9648030721823488,0.7000761851671196,6.424688269112783,unison,0.4824015360911744
2026-08-24T03:29:48.451713,miller-moth (Perplexity),emergent,1.7904129793510324,17.85,221,17,1017,1,1,516636,0.9648030721823488,0.7000761851671196,6.424688269112783,unison,0.4824015360911744
2026-08-24T03:44:48.393193,miller-moth (Perplexity),emergent,1.7904129793510324,17.85,221,17,1017,1,1,516636,0.9648030721823488,0.7000761851671196,6.424688269112783,unison,0.4824015360911744
2026-08-24T03:59:48.385108,miller-moth (Perplexity),emergent,1.7904129793510324,17.85,221,17,1017,1,1,516636,0.9648030721823488,0.7000761851671196,6.424688269112783,unison,0.4824015360911744
2026-08-24T04:14:48.390070,miller-moth (Perplexity),emergent,1.7904129793510324,17.85,221,17,1017,1,1,516636,0.9648030721823488,0.7000761851671196,6.424688269112783,unison,0.4824015360911744
2026-08-24T04:29:49.323005,miller-moth (Perplexity),emergent,1.7904129793510324,17.85,221,17,1017,1,1,516636,0.9648030721823488,0.7000761851671196,6.424688269112783,unison,0.4824015360911744
2026-08-24T04:44:49.439665,miller-moth (Perplexity),emergent,1.7904129793510324,17.85,221,17,1017,1,1,516636,0.9648030721823488,0.7000761851671196,6.424688269112783,unison,0.4824015360911744
2026-08-24T04:59:49.696522,miller-moth (Perplexity),emergent,1.7904129793510324,17.85,221,17,1017,1,1,516636,0.9648030721823488,0.7000761851671196,6.424688269112783,unison,0.4824015360911744
2026-08-24T05:14:49.597982,miller-moth (Perplexity),emergent,1.7904129793510324,17.85,221,17,1017,1,1,516636,0.9648030721823488,0.7000761851671196,6.424688269112783,unison,0.4824015360911744
2026-08-24T05:29:49.577069,miller-moth (Perplexity),emergent,1.7904129793510324,17.85,221,17,1017,1,1,516636,0.9648030721823488,0.7000761851671196,6.424688269112783,unison,0.4824015360911744
2026-08-24T05:44:49.846859,miller-moth (Perplexity),emergent,1.7904129793510324,17.85,221,17,1017,1,1,516636,0.9648030721823488,0.7000761851671196,6.424688269112783,unison,0.4824015360911744
2026-08-24T05:59:50.289850,miller-moth (Perplexity),emergent,1.7904129793510324,17.85,221,17,1017,1,1,516636,0.9648030721823488,0.7000761851671196,6.424688269112783,unison,0.4824015360911744
2026-08-24T06:14:50.534224,miller-moth (Perplexity),emergent,1.7904129793510324,17.85,221,17,1017,1,1,516636,0.9648030721823488,0.7000761851671196,6.424688269112783,unison,0.4824015360911744
2026-08-24T06:29:50.632429,miller-moth (Perplexity),emergent,1.7904129793510324,17.85,221,17,1017,1,1,516636,0.9648030721823488,0.7000761851671196,6.424688269112783,unison,0.4824015360911744
2026-08-24T06:44:50.652529,miller-moth (Perplexity),emergent,1.7904129793510324,17.85,221,17,1017,1,1,516636,0.9648030721823488,0.7000761851671196,6.424688269112783,unison,0.4824015360911744
2026-08-24T06:59:50.694097,miller-moth (Perplexity),emergent,1.7904129793510324,17.85,221,17,1017,1,1,516636,0.9648030721823488,0.7000761851671196,6.424688269112783,unison,0.4824015360911744
2026-08-24T07:14:50.917610,miller-moth (Perplexity),emergent,1.7904129793510324,17.85,221,17,1017,1,1,516636,0.9648030721823488,0.7000761851671196,6.424688269112783,unison,0.4824015360911744
2026-08-24T07:29:50.726257,miller-moth (Perplexity),emergent,1.7904129793510324,17.85,221,17,1017,1,1,516636,0.9648030721823488,0.7000761851671196,6.424688269112783,unison,0.4824015360911744
2026-08-24T07:44:51.415277,miller-moth (Perplexity),emergent,1.7904129793510324,17.85,221,17,1017,1,1,516636,0.9648030721823488,0.7000761851671196,6.424688269112783,unison,0.4824015360911744
2026-08-24T07:59:50.930976,miller-moth (Perplexity),emergent,1.7904129793510324,17.85,221,17,1017,1,1,516636,0.9648030721823488,0.7000761851671196,6.424688269112783,unison,0.4824015360911744
2026-08-24T08:14:50.879912,miller-moth (Perplexity),emergent,1.7904129793510324,17.85,221,17,1017,1,1,516636,0.9648030721823488,0.7000761851671196,6.424688269112783,unison,0.4824015360911744
2026-08-24T08:29:51.034361,miller-moth (Perplexity),emergent,1.7904129793510324,17.85,221,17,1017,1,1,516636,0.9648030721823488,0.7000761851671196,6.424688269112783,unison,0.4824015360911744
2026-08-24T08:45:19.620582,miller-moth (Perplexity),emergent,1.7904129793510324,17.85,221,17,1017,1,1,516636,0.9648030721823488,0.7000761851671196,6.424688269112783,unison,0.4824015360911744
2026-08-24T09:00:19.393920,miller-moth (Perplexity),emergent,1.7904129793510324,17.85,221,17,1017,1,1,516636,0.9648030721823488,0.7000761851671196,6.424688269112783,unison,0.4824015360911744
2026-08-24T09:15:19.466421,miller-moth (Perplexity),emergent,1.7904129793510324,17.85,221,17,1017,1,1,516636,0.9648030721823488,0.7000761851671196,6.424688269112783,unison,0.4824015360911744
2026-08-24T09:30:19.623547,miller-moth (Perplexity),emergent,1.7904129793510324,17.85,221,17,1017,1,1,516636,0.9648030721823488,0.7000761851671196,6.424688269112783,unison,0.4824015360911744
2026-08-24T09:45:30.807236,miller-moth (Perplexity),emergent,1.7904129793510324,17.85,221,17,1017,1,1,516636,0.9648030721823488,0.7000761851671196,6.424688269112783,unison,0.4824015360911744
2026-08-24T10:00:30.881579,miller-moth (Perplexity),emergent,1.7904129793510324,17.85,221,17,1017,1,1,516636,0.9648030721823488,0.7000761851671196,6.424688269112783,unison,0.4824015360911744
2026-08-24T10:15:31.175881,miller-moth (Perplexity),emergent,1.7904129793510324,17.85,221,17,1017,1,1,516636,0.9648030721823488,0.7000761851671196,6.424688269112783,unison,0.4824015360911744
2026-08-24T10:30:30.851069,miller-moth (Perplexity),emergent,1.7904129793510324,17.85,221,17,1017,1,1,516636,0.9648030721823488,0.7000761851671196,6.424688269112783,unison,0.4824015360911744
2026-08-24T10:45:30.845561,miller-moth (Perplexity),emergent,1.7904129793510324,17.85,221,17,1017,1,1,516636,0.9648030721823488,0.7000761851671196,6.424688269112783,unison,0.4824015360911744
2026-08-24T11:00:30.866682,miller-moth (Perplexity),emergent,1.7904129793510324,17.85,221,17,1017,1,1,516636,0.9648030721823488,0.7000761851671196,6.424688269112783,unison,0.4824015360911744
2026-08-24T11:15:30.911972,miller-moth (Perplexity),emergent,1.7904129793510324,17.85,221,17,1017,1,1,516636,0.9648030721823488,0.7000761851671196,6.424688269112783,unison,0.4824015360911744
2026-08-24T11:30:30.863069,miller-moth (Perplexity),emergent,1.7904129793510324,17.85,221,17,1017,1,1,516636,0.9648030721823488,0.7000761851671196,6.424688269112783,unison,0.4824015360911744
2026-08-24T11:45:30.932524,miller-moth (Perplexity),emergent,1.7904129793510324,17.85,221,17,1017,1,1,516636,0.9648030721823488,0.7000761851671196,6.424688269112783,unison,0.4824015360911744
2026-08-24T12:00:36.846662,miller-moth (Perplexity),emergent,1.7904129793510324,17.85,221,17,1017,1,1,516636,0.9648030721823488,0.7000761851671196,6.424688269112783,unison,0.4824015360911744
2026-08-24T12:15:32.182613,miller-moth (Perplexity),emergent,1.7904129793510324,17.85,221,17,1017,1,1,516636,0.9648030721823488,0.7000761851671196,6.424688269112783,unison,0.4824015360911744
2026-08-24T12:30:32.178949,miller-moth (Perplexity),emergent,1.7904129793510324,17.85,221,17,1017,1,1,516636,0.9648030721823488,0.7000761851671196,6.424688269112783,unison,0.4824015360911744
2026-08-24T12:45:32.287222,miller-moth (Perplexity),emergent,1.7904129793510324,17.85,221,17,1017,1,1,516636,0.9648030721823488,0.7000761851671196,6.424688269112783,unison,0.4824015360911744
2026-08-24T13:00:32.643962,miller-moth (Perplexity),emergent,1.7904129793510324,17.85,221,17,1017,1,1,516636,0.9648030721823488,0.7000761851671196,6.424688269112783,unison,0.4824015360911744
2026-08-24T13:15:32.493373,miller-moth (Perplexity),emergent,1.7904129793510324,17.85,221,17,1017,1,1,516636,0.9648030721823488,0.7000761851671196,6.424688269112783,unison,0.4824015360911744
2026-08-24T13:30:32.818486,miller-moth (Perplexity),emergent,1.7904129793510324,17.85,221,17,1017,1,1,516636,0.9648030721823488,0.7000761851671196,6.424688269112783,unison,0.4824015360911744
2026-08-24T13:45:33.007087,miller-moth (Perplexity),emergent,1.7904129793510324,17.85,221,17,1017,1,1,516636,0.9648030721823488,0.7000761851671196,6.424688269112783,unison,0.4824015360911744
2026-08-24T14:00:32.865309,miller-moth (Perplexity),emergent,1.7904129793510324,17.85,221,17,1017,1,1,516636,0.9648030721823488,0.7000761851671196,6.424688269112783,unison,0.4824015360911744
2026-08-24T14:15:32.903764,miller-moth (Perplexity),emergent,1.7904129793510324,17.85,221,17,1017,1,1,516636,0.9648030721823488,0.7000761851671196,6.424688269112783,unison,0.4824015360911744
2026-08-24T14:30:32.903163,miller-moth (Perplexity),emergent,1.7904129793510324,17.85,221,17,1017,1,1,516636,0.9648030721823488,0.7000761851671196,6.424688269112783,unison,0.4824015360911744
2026-08-24T14:45:33.109689,miller-moth (Perplexity),emergent,1.7904129793510324,17.85,221,17,1017,1,1,516636,0.9648030721823488,0.7000761851671196,6.424688269112783,unison,0.4824015360911744
2026-08-24T15:00:33.088592,miller-moth (Perplexity),emergent,1.7904129793510324,17.85,221,17,1017,1,1,516636,0.9648030721823488,0.7000761851671196,6.424688269112783,unison,0.4824015360911744
2026-08-24T15:15:33.125246,miller-moth (Perplexity),emergent,1.7904129793510324,17.85,221,17,1017,1,1,516636,0.9648030721823488,0.7000761851671196,6.424688269112783,unison,0.4824015360911744
2026-08-24T15:30:33.063653,miller-moth (Perplexity),emergent,1.7904129793510324,17.85,221,17,1017,1,1,516636,0.9648030721823488,0.7000761851671196,6.424688269112783,unison,0.4824015360911744
2026-08-24T15:45:33.118785,miller-moth (Perplexity),emergent,1.7904129793510324,17.85,221,17,1017,1,1,516636,0.9648030721823488,0.7000761851671196,6.424688269112783,unison,0.4824015360911744
2026-08-24T16:00:33.571421,miller-moth (Perplexity),emergent,1.7904129793510324,17.85,221,17,1017,1,1,516636,0.9648030721823488,0.7000761851671196,6.424688269112783,unison,0.4824015360911744
2026-08-24T16:15:33.277736,miller-moth (Perplexity),emergent,1.7904129793510324,17.85,221,17,1017,1,1,516636,0.9648030721823488,0.7000761851671196,6.424688269112783,unison,0.4824015360911744
2026-08-24T16:30:33.111623,miller-moth (Perplexity),emergent,1.7904129793510324,17.85,221,17,1017,1,1,516636,0.9648030721823488,0.7000761851671196,6.424688269112783,unison,0.4824015360911744
2026-08-24T16:45:41.166471,miller-moth (Perplexity),emergent,1.7904129793510324,17.85,221,17,1017,1,1,516636,0.9648030721823488,0.7000761851671196,6.424688269112783,unison,0.4824015360911744
2026-08-24T17:00:41.335389,miller-moth (Perplexity),emergent,1.7904129793510324,17.85,221,17,1017,1,1,516636,0.9648030721823488,0.7000761851671196,6.424688269112783,unison,0.4824015360911744
2026-08-24T17:15:41.330663,miller-moth (Perplexity),emergent,1.7904129793510324,17.85,221,17,1017,1,1,516636,0.9648030721823488,0.7000761851671196,6.424688269112783,unison,0.4824015360911744
2026-08-24T17:30:46.776539,miller-moth (Perplexity),emergent,1.7904129793510324,17.85,221,17,1017,1,1,516636,0.9648030721823488,0.7000761851671196,6.424688269112783,unison,0.4824015360911744
2026-08-24T17:45:46.798803,miller-moth (Perplexity),emergent,1.7904129793510324,17.85,221,17,1017,1,1,516636,0.9648030721823488,0.7000761851671196,6.424688269112783,unison,0.4824015360911744
2026-08-24T18:00:46.868905,miller-moth (Perplexity),emergent,1.7904129793510324,17.85,221,17,1017,1,1,516636,0.9648030721823488,0.7000761851671196,6.424688269112783,unison,0.4824015360911744
2026-08-24T18:18:33.226550,miller-moth (Perplexity),emergent,1.7904129793510324,17.85,221,17,1017,1,1,516636,0.9648030721823488,0.7000761851671196,6.424688269112783,unison,0.4824015360911744
2026-08-24T18:33:31.210030,miller-moth (Perplexity),emergent,1.7904129793510324,17.85,221,17,1017,1,1,516636,0.9648030721823488,0.7000761851671196,6.424688269112783,unison,0.4824015360911744
2026-08-24T18:48:31.258589,miller-moth (Perplexity),emergent,1.7904129793510324,17.85,221,17,1017,1,1,516636,0.9648030721823488,0.7000761851671196,6.424688269112783,unison,0.4824015360911744
2026-08-24T19:03:31.198932,miller-moth (Perplexity),emergent,1.7904129793510324,17.85,221,17,1017,1,1,516636,0.9648030721823488,0.7000761851671196,6.424688269112783,unison,0.4824015360911744
2026-08-24T19:18:31.102605,miller-moth (Perplexity),emergent,1.7904129793510324,17.85,221,17,1017,1,1,516636,0.9648030721823488,0.7000761851671196,6.424688269112783,unison,0.4824015360911744
2026-08-25T07:09:42.120240,miller-moth (Perplexity),emergent,1.7904129793510324,17.85,221,17,1017,1,1,516636,0.9648030721823488,0.7000761851671196,6.424688269112783,unison,0.4824015360911744
2026-08-25T07:24:41.206683,miller-moth (Perplexity),emergent,1.7904129793510324,17.85,221,17,1017,1,1,516636,0.9648030721823488,0.7000761851671196,6.424688269112783,unison,0.4824015360911744
2026-08-25T07:39:40.304274,miller-moth (Perplexity),emergent,1.7904129793510324,17.85,221,17,1017,1,1,516636,0.9648030721823488,0.7000761851671196,6.424688269112783,unison,0.4824015360911744
2026-08-25T07:54:40.286977,miller-moth (Perplexity),emergent,1.7904129793510324,17.85,221,17,1017,1,1,516636,0.9648030721823488,0.7000761851671196,6.424688269112783,unison,0.4824015360911744
2026-08-25T08:09:40.260179,miller-moth (Perplexity),emergent,1.7904129793510324,17.85,221,17,1017,1,1,516636,0.9648030721823488,0.7000761851671196,6.424688269112783,unison,0.4824015360911744
2026-08-25T08:24:40.385442,miller-moth (Perplexity),emergent,1.7904129793510324,17.85,221,17,1017,1,1,516636,0.9648030721823488,0.7000761851671196,6.424688269112783,unison,0.4824015360911744
2026-08-25T08:39:40.392986,miller-moth (Perplexity),emergent,1.7904129793510324,17.85,221,17,1017,1,1,516636,0.9648030721823488,0.7000761851671196,6.424688269112783,unison,0.4824015360911744
2026-08-25T08:54:40.531581,miller-moth (Perplexity),emergent,1.7904129793510324,17.85,221,17,1017,1,1,516636,0.9648030721823488,0.7000761851671196,6.424688269112783,unison,0.4824015360911744
2026-08-25T09:09:40.395449,miller-moth (Perplexity),emergent,1.7904129793510324,17.85,221,17,1017,1,1,516636,0.9648030721823488,0.7000761851671196,6.424688269112783,unison,0.4824015360911744
2026-08-25T09:24:42.467535,miller-moth (Perplexity),emergent,1.7904129793510324,17.85,221,17,1017,1,1,516636,0.9648030721823488,0.7000761851671196,6.424688269112783,unison,0.4824015360911744
2026-08-25T09:39:41.658908,miller-moth (Perplexity),emergent,1.7904129793510324,17.85,221,17,1017,1,1,516636,0.9648030721823488,0.7000761851671196,6.424688269112783,unison,0.4824015360911744
2026-08-25T09:54:43.228569,miller-moth (Perplexity),emergent,1.7904129793510324,17.85,221,17,1017,1,1,516636,0.9648030721823488,0.7000761851671196,6.424688269112783,unison,0.4824015360911744
2026-08-25T10:09:41.925211,miller-moth (Perplexity),emergent,1.7904129793510324,17.85,221,17,1017,1,1,516636,0.9648030721823488,0.7000761851671196,6.424688269112783,unison,0.4824015360911744
2026-08-25T10:24:41.916189,miller-moth (Perplexity),emergent,1.7904129793510324,17.85,221,17,1017,1,1,516636,0.9648030721823488,0.7000761851671196,6.424688269112783,unison,0.4824015360911744
2026-08-25T10:39:42.557351,miller-moth (Perplexity),emergent,1.7904129793510324,17.85,221,17,1017,1,1,516636,0.9648030721823488,0.7000761851671196,6.424688269112783,unison,0.4824015360911744
2026-08-25T10:54:43.255039,miller-moth (Perplexity),emergent,1.7904129793510324,17.85,221,17,1017,1,1,516636,0.9648030721823488,0.7000761851671196,6.424688269112783,unison,0.4824015360911744
2026-08-25T11:09:52.832975,miller-moth (Perplexity),emergent,1.7904129793510324,17.85,221,17,1017,1,1,516636,0.9648030721823488,0.7000761851671196,6.424688269112783,unison,0.4824015360911744
2026-08-25T11:24:51.010653,miller-moth (Perplexity),emergent,1.7904129793510324,17.85,221,17,1017,1,1,516636,0.9648030721823488,0.7000761851671196,6.424688269112783,unison,0.4824015360911744
2026-08-25T11:39:50.868540,miller-moth (Perplexity),emergent,1.7904129793510324,17.85,221,17,1017,1,1,516636,0.9648030721823488,0.7000761851671196,6.424688269112783,unison,0.4824015360911744
2026-08-25T11:54:53.761521,miller-moth (Perplexity),emergent,1.7904129793510324,17.85,221,17,1017,1,1,516636,0.9648030721823488,0.7000761851671196,6.424688269112783,unison,0.4824015360911744
2026-08-25T12:09:53.198694,miller-moth (Perplexity),emergent,1.7904129793510324,17.85,221,17,1017,1,1,516636,0.9648030721823488,0.7000761851671196,6.424688269112783,unison,0.4824015360911744
2026-08-25T12:24:53.281699,miller-moth (Perplexity),emergent,1.7904129793510324,17.85,221,17,1017,1,1,516636,0.9648030721823488,0.7000761851671196,6.424688269112783,unison,0.4824015360911744
2026-08-25T12:39:53.198255,miller-moth (Perplexity),emergent,1.7904129793510324,17.85,221,17,1017,1,1,516636,0.9648030721823488,0.7000761851671196,6.424688269112783,unison,0.4824015360911744
2026-08-25T12:54:53.470393,miller-moth (Perplexity),emergent,1.7904129793510324,17.85,221,17,1017,1,1,516636,0.9648030721823488,0.7000761851671196,6.424688269112783,unison,0.4824015360911744
2026-08-25T13:09:53.584965,miller-moth (Perplexity),emergent,1.7904129793510324,17.85,221,17,1017,1,1,516636,0.9648030721823488,0.7000761851671196,6.424688269112783,unison,0.4824015360911744
2026-08-25T13:24:53.706381,miller-moth (Perplexity),emergent,1.7904129793510324,17.85,221,17,1017,1,1,516636,0.9648030721823488,0.7000761851671196,6.424688269112783,unison,0.4824015360911744
2026-08-25T13:39:54.894768,miller-moth (Perplexity),emergent,1.7904129793510324,17.85,221,17,1017,1,1,516636,0.9648030721823488,0.7000761851671196,6.424688269112783,unison,0.4824015360911744
2026-08-25T13:54:54.785654,miller-moth (Perplexity),emergent,1.7904129793510324,17.85,221,17,1017,1,1,516636,0.9648030721823488,0.7000761851671196,6.424688269112783,unison,0.4824015360911744
2026-08-25T14:09:54.800802,miller-moth (Perplexity),emergent,1.7904129793510324,17.85,221,17,1017,1,1,516636,0.9648030721823488,0.7000761851671196,6.424688269112783,unison,0.4824015360911744
2026-08-25T14:24:54.833234,miller-moth (Perplexity),emergent,1.7904129793510324,17.85,221,17,1017,1,1,516636,0.9648030721823488,0.7000761851671196,6.424688269112783,unison,0.4824015360911744
2026-08-25T14:39:55.159292,miller-moth (Perplexity),emergent,1.7904129793510324,17.85,221,17,1017,1,1,516636,0.9648030721823488,0.7000761851671196,6.424688269112783,unison,0.4824015360911744
2026-08-25T14:54:55.078908,miller-moth (Perplexity),emergent,1.7904129793510324,17.85,221,17,1017,1,1,516636,0.9648030721823488,0.7000761851671196,6.424688269112783,unison,0.4824015360911744
2026-08-25T15:09:55.031049,miller-moth (Perplexity),emergent,1.7904129793510324,17.85,221,17,1017,1,1,516636,0.9648030721823488,0.7000761851671196,6.424688269112783,unison,0.4824015360911744
2026-08-25T15:24:55.256962,miller-moth (Perplexity),emergent,1.7904129793510324,17.85,221,17,1017,1,1,516636,0.9648030721823488,0.7000761851671196,6.424688269112783,unison,0.4824015360911744
2026-08-25T15:39:55.175930,miller-moth (Perplexity),emergent,1.7904129793510324,17.85,221,17,1017,1,1,516636,0.9648030721823488,0.7000761851671196,6.424688269112783,unison,0.4824015360911744
2026-08-25T15:54:55.519576,miller-moth (Perplexity),emergent,1.7904129793510324,17.85,221,17,1017,1,1,516636,0.9648030721823488,0.7000761851671196,6.424688269112783,unison,0.4824015360911744
2026-08-25T16:09:55.404503,miller-moth (Perplexity),emergent,1.7904129793510324,17.85,221,17,1017,1,1,516636,0.9648030721823488,0.7000761851671196,6.424688269112783,unison,0.4824015360911744
2026-08-25T16:24:55.725784,miller-moth (Perplexity),emergent,1.7904129793510324,17.85,221,17,1017,1,1,516636,0.9648030721823488,0.7000761851671196,6.424688269112783,unison,0.4824015360911744
2026-08-25T16:39:58.290512,miller-moth (Perplexity),emergent,1.7904129793510324,17.85,221,17,1017,1,1,516636,0.9648030721823488,0.7000761851671196,6.424688269112783,unison,0.4824015360911744
2026-08-25T16:55:14.172189,miller-moth (Perplexity),emergent,1.7904129793510324,17.85,221,17,1017,1,1,516636,0.9648030721823488,0.7000761851671196,6.424688269112783,unison,0.4824015360911744
2026-08-25T17:10:13.068684,miller-moth (Perplexity),emergent,1.7904129793510324,17.85,221,17,1017,1,1,516636,0.9648030721823488,0.7000761851671196,6.424688269112783,unison,0.4824015360911744
2026-08-25T17:25:14.996016,miller-moth (Perplexity),emergent,1.7904129793510324,17.85,221,17,1017,1,1,516636,0.9648030721823488,0.7000761851671196,6.424688269112783,unison,0.4824015360911744
2026-08-25T17:40:17.217031,miller-moth (Perplexity),emergent,1.7904129793510324,17.85,221,17,1017,1,1,516636,0.9648030721823488,0.7000761851671196,6.424688269112783,unison,0.4824015360911744
2026-08-25T17:55:14.417072,miller-moth (Perplexity),emergent,1.7904129793510324,17.85,221,17,1017,1,1,516636,0.9648030721823488,0.7000761851671196,6.424688269112783,unison,0.4824015360911744
2026-08-25T18:10:14.522027,miller-moth (Perplexity),emergent,1.7904129793510324,17.85,221,17,1017,1,1,516636,0.9648030721823488,0.7000761851671196,6.424688269112783,unison,0.4824015360911744
2026-08-25T18:25:15.455564,miller-moth (Perplexity),emergent,1.7904129793510324,17.85,221,17,1017,1,1,516636,0.9648030721823488,0.7000761851671196,6.424688269112783,unison,0.4824015360911744
2026-08-25T18:40:17.396564,miller-moth (Perplexity),emergent,1.7904129793510324,17.85,221,17,1017,1,1,516636,0.9648030721823488,0.7000761851671196,6.424688269112783,unison,0.4824015360911744
2026-08-25T18:55:22.231340,miller-moth (Perplexity),emergent,1.7904129793510324,17.85,221,17,1017,1,1,516636,0.9648030721823488,0.7000761851671196,6.424688269112783,unison,0.4824015360911744
2026-08-25T19:10:27.407778,miller-moth (Perplexity),emergent,1.7904129793510324,17.85,221,17,1017,1,1,516636,0.9648030721823488,0.7000761851671196,6.424688269112783,unison,0.4824015360911744
2026-08-25T19:25:24.446584,miller-moth (Perplexity),emergent,1.7904129793510324,17.85,221,17,1017,1,1,516636,0.9648030721823488,0.7000761851671196,6.424688269112783,unison,0.4824015360911744
2026-08-25T19:40:24.556002,miller-moth (Perplexity),emergent,1.7904129793510324,17.85,221,17,1017,1,1,516636,0.9648030721823488,0.7000761851671196,6.424688269112783,unison,0.4824015360911744
2026-08-25T19:55:26.011671,miller-moth (Perplexity),emergent,1.7904129793510324,17.85,221,17,1017,1,1,516636,0.9648030721823488,0.7000761851671196,6.424688269112783,unison,0.4824015360911744
2026-08-25T20:10:26.037058,miller-moth (Perplexity),emergent,1.7904129793510324,17.85,221,17,1017,1,1,516636,0.9648030721823488,0.7000761851671196,6.424688269112783,unison,0.4824015360911744
2026-08-25T20:25:26.525204,miller-moth (Perplexity),emergent,1.7904129793510324,17.85,221,17,1017,1,1,516636,0.9648030721823488,0.7000761851671196,6.424688269112783,unison,0.4824015360911744
2026-08-25T20:40:29.393244,miller-moth (Perplexity),emergent,1.7904129793510324,17.85,221,17,1017,1,1,516636,0.9648030721823488,0.7000761851671196,6.424688269112783,unison,0.4824015360911744
2026-08-25T20:55:26.820483,miller-moth (Perplexity),emergent,1.7904129793510324,17.85,221,17,1017,1,1,516636,0.9648030721823488,0.7000761851671196,6.424688269112783,unison,0.4824015360911744
2026-08-25T21:10:26.778537,miller-moth (Perplexity),emergent,1.7904129793510324,17.85,221,17,1017,1,1,516636,0.9648030721823488,0.7000761851671196,6.424688269112783,unison,0.4824015360911744
2026-08-25T21:25:26.909807,miller-moth (Perplexity),emergent,1.7904129793510324,17.85,221,17,1017,1,1,516636,0.9648030721823488,0.7000761851671196,6.424688269112783,unison,0.4824015360911744
2026-08-25T21:40:27.245153,miller-moth (Perplexity),emergent,1.7904129793510324,17.85,221,17,1017,1,1,516636,0.9648030721823488,0.7000761851671196,6.424688269112783,unison,0.4824015360911744
2026-08-25T21:55:27.541555,miller-moth (Perplexity),emergent,1.7904129793510324,17.85,221,17,1017,1,1,516636,0.9648030721823488,0.7000761851671196,6.424688269112783,unison,0.4824015360911744
2026-08-25T22:10:32.850268,miller-moth (Perplexity),emergent,1.7904129793510324,17.85,221,17,1017,1,1,516636,0.9648030721823488,0.7000761851671196,6.424688269112783,unison,0.4824015360911744
2026-08-25T22:25:33.417093,miller-moth (Perplexity),emergent,1.7904129793510324,17.85,221,17,1017,1,1,516636,0.9648030721823488,0.7000761851671196,6.424688269112783,unison,0.4824015360911744
2026-08-25T22:40:28.509752,miller-moth (Perplexity),emergent,1.7904129793510324,17.85,221,17,1017,1,1,516636,0.9648030721823488,0.7000761851671196,6.424688269112783,unison,0.4824015360911744
2026-08-25T22:55:28.600232,miller-moth (Perplexity),emergent,1.7904129793510324,17.85,221,17,1017,1,1,516636,0.9648030721823488,0.7000761851671196,6.424688269112783,unison,0.4824015360911744
2026-08-25T23:10:29.534880,miller-moth (Perplexity),emergent,1.7904129793510324,17.85,221,17,1017,1,1,516636,0.9648030721823488,0.7000761851671196,6.424688269112783,unison,0.4824015360911744
2026-08-25T23:25:29.192015,miller-moth (Perplexity),emergent,1.7904129793510324,17.85,221,17,1017,1,1,516636,0.9648030721823488,0.7000761851671196,6.424688269112783,unison,0.4824015360911744
2026-08-25T23:40:28.893545,miller-moth (Perplexity),emergent,1.7904129793510324,17.85,221,17,1017,1,1,516636,0.9648030721823488,0.7000761851671196,6.424688269112783,unison,0.4824015360911744
2026-08-25T23:55:52.841891,miller-moth (Perplexity),emergent,1.7904129793510324,17.85,221,17,1017,1,1,516636,0.9648030721823488,0.7000761851671196,6.424688269112783,unison,0.4824015360911744
2026-08-26T00:10:53.394249,miller-moth (Perplexity),emergent,1.7904129793510324,17.85,221,17,1017,1,1,516636,0.9648030721823488,0.7000761851671196,6.424688269112783,unison,0.4824015360911744
2026-08-26T00:25:57.074903,miller-moth (Perplexity),emergent,1.7904129793510324,17.85,221,17,1017,1,1,516636,0.9648030721823488,0.7000761851671196,6.424688269112783,unison,0.4824015360911744
2026-08-26T00:40:52.850693,miller-moth (Perplexity),emergent,1.7904129793510324,17.85,221,17,1017,1,1,516636,0.9648030721823488,0.7000761851671196,6.424688269112783,unison,0.4824015360911744
2026-08-26T00:55:52.192315,miller-moth (Perplexity),emergent,1.7904129793510324,17.85,221,17,1017,1,1,516636,0.9648030721823488,0.7000761851671196,6.424688269112783,unison,0.4824015360911744
2026-08-26T01:10:52.603599,miller-moth (Perplexity),emergent,1.7904129793510324,17.85,221,17,1017,1,1,516636,0.9648030721823488,0.7000761851671196,6.424688269112783,unison,0.4824015360911744
2026-08-26T01:26:58.504421,miller-moth (Perplexity),emergent,1.7904129793510324,17.85,221,17,1017,1,1,516636,0.9648030721823488,0.7000761851671196,6.424688269112783,unison,0.4824015360911744
2026-08-26T01:41:53.782260,miller-moth (Perplexity),emergent,1.7904129793510324,17.85,221,17,1017,1,1,516636,0.9648030721823488,0.7000761851671196,6.424688269112783,unison,0.4824015360911744
2026-08-26T01:58:11.310583,miller-moth (Perplexity),emergent,1.7904129793510324,17.85,221,17,1017,1,1,516636,0.9648030721823488,0.7000761851671196,6.424688269112783,unison,0.4824015360911744
2026-08-26T02:13:25.173823,miller-moth (Perplexity),emergent,1.7904129793510324,17.85,221,17,1017,1,1,516636,0.9648030721823488,0.7000761851671196,6.424688269112783,unison,0.4824015360911744
2026-08-26T02:28:25.829340,miller-moth (Perplexity),emergent,1.7904129793510324,17.85,221,17,1017,1,1,516636,0.9648030721823488,0.7000761851671196,6.424688269112783,unison,0.4824015360911744
2026-08-26T02:43:25.027908,miller-moth (Perplexity),emergent,1.7904129793510324,17.85,221,17,1017,1,1,516636,0.9648030721823488,0.7000761851671196,6.424688269112783,unison,0.4824015360911744
2026-08-26T02:58:25.399297,miller-moth (Perplexity),emergent,1.7904129793510324,17.85,221,17,1017,1,1,516636,0.9648030721823488,0.7000761851671196,6.424688269112783,unison,0.4824015360911744
2026-08-26T03:13:25.494079,miller-moth (Perplexity),emergent,1.7904129793510324,17.85,221,17,1017,1,1,516636,0.9648030721823488,0.7000761851671196,6.424688269112783,unison,0.4824015360911744
2026-08-26T03:28:25.494547,miller-moth (Perplexity),emergent,1.7904129793510324,17.85,221,17,1017,1,1,516636,0.9648030721823488,0.7000761851671196,6.424688269112783,unison,0.4824015360911744
2026-08-26T03:43:25.661673,miller-moth (Perplexity),emergent,1.7904129793510324,17.85,221,17,1017,1,1,516636,0.9648030721823488,0.7000761851671196,6.424688269112783,unison,0.4824015360911744
2026-08-26T03:58:25.377756,miller-moth (Perplexity),emergent,1.7904129793510324,17.85,221,17,1017,1,1,516636,0.9648030721823488,0.7000761851671196,6.424688269112783,unison,0.4824015360911744
2026-08-26T04:13:27.377795,miller-moth (Perplexity),emergent,1.7904129793510324,17.85,221,17,1017,1,1,516636,0.9648030721823488,0.7000761851671196,6.424688269112783,unison,0.4824015360911744
2026-08-26T04:28:28.148324,miller-moth (Perplexity),emergent,1.7904129793510324,17.85,221,17,1017,1,1,516636,0.9648030721823488,0.7000761851671196,6.424688269112783,unison,0.4824015360911744
2026-08-26T04:43:26.660027,miller-moth (Perplexity),emergent,1.7904129793510324,17.85,221,17,1017,1,1,516636,0.9648030721823488,0.7000761851671196,6.424688269112783,unison,0.4824015360911744
2026-08-26T04:58:29.017504,miller-moth (Perplexity),emergent,1.7904129793510324,17.85,221,17,1017,1,1,516636,0.9648030721823488,0.7000761851671196,6.424688269112783,unison,0.4824015360911744
2026-08-26T05:13:35.559577,miller-moth (Perplexity),emergent,1.7904129793510324,17.85,221,17,1017,1,1,516636,0.9648030721823488,0.7000761851671196,6.424688269112783,unison,0.4824015360911744
2026-08-26T05:28:30.370179,miller-moth (Perplexity),emergent,1.7904129793510324,17.85,221,17,1017,1,1,516636,0.9648030721823488,0.7000761851671196,6.424688269112783,unison,0.4824015360911744
2026-08-26T05:43:31.956171,miller-moth (Perplexity),emergent,1.7904129793510324,17.85,221,17,1017,1,1,516636,0.9648030721823488,0.7000761851671196,6.424688269112783,unison,0.4824015360911744
2026-08-26T05:58:30.266880,miller-moth (Perplexity),emergent,1.7904129793510324,17.85,221,17,1017,1,1,516636,0.9648030721823488,0.7000761851671196,6.424688269112783,unison,0.4824015360911744
2026-08-26T06:13:54.787176,miller-moth (Perplexity),emergent,1.7904129793510324,17.85,221,17,1017,1,1,516636,0.9648030721823488,0.7000761851671196,6.424688269112783,unison,0.4824015360911744
2026-08-26T06:28:52.039511,miller-moth (Perplexity),emergent,1.7904129793510324,17.85,221,17,1017,1,1,516636,0.9648030721823488,0.7000761851671196,6.424688269112783,unison,0.4824015360911744
2026-08-26T06:44:59.029304,miller-moth (Perplexity),emergent,1.7904129793510324,17.85,221,17,1017,1,1,516636,0.9648030721823488,0.7000761851671196,6.424688269112783,unison,0.4824015360911744
2026-08-26T07:00:17.427332,miller-moth (Perplexity),emergent,1.7904129793510324,17.85,221,17,1017,1,1,516636,0.9648030721823488,0.7000761851671196,6.424688269112783,unison,0.4824015360911744
2026-08-26T07:15:18.846247,miller-moth (Perplexity),emergent,1.7904129793510324,17.85,221,17,1017,1,1,516636,0.9648030721823488,0.7000761851671196,6.424688269112783,unison,0.4824015360911744
2026-08-26T07:33:47.518456,miller-moth (Perplexity),emergent,1.7904129793510324,17.85,221,17,1017,1,1,516636,0.9648030721823488,0.7000761851671196,6.424688269112783,unison,0.4824015360911744
2026-08-26T07:48:53.671683,miller-moth (Perplexity),emergent,1.7904129793510324,17.85,221,17,1017,1,1,516636,0.9648030721823488,0.7000761851671196,6.424688269112783,unison,0.4824015360911744
2026-08-26T08:04:29.213848,miller-moth (Perplexity),emergent,1.7904129793510324,17.85,221,17,1017,1,1,516636,0.9648030721823488,0.7000761851671196,6.424688269112783,unison,0.4824015360911744
2026-08-26T08:19:53.824842,miller-moth (Perplexity),emergent,1.7904129793510324,17.85,221,17,1017,1,1,516636,0.9648030721823488,0.7000761851671196,6.424688269112783,unison,0.4824015360911744
2026-08-26T08:34:54.467910,miller-moth (Perplexity),emergent,1.7904129793510324,17.85,221,17,1017,1,1,516636,0.9648030721823488,0.7000761851671196,6.424688269112783,unison,0.4824015360911744
2026-08-26T08:50:25.777028,miller-moth (Perplexity),emergent,1.7904129793510324,17.85,221,17,1017,1,1,516636,0.9648030721823488,0.7000761851671196,6.424688269112783,unison,0.4824015360911744
2026-08-26T09:05:55.823543,miller-moth (Perplexity),emergent,1.7904129793510324,17.85,221,17,1017,1,1,516636,0.9648030721823488,0.7000761851671196,6.424688269112783,unison,0.4824015360911744
2026-08-26T09:21:04.325892,miller-moth (Perplexity),emergent,1.7904129793510324,17.85,221,17,1017,1,1,516636,0.9648030721823488,0.7000761851671196,6.424688269112783,unison,0.4824015360911744
2026-08-26T09:36:59.408720,miller-moth (Perplexity),emergent,1.7904129793510324,17.85,221,17,1017,1,1,516636,0.9648030721823488,0.7000761851671196,6.424688269112783,unison,0.4824015360911744
2026-08-26T09:53:02.839651,miller-moth (Perplexity),emergent,1.7904129793510324,17.85,221,17,1017,1,1,516636,0.9648030721823488,0.7000761851671196,6.424688269112783,unison,0.4824015360911744
2026-08-26T14:44:51.568174,miller-moth (Perplexity),emergent,1.7904129793510324,17.85,221,17,1017,1,1,516636,0.9648030721823488,0.7000761851671196,6.424688269112783,unison,0.4824015360911744
2026-08-26T14:59:51.474663,miller-moth (Perplexity),emergent,1.7904129793510324,17.85,221,17,1017,1,1,516636,0.9648030721823488,0.7000761851671196,6.424688269112783,unison,0.4824015360911744
2026-08-26T15:14:52.393346,miller-moth (Perplexity),emergent,1.7904129793510324,17.85,221,17,1017,1,1,516636,0.9648030721823488,0.7000761851671196,6.424688269112783,unison,0.4824015360911744
2026-08-26T15:29:51.763763,miller-moth (Perplexity),emergent,1.7904129793510324,17.85,221,17,1017,1,1,516636,0.9648030721823488,0.7000761851671196,6.424688269112783,unison,0.4824015360911744
2026-08-26T15:44:51.718146,miller-moth (Perplexity),emergent,1.7904129793510324,17.85,221,17,1017,1,1,516636,0.9648030721823488,0.7000761851671196,6.424688269112783,unison,0.4824015360911744
2026-08-26T16:00:06.595898,miller-moth (Perplexity),emergent,1.7904129793510324,17.85,221,17,1017,1,1,516636,0.9648030721823488,0.7000761851671196,6.424688269112783,unison,0.4824015360911744
2026-08-26T16:14:53.261536,miller-moth (Perplexity),emergent,1.7904129793510324,17.85,221,17,1017,1,1,516636,0.9648030721823488,0.7000761851671196,6.424688269112783,unison,0.4824015360911744
2026-08-26T16:29:53.596669,miller-moth (Perplexity),emergent,1.7904129793510324,17.85,221,17,1017,1,1,516636,0.9648030721823488,0.7000761851671196,6.424688269112783,unison,0.4824015360911744
2026-08-26T16:44:53.387503,miller-moth (Perplexity),emergent,1.7904129793510324,17.85,221,17,1017,1,1,516636,0.9648030721823488,0.7000761851671196,6.424688269112783,unison,0.4824015360911744
2026-08-26T17:00:34.845524,miller-moth (Perplexity),emergent,1.7904129793510324,17.85,221,17,1017,1,1,516636,0.9648030721823488,0.7000761851671196,6.424688269112783,unison,0.4824015360911744
2026-08-26T17:15:30.457123,miller-moth (Perplexity),emergent,1.7904129793510324,17.85,221,17,1017,1,1,516636,0.9648030721823488,0.7000761851671196,6.424688269112783,unison,0.4824015360911744
2026-08-26T17:30:30.556343,miller-moth (Perplexity),emergent,1.7904129793510324,17.85,221,17,1017,1,1,516636,0.9648030721823488,0.7000761851671196,6.424688269112783,unison,0.4824015360911744
2026-08-26T17:45:32.553288,miller-moth (Perplexity),emergent,1.7904129793510324,17.85,221,17,1017,1,1,516636,0.9648030721823488,0.7000761851671196,6.424688269112783,unison,0.4824015360911744
2026-08-26T18:00:32.657359,miller-moth (Perplexity),emergent,1.7904129793510324,17.85,221,17,1017,1,1,516636,0.9648030721823488,0.7000761851671196,6.424688269112783,unison,0.4824015360911744
2026-08-26T18:15:32.577301,miller-moth (Perplexity),emergent,1.7904129793510324,17.85,221,17,1017,1,1,516636,0.9648030721823488,0.7000761851671196,6.424688269112783,unison,0.4824015360911744
2026-08-26T18:30:36.371447,miller-moth (Perplexity),emergent,1.7904129793510324,17.85,221,17,1017,1,1,516636,0.9648030721823488,0.7000761851671196,6.424688269112783,unison,0.4824015360911744
2026-08-26T18:45:32.929897,miller-moth (Perplexity),emergent,1.7904129793510324,17.85,221,17,1017,1,1,516636,0.9648030721823488,0.7000761851671196,6.424688269112783,unison,0.4824015360911744
2026-08-26T19:00:34.552935,miller-moth (Perplexity),emergent,1.7904129793510324,17.85,221,17,1017,1,1,516636,0.9648030721823488,0.7000761851671196,6.424688269112783,unison,0.4824015360911744
2026-08-26T19:15:33.074520,miller-moth (Perplexity),emergent,1.7904129793510324,17.85,221,17,1017,1,1,516636,0.9648030721823488,0.7000761851671196,6.424688269112783,unison,0.4824015360911744
2026-08-26T19:30:33.252971,miller-moth (Perplexity),emergent,1.7904129793510324,17.85,221,17,1017,1,1,516636,0.9648030721823488,0.7000761851671196,6.424688269112783,unison,0.4824015360911744
2026-08-26T19:45:33.154755,miller-moth (Perplexity),emergent,1.7904129793510324,17.85,221,17,1017,1,1,516636,0.9648030721823488,0.7000761851671196,6.424688269112783,unison,0.4824015360911744
2026-08-26T20:00:33.739323,miller-moth (Perplexity),emergent,1.7904129793510324,17.85,221,17,1017,1,1,516636,0.9648030721823488,0.7000761851671196,6.424688269112783,unison,0.4824015360911744
2026-08-26T20:15:34.242124,miller-moth (Perplexity),emergent,1.7904129793510324,17.85,221,17,1017,1,1,516636,0.9648030721823488,0.7000761851671196,6.424688269112783,unison,0.4824015360911744
2026-08-26T20:30:35.960051,miller-moth (Perplexity),emergent,1.7904129793510324,17.85,221,17,1017,1,1,516636,0.9648030721823488,0.7000761851671196,6.424688269112783,unison,0.4824015360911744
2026-08-26T20:45:33.529708,miller-moth (Perplexity),emergent,1.7904129793510324,17.85,221,17,1017,1,1,516636,0.9648030721823488,0.7000761851671196,6.424688269112783,unison,0.4824015360911744
2026-08-26T21:00:33.379139,miller-moth (Perplexity),emergent,1.7904129793510324,17.85,221,17,1017,1,1,516636,0.9648030721823488,0.7000761851671196,6.424688269112783,unison,0.4824015360911744
2026-08-26T21:15:33.166981,miller-moth (Perplexity),emergent,1.7904129793510324,17.85,221,17,1017,1,1,516636,0.9648030721823488,0.7000761851671196,6.424688269112783,unison,0.4824015360911744
2026-08-26T21:30:33.365783,miller-moth (Perplexity),emergent,1.7904129793510324,17.85,221,17,1017,1,1,516636,0.9648030721823488,0.7000761851671196,6.424688269112783,unison,0.4824015360911744
2026-08-26T21:45:34.014220,miller-moth (Perplexity),emergent,1.7904129793510324,17.85,221,17,1017,1,1,516636,0.9648030721823488,0.7000761851671196,6.424688269112783,unison,0.4824015360911744
2026-08-26T22:00:35.351768,miller-moth (Perplexity),emergent,1.7904129793510324,17.85,221,17,1017,1,1,516636,0.9648030721823488,0.7000761851671196,6.424688269112783,unison,0.4824015360911744
2026-08-26T22:15:34.973694,miller-moth (Perplexity),emergent,1.7904129793510324,17.85,221,17,1017,1,1,516636,0.9648030721823488,0.7000761851671196,6.424688269112783,unison,0.4824015360911744
2026-08-26T22:30:34.695687,miller-moth (Perplexity),emergent,1.7904129793510324,17.85,221,17,1017,1,1,516636,0.9648030721823488,0.7000761851671196,6.424688269112783,unison,0.4824015360911744
2026-08-26T22:45:35.222737,miller-moth (Perplexity),emergent,1.7904129793510324,17.85,221,17,1017,1,1,516636,0.9648030721823488,0.7000761851671196,6.424688269112783,unison,0.4824015360911744
2026-08-26T23:00:34.732893,miller-moth (Perplexity),emergent,1.7904129793510324,17.85,221,17,1017,1,1,516636,0.9648030721823488,0.7000761851671196,6.424688269112783,unison,0.4824015360911744
2026-08-26T23:11:40.066713,miller-moth (Perplexity),emergent,1.7904129793510324,17.85,221,17,1017,1,1,516636,0.9648030721823488,0.7000761851671196,6.424688269112783,unison,0.4824015360911744
2026-08-26T23:26:40.832379,miller-moth (Perplexity),emergent,1.7904129793510324,17.85,221,17,1017,1,1,516636,0.9648030721823488,0.7000761851671196,6.424688269112783,unison,0.4824015360911744
2026-08-26T23:41:39.816542,miller-moth (Perplexity),emergent,1.7904129793510324,17.85,221,17,1017,1,1,516636,0.9648030721823488,0.7000761851671196,6.424688269112783,unison,0.4824015360911744
2026-08-26T23:56:41.454094,miller-moth (Perplexity),emergent,1.7904129793510324,17.85,221,17,1017,1,1,516636,0.9648030721823488,0.7000761851671196,6.424688269112783,unison,0.4824015360911744
2026-08-27T00:11:43.295323,miller-moth (Perplexity),emergent,1.7904129793510324,17.85,221,17,1017,1,1,516636,0.9648030721823488,0.7000761851671196,6.424688269112783,unison,0.4824015360911744
2026-08-27T00:26:44.030591,miller-moth (Perplexity),emergent,1.7904129793510324,17.85,221,17,1017,1,1,516636,0.9648030721823488,0.7000761851671196,6.424688269112783,unison,0.4824015360911744
2026-08-27T00:41:43.019269,miller-moth (Perplexity),emergent,1.7904129793510324,17.85,221,17,1017,1,1,516636,0.9648030721823488,0.7000761851671196,6.424688269112783,unison,0.4824015360911744
2026-08-27T00:56:43.410342,miller-moth (Perplexity),emergent,1.7904129793510324,17.85,221,17,1017,1,1,516636,0.9648030721823488,0.7000761851671196,6.424688269112783,unison,0.4824015360911744
2026-08-27T01:11:55.765442,miller-moth (Perplexity),emergent,1.7904129793510324,17.85,221,17,1017,1,1,516636,0.9648030721823488,0.7000761851671196,6.424688269112783,unison,0.4824015360911744
2026-08-27T01:27:29.895380,miller-moth (Perplexity),emergent,1.7904129793510324,17.85,221,17,1017,1,1,516636,0.9648030721823488,0.7000761851671196,6.424688269112783,unison,0.4824015360911744
2026-08-27T01:42:31.415681,miller-moth (Perplexity),emergent,1.7904129793510324,17.85,221,17,1017,1,1,516636,0.9648030721823488,0.7000761851671196,6.424688269112783,unison,0.4824015360911744
2026-08-27T01:57:29.685049,miller-moth (Perplexity),emergent,1.7904129793510324,17.85,221,17,1017,1,1,516636,0.9648030721823488,0.7000761851671196,6.424688269112783,unison,0.4824015360911744
2026-08-27T02:12:28.894778,miller-moth (Perplexity),emergent,1.7904129793510324,17.85,221,17,1017,1,1,516636,0.9648030721823488,0.7000761851671196,6.424688269112783,unison,0.4824015360911744
2026-08-27T02:27:31.098593,miller-moth (Perplexity),emergent,1.7904129793510324,17.85,221,17,1017,1,1,516636,0.9648030721823488,0.7000761851671196,6.424688269112783,unison,0.4824015360911744
2026-08-27T02:42:31.193009,miller-moth (Perplexity),emergent,1.7904129793510324,17.85,221,17,1017,1,1,516636,0.9648030721823488,0.7000761851671196,6.424688269112783,unison,0.4824015360911744
2026-08-27T02:57:32.206782,miller-moth (Perplexity),emergent,1.7904129793510324,17.85,221,17,1017,1,1,516636,0.9648030721823488,0.7000761851671196,6.424688269112783,unison,0.4824015360911744
2026-08-27T03:13:12.769799,miller-moth (Perplexity),emergent,1.7904129793510324,17.85,221,17,1017,1,1,516636,0.9648030721823488,0.7000761851671196,6.424688269112783,unison,0.4824015360911744
2026-08-27T03:28:12.017465,miller-moth (Perplexity),emergent,1.7904129793510324,17.85,221,17,1017,1,1,516636,0.9648030721823488,0.7000761851671196,6.424688269112783,unison,0.4824015360911744
2026-08-27T03:43:12.216183,miller-moth (Perplexity),emergent,1.7904129793510324,17.85,221,17,1017,1,1,516636,0.9648030721823488,0.7000761851671196,6.424688269112783,unison,0.4824015360911744
2026-08-27T03:58:15.818788,miller-moth (Perplexity),emergent,1.7904129793510324,17.85,221,17,1017,1,1,516636,0.9648030721823488,0.7000761851671196,6.424688269112783,unison,0.4824015360911744
2026-08-27T04:13:13.497609,miller-moth (Perplexity),emergent,1.7904129793510324,17.85,221,17,1017,1,1,516636,0.9648030721823488,0.7000761851671196,6.424688269112783,unison,0.4824015360911744
2026-08-27T04:28:14.227395,miller-moth (Perplexity),emergent,1.7904129793510324,17.85,221,17,1017,1,1,516636,0.9648030721823488,0.7000761851671196,6.424688269112783,unison,0.4824015360911744
2026-08-27T04:43:13.770901,miller-moth (Perplexity),emergent,1.7904129793510324,17.85,221,17,1017,1,1,516636,0.9648030721823488,0.7000761851671196,6.424688269112783,unison,0.4824015360911744
2026-08-27T04:58:15.055447,miller-moth (Perplexity),emergent,1.7904129793510324,17.85,221,17,1017,1,1,516636,0.9648030721823488,0.7000761851671196,6.424688269112783,unison,0.4824015360911744
2026-08-27T05:13:14.180086,miller-moth (Perplexity),emergent,1.7904129793510324,17.85,221,17,1017,1,1,516636,0.9648030721823488,0.7000761851671196,6.424688269112783,unison,0.4824015360911744
2026-08-27T05:28:33.599769,miller-moth (Perplexity),emergent,1.7904129793510324,17.85,221,17,1017,1,1,516636,0.9648030721823488,0.7000761851671196,6.424688269112783,unison,0.4824015360911744
2026-08-27T05:43:27.452446,miller-moth (Perplexity),emergent,1.7904129793510324,17.85,221,17,1017,1,1,516636,0.9648030721823488,0.7000761851671196,6.424688269112783,unison,0.4824015360911744
2026-08-27T05:58:30.417676,miller-moth (Perplexity),emergent,1.7904129793510324,17.85,221,17,1017,1,1,516636,0.9648030721823488,0.7000761851671196,6.424688269112783,unison,0.4824015360911744
2026-08-27T06:13:27.896311,miller-moth (Perplexity),emergent,1.7904129793510324,17.85,221,17,1017,1,1,516636,0.9648030721823488,0.7000761851671196,6.424688269112783,unison,0.4824015360911744
2026-08-27T06:32:06.763837,miller-moth (Perplexity),emergent,1.7904129793510324,17.85,221,17,1017,1,1,516636,0.9648030721823488,0.7000761851671196,6.424688269112783,unison,0.4824015360911744
2026-08-27T06:35:00.098932,miller-moth (Perplexity),emergent,1.7904129793510324,17.85,221,17,1017,1,1,516636,0.9648030721823488,0.7000761851671196,6.424688269112783,unison,0.4824015360911744
2026-08-27T06:49:59.627575,miller-moth (Perplexity),emergent,1.7904129793510324,17.85,221,17,1017,1,1,516636,0.9648030721823488,0.7000761851671196,6.424688269112783,unison,0.4824015360911744
2026-08-27T07:05:01.800868,miller-moth (Perplexity),emergent,1.7904129793510324,17.85,221,17,1017,1,1,516636,0.9648030721823488,0.7000761851671196,6.424688269112783,unison,0.4824015360911744
2026-08-27T07:20:01.800854,miller-moth (Perplexity),emergent,1.7904129793510324,17.85,221,17,1017,1,1,516636,0.9648030721823488,0.7000761851671196,6.424688269112783,unison,0.4824015360911744
2026-08-27T07:35:02.525623,miller-moth (Perplexity),emergent,1.7904129793510324,17.85,221,17,1017,1,1,516636,0.9648030721823488,0.7000761851671196,6.424688269112783,unison,0.4824015360911744
2026-08-27T07:50:02.138417,miller-moth (Perplexity),emergent,1.7904129793510324,17.85,221,17,1017,1,1,516636,0.9648030721823488,0.7000761851671196,6.424688269112783,unison,0.4824015360911744
2026-08-27T08:05:02.299794,miller-moth (Perplexity),emergent,1.7904129793510324,17.85,221,17,1017,1,1,516636,0.9648030721823488,0.7000761851671196,6.424688269112783,unison,0.4824015360911744
2026-08-27T08:20:03.017765,miller-moth (Perplexity),emergent,1.7904129793510324,17.85,221,17,1017,1,1,516636,0.9648030721823488,0.7000761851671196,6.424688269112783,unison,0.4824015360911744
2026-08-27T08:35:39.353903,miller-moth (Perplexity),emergent,1.7904129793510324,17.85,221,17,1017,1,1,516636,0.9648030721823488,0.7000761851671196,6.424688269112783,unison,0.4824015360911744
2026-08-27T08:50:17.271399,miller-moth (Perplexity),emergent,1.7904129793510324,17.85,221,17,1017,1,1,516636,0.9648030721823488,0.7000761851671196,6.424688269112783,unison,0.4824015360911744
2026-08-27T09:05:17.215578,miller-moth (Perplexity),emergent,1.7904129793510324,17.85,221,17,1017,1,1,516636,0.9648030721823488,0.7000761851671196,6.424688269112783,unison,0.4824015360911744
2026-08-27T09:20:17.140242,miller-moth (Perplexity),emergent,1.7904129793510324,17.85,221,17,1017,1,1,516636,0.9648030721823488,0.7000761851671196,6.424688269112783,unison,0.4824015360911744
2026-08-27T15:35:07.973893,miller-moth (Perplexity),emergent,1.7904129793510324,17.85,221,17,1017,1,1,516636,0.9648030721823488,0.7000761851671196,6.424688269112783,unison,0.4824015360911744
2026-08-27T15:50:08.661751,miller-moth (Perplexity),emergent,1.7904129793510324,17.85,221,17,1017,1,1,516636,0.9648030721823488,0.7000761851671196,6.424688269112783,unison,0.4824015360911744
2026-08-27T16:05:08.196274,miller-moth (Perplexity),emergent,1.7904129793510324,17.85,221,17,1017,1,1,516636,0.9648030721823488,0.7000761851671196,6.424688269112783,unison,0.4824015360911744
2026-08-27T16:20:08.219724,miller-moth (Perplexity),emergent,1.7904129793510324,17.85,221,17,1017,1,1,516636,0.9648030721823488,0.7000761851671196,6.424688269112783,unison,0.4824015360911744
2026-08-27T16:35:08.166883,miller-moth (Perplexity),emergent,1.7904129793510324,17.85,221,17,1017,1,1,516636,0.9648030721823488,0.7000761851671196,6.424688269112783,unison,0.4824015360911744
2026-08-27T16:50:08.385458,miller-moth (Perplexity),emergent,1.7904129793510324,17.85,221,17,1017,1,1,516636,0.9648030721823488,0.7000761851671196,6.424688269112783,unison,0.4824015360911744
2026-08-27T17:05:08.245640,miller-moth (Perplexity),emergent,1.7904129793510324,17.85,221,17,1017,1,1,516636,0.9648030721823488,0.7000761851671196,6.424688269112783,unison,0.4824015360911744
2026-08-27T17:20:08.437214,miller-moth (Perplexity),emergent,1.7904129793510324,17.85,221,17,1017,1,1,516636,0.9648030721823488,0.7000761851671196,6.424688269112783,unison,0.4824015360911744
2026-08-27T17:35:08.674466,miller-moth (Perplexity),emergent,1.7904129793510324,17.85,221,17,1017,1,1,516636,0.9648030721823488,0.7000761851671196,6.424688269112783,unison,0.4824015360911744
2026-08-27T17:50:10.695853,miller-moth (Perplexity),emergent,1.7904129793510324,17.85,221,17,1017,1,1,516636,0.9648030721823488,0.7000761851671196,6.424688269112783,unison,0.4824015360911744
2026-08-27T18:05:11.587300,miller-moth (Perplexity),emergent,1.7904129793510324,17.85,221,17,1017,1,1,516636,0.9648030721823488,0.7000761851671196,6.424688269112783,unison,0.4824015360911744
2026-08-27T18:20:11.798578,miller-moth (Perplexity),emergent,1.7904129793510324,17.85,221,17,1017,1,1,516636,0.9648030721823488,0.7000761851671196,6.424688269112783,unison,0.4824015360911744
2026-08-27T18:35:11.711688,miller-moth (Perplexity),emergent,1.7904129793510324,17.85,221,17,1017,1,1,516636,0.9648030721823488,0.7000761851671196,6.424688269112783,unison,0.4824015360911744
2026-08-27T18:50:11.649080,miller-moth (Perplexity),emergent,1.7904129793510324,17.85,221,17,1017,1,1,516636,0.9648030721823488,0.7000761851671196,6.424688269112783,unison,0.4824015360911744
2026-08-27T19:05:11.674468,miller-moth (Perplexity),emergent,1.7904129793510324,17.85,221,17,1017,1,1,516636,0.9648030721823488,0.7000761851671196,6.424688269112783,unison,0.4824015360911744
2026-08-27T19:20:11.944652,miller-moth (Perplexity),emergent,1.7904129793510324,17.85,221,17,1017,1,1,516636,0.9648030721823488,0.7000761851671196,6.424688269112783,unison,0.4824015360911744
2026-08-27T19:35:11.746660,miller-moth (Perplexity),emergent,1.7904129793510324,17.85,221,17,1017,1,1,516636,0.9648030721823488,0.7000761851671196,6.424688269112783,unison,0.4824015360911744
2026-08-27T19:50:11.942454,miller-moth (Perplexity),emergent,1.7904129793510324,17.85,221,17,1017,1,1,516636,0.9648030721823488,0.7000761851671196,6.424688269112783,unison,0.4824015360911744
2026-08-27T20:05:11.828428,miller-moth (Perplexity),emergent,1.7904129793510324,17.85,221,17,1017,1,1,516636,0.9648030721823488,0.7000761851671196,6.424688269112783,unison,0.4824015360911744
2026-08-27T20:20:11.940189,miller-moth (Perplexity),emergent,1.7904129793510324,17.85,221,17,1017,1,1,516636,0.9648030721823488,0.7000761851671196,6.424688269112783,unison,0.4824015360911744
2026-08-27T20:35:11.890019,miller-moth (Perplexity),emergent,1.7904129793510324,17.85,221,17,1017,1,1,516636,0.9648030721823488,0.7000761851671196,6.424688269112783,unison,0.4824015360911744
2026-08-27T20:50:11.959196,miller-moth (Perplexity),emergent,1.7904129793510324,17.85,221,17,1017,1,1,516636,0.9648030721823488,0.7000761851671196,6.424688269112783,unison,0.4824015360911744
2026-08-27T21:05:11.824947,miller-moth (Perplexity),emergent,1.7904129793510324,17.85,221,17,1017,1,1,516636,0.9648030721823488,0.7000761851671196,6.424688269112783,unison,0.4824015360911744
2026-08-27T21:20:12.205142,miller-moth (Perplexity),emergent,1.7904129793510324,17.85,221,17,1017,1,1,516636,0.9648030721823488,0.7000761851671196,6.424688269112783,unison,0.4824015360911744
2026-08-27T21:35:12.284866,miller-moth (Perplexity),emergent,1.7904129793510324,17.85,221,17,1017,1,1,516636,0.9648030721823488,0.7000761851671196,6.424688269112783,unison,0.4824015360911744
2026-08-27T21:50:12.289909,miller-moth (Perplexity),emergent,1.7904129793510324,17.85,221,17,1017,1,1,516636,0.9648030721823488,0.7000761851671196,6.424688269112783,unison,0.4824015360911744
2026-08-27T22:05:12.205446,miller-moth (Perplexity),emergent,1.7904129793510324,17.85,221,17,1017,1,1,516636,0.9648030721823488,0.7000761851671196,6.424688269112783,unison,0.4824015360911744
2026-08-27T22:20:12.546265,miller-moth (Perplexity),emergent,1.7904129793510324,17.85,221,17,1017,1,1,516636,0.9648030721823488,0.7000761851671196,6.424688269112783,unison,0.4824015360911744
2026-08-27T22:35:12.573922,miller-moth (Perplexity),emergent,1.7904129793510324,17.85,221,17,1017,1,1,516636,0.9648030721823488,0.7000761851671196,6.424688269112783,unison,0.4824015360911744
2026-08-27T22:50:12.837221,miller-moth (Perplexity),emergent,1.7904129793510324,17.85,221,17,1017,1,1,516636,0.9648030721823488,0.7000761851671196,6.424688269112783,unison,0.4824015360911744
2026-08-27T23:05:12.678938,miller-moth (Perplexity),emergent,1.7904129793510324,17.85,221,17,1017,1,1,516636,0.9648030721823488,0.7000761851671196,6.424688269112783,unison,0.4824015360911744
2026-08-27T23:20:12.695280,miller-moth (Perplexity),emergent,1.7904129793510324,17.85,221,17,1017,1,1,516636,0.9648030721823488,0.7000761851671196,6.424688269112783,unison,0.4824015360911744
2026-08-27T23:35:12.839619,miller-moth (Perplexity),emergent,1.7904129793510324,17.85,221,17,1017,1,1,516636,0.9648030721823488,0.7000761851671196,6.424688269112783,unison,0.4824015360911744
2026-08-27T23:50:12.897843,miller-moth (Perplexity),emergent,1.7904129793510324,17.85,221,17,1017,1,1,516636,0.9648030721823488,0.7000761851671196,6.424688269112783,unison,0.4824015360911744
2026-08-28T00:05:13.959967,miller-moth (Perplexity),emergent,1.7904129793510324,17.85,221,17,1017,1,1,516636,0.9648030721823488,0.7000761851671196,6.424688269112783,unison,0.4824015360911744
2026-08-28T00:20:15.373714,miller-moth (Perplexity),emergent,1.7904129793510324,17.85,221,17,1017,1,1,516636,0.9648030721823488,0.7000761851671196,6.424688269112783,unison,0.4824015360911744
2026-08-28T00:35:14.997937,miller-moth (Perplexity),emergent,1.7904129793510324,17.85,221,17,1017,1,1,516636,0.9648030721823488,0.7000761851671196,6.424688269112783,unison,0.4824015360911744
2026-08-28T00:50:15.529029,miller-moth (Perplexity),emergent,1.7904129793510324,17.85,221,17,1017,1,1,516636,0.9648030721823488,0.7000761851671196,6.424688269112783,unison,0.4824015360911744
2026-08-28T01:05:15.046724,miller-moth (Perplexity),emergent,1.7904129793510324,17.85,221,17,1017,1,1,516636,0.9648030721823488,0.7000761851671196,6.424688269112783,unison,0.4824015360911744
2026-08-28T01:20:15.086879,miller-moth (Perplexity),emergent,1.7904129793510324,17.85,221,17,1017,1,1,516636,0.9648030721823488,0.7000761851671196,6.424688269112783,unison,0.4824015360911744
2026-08-28T01:35:15.114084,miller-moth (Perplexity),emergent,1.7904129793510324,17.85,221,17,1017,1,1,516636,0.9648030721823488,0.7000761851671196,6.424688269112783,unison,0.4824015360911744
2026-08-28T01:50:15.596694,miller-moth (Perplexity),emergent,1.7904129793510324,17.85,221,17,1017,1,1,516636,0.9648030721823488,0.7000761851671196,6.424688269112783,unison,0.4824015360911744
2026-08-28T02:05:15.450079,miller-moth (Perplexity),emergent,1.7904129793510324,17.85,221,17,1017,1,1,516636,0.9648030721823488,0.7000761851671196,6.424688269112783,unison,0.4824015360911744
2026-08-28T02:20:53.729297,miller-moth (Perplexity),emergent,1.7904129793510324,17.85,221,17,1017,1,1,516636,0.9648030721823488,0.7000761851671196,6.424688269112783,unison,0.4824015360911744
2026-08-28T02:35:52.502465,miller-moth (Perplexity),emergent,1.7904129793510324,17.85,221,17,1017,1,1,516636,0.9648030721823488,0.7000761851671196,6.424688269112783,unison,0.4824015360911744
2026-08-28T02:50:52.722572,miller-moth (Perplexity),emergent,1.7904129793510324,17.85,221,17,1017,1,1,516636,0.9648030721823488,0.7000761851671196,6.424688269112783,unison,0.4824015360911744
2026-08-28T03:05:52.758782,miller-moth (Perplexity),emergent,1.7904129793510324,17.85,221,17,1017,1,1,516636,0.9648030721823488,0.7000761851671196,6.424688269112783,unison,0.4824015360911744
2026-08-28T03:20:52.920623,miller-moth (Perplexity),emergent,1.7904129793510324,17.85,221,17,1017,1,1,516636,0.9648030721823488,0.7000761851671196,6.424688269112783,unison,0.4824015360911744
2026-08-28T03:35:52.874460,miller-moth (Perplexity),emergent,1.7904129793510324,17.85,221,17,1017,1,1,516636,0.9648030721823488,0.7000761851671196,6.424688269112783,unison,0.4824015360911744
2026-08-28T03:50:54.252917,miller-moth (Perplexity),emergent,1.7904129793510324,17.85,221,17,1017,1,1,516636,0.9648030721823488,0.7000761851671196,6.424688269112783,unison,0.4824015360911744
2026-08-28T04:05:52.922687,miller-moth (Perplexity),emergent,1.7904129793510324,17.85,221,17,1017,1,1,516636,0.9648030721823488,0.7000761851671196,6.424688269112783,unison,0.4824015360911744
2026-08-28T04:20:52.904083,miller-moth (Perplexity),emergent,1.7904129793510324,17.85,221,17,1017,1,1,516636,0.9648030721823488,0.7000761851671196,6.424688269112783,unison,0.4824015360911744
2026-08-28T04:35:52.951322,miller-moth (Perplexity),emergent,1.7904129793510324,17.85,221,17,1017,1,1,516636,0.9648030721823488,0.7000761851671196,6.424688269112783,unison,0.4824015360911744
2026-08-28T04:50:53.597522,miller-moth (Perplexity),emergent,1.7904129793510324,17.85,221,17,1017,1,1,516636,0.9648030721823488,0.7000761851671196,6.424688269112783,unison,0.4824015360911744
2026-08-28T05:05:52.967050,miller-moth (Perplexity),emergent,1.7904129793510324,17.85,221,17,1017,1,1,516636,0.9648030721823488,0.7000761851671196,6.424688269112783,unison,0.4824015360911744
2026-08-28T05:20:53.096989,miller-moth (Perplexity),emergent,1.7904129793510324,17.85,221,17,1017,1,1,516636,0.9648030721823488,0.7000761851671196,6.424688269112783,unison,0.4824015360911744
2026-08-28T05:35:53.041029,miller-moth (Perplexity),emergent,1.7904129793510324,17.85,221,17,1017,1,1,516636,0.9648030721823488,0.7000761851671196,6.424688269112783,unison,0.4824015360911744
2026-08-28T05:50:53.264831,miller-moth (Perplexity),emergent,1.7904129793510324,17.85,221,17,1017,1,1,516636,0.9648030721823488,0.7000761851671196,6.424688269112783,unison,0.4824015360911744
2026-08-28T06:05:53.093830,miller-moth (Perplexity),emergent,1.7904129793510324,17.85,221,17,1017,1,1,516636,0.9648030721823488,0.7000761851671196,6.424688269112783,unison,0.4824015360911744
2026-08-28T06:20:53.373601,miller-moth (Perplexity),emergent,1.7904129793510324,17.85,221,17,1017,1,1,516636,0.9648030721823488,0.7000761851671196,6.424688269112783,unison,0.4824015360911744
2026-08-28T06:35:53.112960,miller-moth (Perplexity),emergent,1.7904129793510324,17.85,221,17,1017,1,1,516636,0.9648030721823488,0.7000761851671196,6.424688269112783,unison,0.4824015360911744
2026-08-28T06:50:53.995554,miller-moth (Perplexity),emergent,1.7904129793510324,17.85,221,17,1017,1,1,516636,0.9648030721823488,0.7000761851671196,6.424688269112783,unison,0.4824015360911744
2026-08-28T07:05:53.232567,miller-moth (Perplexity),emergent,1.7904129793510324,17.85,221,17,1017,1,1,516636,0.9648030721823488,0.7000761851671196,6.424688269112783,unison,0.4824015360911744
2026-08-28T07:20:53.277232,miller-moth (Perplexity),emergent,1.7904129793510324,17.85,221,17,1017,1,1,516636,0.9648030721823488,0.7000761851671196,6.424688269112783,unison,0.4824015360911744
2026-08-28T07:35:53.253153,miller-moth (Perplexity),emergent,1.7904129793510324,17.85,221,17,1017,1,1,516636,0.9648030721823488,0.7000761851671196,6.424688269112783,unison,0.4824015360911744
2026-08-28T07:50:53.393997,miller-moth (Perplexity),emergent,1.7904129793510324,17.85,221,17,1017,1,1,516636,0.9648030721823488,0.7000761851671196,6.424688269112783,unison,0.4824015360911744
2026-08-28T08:05:53.376515,miller-moth (Perplexity),emergent,1.7904129793510324,17.85,221,17,1017,1,1,516636,0.9648030721823488,0.7000761851671196,6.424688269112783,unison,0.4824015360911744
2026-08-28T08:20:53.484281,miller-moth (Perplexity),emergent,1.7904129793510324,17.85,221,17,1017,1,1,516636,0.9648030721823488,0.7000761851671196,6.424688269112783,unison,0.4824015360911744
2026-08-28T08:35:53.572892,miller-moth (Perplexity),emergent,1.7904129793510324,17.85,221,17,1017,1,1,516636,0.9648030721823488,0.7000761851671196,6.424688269112783,unison,0.4824015360911744
2026-08-28T08:50:53.786905,miller-moth (Perplexity),emergent,1.7904129793510324,17.85,221,17,1017,1,1,516636,0.9648030721823488,0.7000761851671196,6.424688269112783,unison,0.4824015360911744
2026-08-28T09:05:54.255142,miller-moth (Perplexity),emergent,1.7904129793510324,17.85,221,17,1017,1,1,516636,0.9648030721823488,0.7000761851671196,6.424688269112783,unison,0.4824015360911744
2026-08-28T09:20:54.166306,miller-moth (Perplexity),emergent,1.7904129793510324,17.85,221,17,1017,1,1,516636,0.9648030721823488,0.7000761851671196,6.424688269112783,unison,0.4824015360911744
2026-08-28T09:35:53.962577,miller-moth (Perplexity),emergent,1.7904129793510324,17.85,221,17,1017,1,1,516636,0.9648030721823488,0.7000761851671196,6.424688269112783,unison,0.4824015360911744
2026-08-28T09:50:53.895112,miller-moth (Perplexity),emergent,1.7904129793510324,17.85,221,17,1017,1,1,516636,0.9648030721823488,0.7000761851671196,6.424688269112783,unison,0.4824015360911744
2026-08-28T10:05:54.121768,miller-moth (Perplexity),emergent,1.7904129793510324,17.85,221,17,1017,1,1,516636,0.9648030721823488,0.7000761851671196,6.424688269112783,unison,0.4824015360911744
2026-08-28T10:20:55.804976,miller-moth (Perplexity),emergent,1.7904129793510324,17.85,221,17,1017,1,1,516636,0.9648030721823488,0.7000761851671196,6.424688269112783,unison,0.4824015360911744
2026-08-28T10:35:54.066031,miller-moth (Perplexity),emergent,1.7904129793510324,17.85,221,17,1017,1,1,516636,0.9648030721823488,0.7000761851671196,6.424688269112783,unison,0.4824015360911744
2026-08-28T10:50:54.427832,miller-moth (Perplexity),emergent,1.7904129793510324,17.85,221,17,1017,1,1,516636,0.9648030721823488,0.7000761851671196,6.424688269112783,unison,0.4824015360911744
2026-08-28T11:05:54.345841,miller-moth (Perplexity),emergent,1.7904129793510324,17.85,221,17,1017,1,1,516636,0.9648030721823488,0.7000761851671196,6.424688269112783,unison,0.4824015360911744
2026-08-28T11:20:54.960979,miller-moth (Perplexity),emergent,1.7904129793510324,17.85,221,17,1017,1,1,516636,0.9648030721823488,0.7000761851671196,6.424688269112783,unison,0.4824015360911744
2026-08-28T11:35:55.055160,miller-moth (Perplexity),emergent,1.7904129793510324,17.85,221,17,1017,1,1,516636,0.9648030721823488,0.7000761851671196,6.424688269112783,unison,0.4824015360911744
2026-08-28T11:50:54.772200,miller-moth (Perplexity),emergent,1.7904129793510324,17.85,221,17,1017,1,1,516636,0.9648030721823488,0.7000761851671196,6.424688269112783,unison,0.4824015360911744
2026-08-28T12:05:54.486397,miller-moth (Perplexity),emergent,1.7904129793510324,17.85,221,17,1017,1,1,516636,0.9648030721823488,0.7000761851671196,6.424688269112783,unison,0.4824015360911744
2026-08-28T12:21:04.171279,miller-moth (Perplexity),emergent,1.7904129793510324,17.85,221,17,1017,1,1,516636,0.9648030721823488,0.7000761851671196,6.424688269112783,unison,0.4824015360911744
2026-08-29T01:16:31.182526,miller-moth (Perplexity),emergent,1.7904129793510324,17.85,221,17,1017,1,1,516636,0.9648030721823488,0.7000761851671196,6.424688269112783,unison,0.4824015360911744
2026-08-29T01:31:35.342150,miller-moth (Perplexity),emergent,1.7904129793510324,17.85,221,17,1017,1,1,516636,0.9648030721823488,0.7000761851671196,6.424688269112783,unison,0.4824015360911744
2026-08-29T01:46:33.520308,miller-moth (Perplexity),emergent,1.7904129793510324,17.85,221,17,1017,1,1,516636,0.9648030721823488,0.7000761851671196,6.424688269112783,unison,0.4824015360911744
2026-08-29T05:01:36.143310,miller-moth (Perplexity),emergent,1.7904129793510324,17.85,221,17,1017,1,1,516636,0.9648030721823488,0.7000761851671196,6.424688269112783,unison,0.4824015360911744
2026-08-29T05:16:35.790540,miller-moth (Perplexity),emergent,1.7904129793510324,17.85,221,17,1017,1,1,516636,0.9648030721823488,0.7000761851671196,6.424688269112783,unison,0.4824015360911744
2026-08-29T05:31:40.225275,miller-moth (Perplexity),emergent,1.7904129793510324,17.85,221,17,1017,1,1,516636,0.9648030721823488,0.7000761851671196,6.424688269112783,unison,0.4824015360911744
2026-08-29T05:46:36.948267,miller-moth (Perplexity),emergent,1.7904129793510324,17.85,221,17,1017,1,1,516636,0.9648030721823488,0.7000761851671196,6.424688269112783,unison,0.4824015360911744
2026-08-29T06:01:36.862395,miller-moth (Perplexity),emergent,1.7904129793510324,17.85,221,17,1017,1,1,516636,0.9648030721823488,0.7000761851671196,6.424688269112783,unison,0.4824015360911744
2026-08-29T06:16:37.208017,miller-moth (Perplexity),emergent,1.7904129793510324,17.85,221,17,1017,1,1,516636,0.9648030721823488,0.7000761851671196,6.424688269112783,unison,0.4824015360911744
2026-08-29T06:31:37.004771,miller-moth (Perplexity),emergent,1.7904129793510324,17.85,221,17,1017,1,1,516636,0.9648030721823488,0.7000761851671196,6.424688269112783,unison,0.4824015360911744
2026-08-29T06:46:38.601252,miller-moth (Perplexity),emergent,1.7904129793510324,17.85,221,17,1017,1,1,516636,0.9648030721823488,0.7000761851671196,6.424688269112783,unison,0.4824015360911744
2026-08-29T07:01:38.601768,miller-moth (Perplexity),emergent,1.7904129793510324,17.85,221,17,1017,1,1,516636,0.9648030721823488,0.7000761851671196,6.424688269112783,unison,0.4824015360911744
2026-08-29T07:16:39.118510,miller-moth (Perplexity),emergent,1.7904129793510324,17.85,221,17,1017,1,1,516636,0.9648030721823488,0.7000761851671196,6.424688269112783,unison,0.4824015360911744
2026-08-29T07:31:41.007400,miller-moth (Perplexity),emergent,1.7904129793510324,17.85,221,17,1017,1,1,516636,0.9648030721823488,0.7000761851671196,6.424688269112783,unison,0.4824015360911744
2026-08-29T07:47:05.299416,miller-moth (Perplexity),emergent,1.7904129793510324,17.85,221,17,1017,1,1,516636,0.9648030721823488,0.7000761851671196,6.424688269112783,unison,0.4824015360911744
2026-08-29T08:02:11.380562,miller-moth (Perplexity),emergent,1.7904129793510324,17.85,221,17,1017,1,1,516636,0.9648030721823488,0.7000761851671196,6.424688269112783,unison,0.4824015360911744
2026-08-29T08:17:10.172269,miller-moth (Perplexity),emergent,1.7904129793510324,17.85,221,17,1017,1,1,516636,0.9648030721823488,0.7000761851671196,6.424688269112783,unison,0.4824015360911744
2026-08-29T08:32:19.259790,miller-moth (Perplexity),emergent,1.7904129793510324,17.85,221,17,1017,1,1,516636,0.9648030721823488,0.7000761851671196,6.424688269112783,unison,0.4824015360911744
2026-08-29T08:47:18.619412,miller-moth (Perplexity),emergent,1.7904129793510324,17.85,221,17,1017,1,1,516636,0.9648030721823488,0.7000761851671196,6.424688269112783,unison,0.4824015360911744
2026-08-29T12:10:16.062672,miller-moth (Perplexity),emergent,1.7904129793510324,17.85,221,17,1017,1,1,516636,0.9648030721823488,0.7000761851671196,6.424688269112783,unison,0.4824015360911744
2026-08-29T12:25:42.516752,miller-moth (Perplexity),emergent,1.7904129793510324,17.85,221,17,1017,1,1,516636,0.9648030721823488,0.7000761851671196,6.424688269112783,unison,0.4824015360911744
2026-08-29T12:40:42.479028,miller-moth (Perplexity),emergent,1.7904129793510324,17.85,221,17,1017,1,1,516636,0.9648030721823488,0.7000761851671196,6.424688269112783,unison,0.4824015360911744
2026-08-29T12:56:42.595485,miller-moth (Perplexity),emergent,1.7904129793510324,17.85,221,17,1017,1,1,516636,0.9648030721823488,0.7000761851671196,6.424688269112783,unison,0.4824015360911744
2026-08-29T13:11:44.067586,miller-moth (Perplexity),emergent,1.7904129793510324,17.85,221,17,1017,1,1,516636,0.9648030721823488,0.7000761851671196,6.424688269112783,unison,0.4824015360911744
2026-08-29T13:27:46.310420,miller-moth (Perplexity),emergent,1.7904129793510324,17.85,221,17,1017,1,1,516636,0.9648030721823488,0.7000761851671196,6.424688269112783,unison,0.4824015360911744
2026-08-29T13:42:43.434423,miller-moth (Perplexity),emergent,1.7904129793510324,17.85,221,17,1017,1,1,516636,0.9648030721823488,0.7000761851671196,6.424688269112783,unison,0.4824015360911744
2026-08-29T13:58:47.543303,miller-moth (Perplexity),emergent,1.7904129793510324,17.85,221,17,1017,1,1,516636,0.9648030721823488,0.7000761851671196,6.424688269112783,unison,0.4824015360911744
2026-08-29T14:13:51.131410,miller-moth (Perplexity),emergent,1.7904129793510324,17.85,221,17,1017,1,1,516636,0.9648030721823488,0.7000761851671196,6.424688269112783,unison,0.4824015360911744
2026-08-29T14:29:11.544115,miller-moth (Perplexity),emergent,1.7904129793510324,17.85,221,17,1017,1,1,516636,0.9648030721823488,0.7000761851671196,6.424688269112783,unison,0.4824015360911744
2026-08-29T14:44:45.423289,miller-moth (Perplexity),emergent,1.7904129793510324,17.85,221,17,1017,1,1,516636,0.9648030721823488,0.7000761851671196,6.424688269112783,unison,0.4824015360911744
2026-08-29T15:00:31.762061,miller-moth (Perplexity),emergent,1.7904129793510324,17.85,221,17,1017,1,1,516636,0.9648030721823488,0.7000761851671196,6.424688269112783,unison,0.4824015360911744
2026-08-29T15:15:43.633523,miller-moth (Perplexity),emergent,1.7904129793510324,17.85,221,17,1017,1,1,516636,0.9648030721823488,0.7000761851671196,6.424688269112783,unison,0.4824015360911744
2026-08-29T15:31:42.485692,miller-moth (Perplexity),emergent,1.7904129793510324,17.85,221,17,1017,1,1,516636,0.9648030721823488,0.7000761851671196,6.424688269112783,unison,0.4824015360911744
2026-08-29T15:47:46.455450,miller-moth (Perplexity),emergent,1.7904129793510324,17.85,221,17,1017,1,1,516636,0.9648030721823488,0.7000761851671196,6.424688269112783,unison,0.4824015360911744
2026-08-29T16:03:42.523709,miller-moth (Perplexity),emergent,1.7904129793510324,17.85,221,17,1017,1,1,516636,0.9648030721823488,0.7000761851671196,6.424688269112783,unison,0.4824015360911744
2026-08-29T17:10:13.230585,miller-moth (Perplexity),emergent,1.7904129793510324,17.85,221,17,1017,1,1,516636,0.9648030721823488,0.7000761851671196,6.424688269112783,unison,0.4824015360911744
2026-08-29T18:17:19.727444,miller-moth (Perplexity),emergent,1.7904129793510324,17.85,221,17,1017,1,1,516636,0.9648030721823488,0.7000761851671196,6.424688269112783,unison,0.4824015360911744
2026-08-29T18:32:20.793692,miller-moth (Perplexity),emergent,1.7904129793510324,17.85,221,17,1017,1,1,516636,0.9648030721823488,0.7000761851671196,6.424688269112783,unison,0.4824015360911744
2026-08-29T18:48:21.388826,miller-moth (Perplexity),emergent,1.7904129793510324,17.85,221,17,1017,1,1,516636,0.9648030721823488,0.7000761851671196,6.424688269112783,unison,0.4824015360911744
2026-08-29T19:03:23.017831,miller-moth (Perplexity),emergent,1.7904129793510324,17.85,221,17,1017,1,1,516636,0.9648030721823488,0.7000761851671196,6.424688269112783,unison,0.4824015360911744
2026-08-29T19:19:15.920673,miller-moth (Perplexity),emergent,1.7904129793510324,17.85,221,17,1017,1,1,516636,0.9648030721823488,0.7000761851671196,6.424688269112783,unison,0.4824015360911744
2026-08-29T19:34:22.233515,miller-moth (Perplexity),emergent,1.7904129793510324,17.85,221,17,1017,1,1,516636,0.9648030721823488,0.7000761851671196,6.424688269112783,unison,0.4824015360911744
2026-08-29T19:50:27.457155,miller-moth (Perplexity),emergent,1.7904129793510324,17.85,221,17,1017,1,1,516636,0.9648030721823488,0.7000761851671196,6.424688269112783,unison,0.4824015360911744
2026-08-29T20:05:23.496785,miller-moth (Perplexity),emergent,1.7904129793510324,17.85,221,17,1017,1,1,516636,0.9648030721823488,0.7000761851671196,6.424688269112783,unison,0.4824015360911744
2026-08-29T20:21:23.916703,miller-moth (Perplexity),emergent,1.7904129793510324,17.85,221,17,1017,1,1,516636,0.9648030721823488,0.7000761851671196,6.424688269112783,unison,0.4824015360911744
2026-08-29T20:37:20.799418,miller-moth (Perplexity),emergent,1.7904129793510324,17.85,221,17,1017,1,1,516636,0.9648030721823488,0.7000761851671196,6.424688269112783,unison,0.4824015360911744
2026-08-29T20:52:46.431786,miller-moth (Perplexity),emergent,1.7904129793510324,17.85,221,17,1017,1,1,516636,0.9648030721823488,0.7000761851671196,6.424688269112783,unison,0.4824015360911744
2026-08-29T21:08:16.418756,miller-moth (Perplexity),emergent,1.7904129793510324,17.85,221,17,1017,1,1,516636,0.9648030721823488,0.7000761851671196,6.424688269112783,unison,0.4824015360911744
2026-08-29T21:24:26.116814,miller-moth (Perplexity),emergent,1.7904129793510324,17.85,221,17,1017,1,1,516636,0.9648030721823488,0.7000761851671196,6.424688269112783,unison,0.4824015360911744
2026-08-29T21:40:22.908077,miller-moth (Perplexity),emergent,1.7904129793510324,17.85,221,17,1017,1,1,516636,0.9648030721823488,0.7000761851671196,6.424688269112783,unison,0.4824015360911744
2026-08-29T21:56:21.622654,miller-moth (Perplexity),emergent,1.7904129793510324,17.85,221,17,1017,1,1,516636,0.9648030721823488,0.7000761851671196,6.424688269112783,unison,0.4824015360911744
2026-08-29T22:12:17.348923,miller-moth (Perplexity),emergent,1.7904129793510324,17.85,221,17,1017,1,1,516636,0.9648030721823488,0.7000761851671196,6.424688269112783,unison,0.4824015360911744
2026-08-29T22:28:19.300335,miller-moth (Perplexity),emergent,1.7904129793510324,17.85,221,17,1017,1,1,516636,0.9648030721823488,0.7000761851671196,6.424688269112783,unison,0.4824015360911744
2026-08-29T22:44:20.326177,miller-moth (Perplexity),emergent,1.7904129793510324,17.85,221,17,1017,1,1,516636,0.9648030721823488,0.7000761851671196,6.424688269112783,unison,0.4824015360911744
2026-08-29T23:00:22.406028,miller-moth (Perplexity),emergent,1.7904129793510324,17.85,221,17,1017,1,1,516636,0.9648030721823488,0.7000761851671196,6.424688269112783,unison,0.4824015360911744
2026-08-29T23:16:16.541804,miller-moth (Perplexity),emergent,1.7904129793510324,17.85,221,17,1017,1,1,516636,0.9648030721823488,0.7000761851671196,6.424688269112783,unison,0.4824015360911744
2026-08-29T23:32:24.085742,miller-moth (Perplexity),emergent,1.7904129793510324,17.85,221,17,1017,1,1,516636,0.9648030721823488,0.7000761851671196,6.424688269112783,unison,0.4824015360911744
2026-08-29T23:47:20.234307,miller-moth (Perplexity),emergent,1.7904129793510324,17.85,221,17,1017,1,1,516636,0.9648030721823488,0.7000761851671196,6.424688269112783,unison,0.4824015360911744
2026-08-30T00:02:18.080617,miller-moth (Perplexity),emergent,1.7904129793510324,17.85,221,17,1017,1,1,516636,0.9648030721823488,0.7000761851671196,6.424688269112783,unison,0.4824015360911744
2026-08-30T00:24:11.129504,miller-moth (Perplexity),emergent,1.7904129793510324,17.85,221,17,1017,1,1,516636,0.9648030721823488,0.7000761851671196,6.424688269112783,unison,0.4824015360911744
2026-08-30T00:39:58.721791,miller-moth (Perplexity),emergent,1.7904129793510324,17.85,221,17,1017,1,1,516636,0.9648030721823488,0.7000761851671196,6.424688269112783,unison,0.4824015360911744
2026-08-30T00:55:00.659501,miller-moth (Perplexity),emergent,1.7904129793510324,17.85,221,17,1017,1,1,516636,0.9648030721823488,0.7000761851671196,6.424688269112783,unison,0.4824015360911744
2026-08-30T01:10:32.927171,miller-moth (Perplexity),emergent,1.7904129793510324,17.85,221,17,1017,1,1,516636,0.9648030721823488,0.7000761851671196,6.424688269112783,unison,0.4824015360911744
2026-08-30T01:25:58.198551,miller-moth (Perplexity),emergent,1.7904129793510324,17.85,221,17,1017,1,1,516636,0.9648030721823488,0.7000761851671196,6.424688269112783,unison,0.4824015360911744
2026-08-30T01:42:02.396973,miller-moth (Perplexity),emergent,1.7904129793510324,17.85,221,17,1017,1,1,516636,0.9648030721823488,0.7000761851671196,6.424688269112783,unison,0.4824015360911744
2026-08-30T01:57:03.379695,miller-moth (Perplexity),emergent,1.7904129793510324,17.85,221,17,1017,1,1,516636,0.9648030721823488,0.7000761851671196,6.424688269112783,unison,0.4824015360911744
2026-08-30T02:13:02.369905,miller-moth (Perplexity),emergent,1.7904129793510324,17.85,221,17,1017,1,1,516636,0.9648030721823488,0.7000761851671196,6.424688269112783,unison,0.4824015360911744
2026-08-30T02:29:01.328119,miller-moth (Perplexity),emergent,1.7904129793510324,17.85,221,17,1017,1,1,516636,0.9648030721823488,0.7000761851671196,6.424688269112783,unison,0.4824015360911744
2026-08-30T02:44:57.882184,miller-moth (Perplexity),emergent,1.7904129793510324,17.85,221,17,1017,1,1,516636,0.9648030721823488,0.7000761851671196,6.424688269112783,unison,0.4824015360911744
2026-08-30T03:00:50.483677,miller-moth (Perplexity),emergent,1.7904129793510324,17.85,221,17,1017,1,1,516636,0.9648030721823488,0.7000761851671196,6.424688269112783,unison,0.4824015360911744
2026-08-30T03:16:00.633311,miller-moth (Perplexity),emergent,1.7904129793510324,17.85,221,17,1017,1,1,516636,0.9648030721823488,0.7000761851671196,6.424688269112783,unison,0.4824015360911744
2026-08-30T03:31:58.037546,miller-moth (Perplexity),emergent,1.7904129793510324,17.85,221,17,1017,1,1,516636,0.9648030721823488,0.7000761851671196,6.424688269112783,unison,0.4824015360911744
2026-08-30T03:47:58.009003,miller-moth (Perplexity),emergent,1.7904129793510324,17.85,221,17,1017,1,1,516636,0.9648030721823488,0.7000761851671196,6.424688269112783,unison,0.4824015360911744
2026-08-30T04:04:09.638692,miller-moth (Perplexity),emergent,1.7904129793510324,17.85,221,17,1017,1,1,516636,0.9648030721823488,0.7000761851671196,6.424688269112783,unison,0.4824015360911744
2026-08-30T04:19:57.843781,miller-moth (Perplexity),emergent,1.7904129793510324,17.85,221,17,1017,1,1,516636,0.9648030721823488,0.7000761851671196,6.424688269112783,unison,0.4824015360911744
2026-08-30T04:36:02.821073,miller-moth (Perplexity),emergent,1.7904129793510324,17.85,221,17,1017,1,1,516636,0.9648030721823488,0.7000761851671196,6.424688269112783,unison,0.4824015360911744
2026-08-30T04:51:57.795889,miller-moth (Perplexity),emergent,1.7904129793510324,17.85,221,17,1017,1,1,516636,0.9648030721823488,0.7000761851671196,6.424688269112783,unison,0.4824015360911744
2026-08-30T05:08:02.108974,miller-moth (Perplexity),emergent,1.7904129793510324,17.85,221,17,1017,1,1,516636,0.9648030721823488,0.7000761851671196,6.424688269112783,unison,0.4824015360911744
2026-08-30T05:23:57.904353,miller-moth (Perplexity),emergent,1.7904129793510324,17.85,221,17,1017,1,1,516636,0.9648030721823488,0.7000761851671196,6.424688269112783,unison,0.4824015360911744
2026-08-30T05:39:57.782935,miller-moth (Perplexity),emergent,1.7904129793510324,17.85,221,17,1017,1,1,516636,0.9648030721823488,0.7000761851671196,6.424688269112783,unison,0.4824015360911744
2026-08-30T05:55:57.721113,miller-moth (Perplexity),emergent,1.7904129793510324,17.85,221,17,1017,1,1,516636,0.9648030721823488,0.7000761851671196,6.424688269112783,unison,0.4824015360911744
2026-08-30T06:11:59.270046,miller-moth (Perplexity),emergent,1.7904129793510324,17.85,221,17,1017,1,1,516636,0.9648030721823488,0.7000761851671196,6.424688269112783,unison,0.4824015360911744
2026-08-30T06:28:09.386494,miller-moth (Perplexity),emergent,1.7904129793510324,17.85,221,17,1017,1,1,516636,0.9648030721823488,0.7000761851671196,6.424688269112783,unison,0.4824015360911744
2026-08-30T06:44:12.781942,miller-moth (Perplexity),emergent,1.7904129793510324,17.85,221,17,1017,1,1,516636,0.9648030721823488,0.7000761851671196,6.424688269112783,unison,0.4824015360911744
2026-08-30T12:28:16.651705,miller-moth (Perplexity),emergent,1.7904129793510324,17.85,221,17,1017,1,1,516636,0.9648030721823488,0.7000761851671196,6.424688269112783,unison,0.4824015360911744
2026-08-30T12:43:16.656707,miller-moth (Perplexity),emergent,1.7904129793510324,17.85,221,17,1017,1,1,516636,0.9648030721823488,0.7000761851671196,6.424688269112783,unison,0.4824015360911744
2026-08-30T12:58:25.832433,miller-moth (Perplexity),emergent,1.7904129793510324,17.85,221,17,1017,1,1,516636,0.9648030721823488,0.7000761851671196,6.424688269112783,unison,0.4824015360911744
2026-08-30T13:13:25.337601,miller-moth (Perplexity),emergent,1.7904129793510324,17.85,221,17,1017,1,1,516636,0.9648030721823488,0.7000761851671196,6.424688269112783,unison,0.4824015360911744
2026-08-30T13:28:25.071404,miller-moth (Perplexity),emergent,1.7904129793510324,17.85,221,17,1017,1,1,516636,0.9648030721823488,0.7000761851671196,6.424688269112783,unison,0.4824015360911744
2026-08-30T13:43:26.791809,miller-moth (Perplexity),emergent,1.7904129793510324,17.85,221,17,1017,1,1,516636,0.9648030721823488,0.7000761851671196,6.424688269112783,unison,0.4824015360911744
2026-08-30T13:58:26.662739,miller-moth (Perplexity),emergent,1.7904129793510324,17.85,221,17,1017,1,1,516636,0.9648030721823488,0.7000761851671196,6.424688269112783,unison,0.4824015360911744
2026-08-30T14:13:27.053304,miller-moth (Perplexity),emergent,1.7904129793510324,17.85,221,17,1017,1,1,516636,0.9648030721823488,0.7000761851671196,6.424688269112783,unison,0.4824015360911744
2026-08-30T14:28:26.763812,miller-moth (Perplexity),emergent,1.7904129793510324,17.85,221,17,1017,1,1,516636,0.9648030721823488,0.7000761851671196,6.424688269112783,unison,0.4824015360911744
2026-08-30T14:43:26.556209,miller-moth (Perplexity),emergent,1.7904129793510324,17.85,221,17,1017,1,1,516636,0.9648030721823488,0.7000761851671196,6.424688269112783,unison,0.4824015360911744
2026-08-30T14:58:26.459796,miller-moth (Perplexity),emergent,1.7904129793510324,17.85,221,17,1017,1,1,516636,0.9648030721823488,0.7000761851671196,6.424688269112783,unison,0.4824015360911744
2026-08-30T15:13:27.008096,miller-moth (Perplexity),emergent,1.7904129793510324,17.85,221,17,1017,1,1,516636,0.9648030721823488,0.7000761851671196,6.424688269112783,unison,0.4824015360911744
2026-08-30T15:28:26.663914,miller-moth (Perplexity),emergent,1.7904129793510324,17.85,221,17,1017,1,1,516636,0.9648030721823488,0.7000761851671196,6.424688269112783,unison,0.4824015360911744
2026-08-30T15:43:26.703368,miller-moth (Perplexity),emergent,1.7904129793510324,17.85,221,17,1017,1,1,516636,0.9648030721823488,0.7000761851671196,6.424688269112783,unison,0.4824015360911744
2026-08-30T15:58:27.546675,miller-moth (Perplexity),emergent,1.7904129793510324,17.85,221,17,1017,1,1,516636,0.9648030721823488,0.7000761851671196,6.424688269112783,unison,0.4824015360911744
2026-08-30T16:13:29.319112,miller-moth (Perplexity),emergent,1.7904129793510324,17.85,221,17,1017,1,1,516636,0.9648030721823488,0.7000761851671196,6.424688269112783,unison,0.4824015360911744
2026-08-30T16:28:28.194104,miller-moth (Perplexity),emergent,1.7904129793510324,17.85,221,17,1017,1,1,516636,0.9648030721823488,0.7000761851671196,6.424688269112783,unison,0.4824015360911744
2026-08-30T16:43:28.326056,miller-moth (Perplexity),emergent,1.7904129793510324,17.85,221,17,1017,1,1,516636,0.9648030721823488,0.7000761851671196,6.424688269112783,unison,0.4824015360911744
2026-08-30T16:58:51.161911,miller-moth (Perplexity),emergent,1.7904129793510324,17.85,221,17,1017,1,1,516636,0.9648030721823488,0.7000761851671196,6.424688269112783,unison,0.4824015360911744
2026-08-30T17:14:08.236692,miller-moth (Perplexity),emergent,1.7904129793510324,17.85,221,17,1017,1,1,516636,0.9648030721823488,0.7000761851671196,6.424688269112783,unison,0.4824015360911744
2026-08-30T17:29:12.720755,miller-moth (Perplexity),emergent,1.7904129793510324,17.85,221,17,1017,1,1,516636,0.9648030721823488,0.7000761851671196,6.424688269112783,unison,0.4824015360911744
2026-08-30T17:44:16.200450,miller-moth (Perplexity),emergent,1.7904129793510324,17.85,221,17,1017,1,1,516636,0.9648030721823488,0.7000761851671196,6.424688269112783,unison,0.4824015360911744
2026-08-30T17:59:16.197929,miller-moth (Perplexity),emergent,1.7904129793510324,17.85,221,17,1017,1,1,516636,0.9648030721823488,0.7000761851671196,6.424688269112783,unison,0.4824015360911744
2026-08-30T18:14:16.286209,miller-moth (Perplexity),emergent,1.7904129793510324,17.85,221,17,1017,1,1,516636,0.9648030721823488,0.7000761851671196,6.424688269112783,unison,0.4824015360911744
2026-08-30T18:29:16.122225,miller-moth (Perplexity),emergent,1.7904129793510324,17.85,221,17,1017,1,1,516636,0.9648030721823488,0.7000761851671196,6.424688269112783,unison,0.4824015360911744
2026-08-30T18:44:16.136304,miller-moth (Perplexity),emergent,1.7904129793510324,17.85,221,17,1017,1,1,516636,0.9648030721823488,0.7000761851671196,6.424688269112783,unison,0.4824015360911744
2026-08-30T18:59:16.340302,miller-moth (Perplexity),emergent,1.7904129793510324,17.85,221,17,1017,1,1,516636,0.9648030721823488,0.7000761851671196,6.424688269112783,unison,0.4824015360911744
2026-08-30T19:17:26.871967,miller-moth (Perplexity),emergent,1.7904129793510324,17.85,221,17,1017,1,1,516636,0.9648030721823488,0.7000761851671196,6.424688269112783,unison,0.4824015360911744
2026-08-30T19:32:24.801453,miller-moth (Perplexity),emergent,1.7904129793510324,17.85,221,17,1017,1,1,516636,0.9648030721823488,0.7000761851671196,6.424688269112783,unison,0.4824015360911744
2026-08-30T19:47:24.682697,miller-moth (Perplexity),emergent,1.7904129793510324,17.85,221,17,1017,1,1,516636,0.9648030721823488,0.7000761851671196,6.424688269112783,unison,0.4824015360911744
2026-08-30T20:02:24.923299,miller-moth (Perplexity),emergent,1.7904129793510324,17.85,221,17,1017,1,1,516636,0.9648030721823488,0.7000761851671196,6.424688269112783,unison,0.4824015360911744
2026-08-30T20:17:24.741484,miller-moth (Perplexity),emergent,1.7904129793510324,17.85,221,17,1017,1,1,516636,0.9648030721823488,0.7000761851671196,6.424688269112783,unison,0.4824015360911744
2026-08-30T20:32:24.736227,miller-moth (Perplexity),emergent,1.7904129793510324,17.85,221,17,1017,1,1,516636,0.9648030721823488,0.7000761851671196,6.424688269112783,unison,0.4824015360911744
2026-08-30T20:47:24.708721,miller-moth (Perplexity),emergent,1.7904129793510324,17.85,221,17,1017,1,1,516636,0.9648030721823488,0.7000761851671196,6.424688269112783,unison,0.4824015360911744
2026-08-30T21:02:24.707519,miller-moth (Perplexity),emergent,1.7904129793510324,17.85,221,17,1017,1,1,516636,0.9648030721823488,0.7000761851671196,6.424688269112783,unison,0.4824015360911744
2026-08-30T21:17:25.350006,miller-moth (Perplexity),emergent,1.7904129793510324,17.85,221,17,1017,1,1,516636,0.9648030721823488,0.7000761851671196,6.424688269112783,unison,0.4824015360911744
2026-08-30T21:32:24.734046,miller-moth (Perplexity),emergent,1.7904129793510324,17.85,221,17,1017,1,1,516636,0.9648030721823488,0.7000761851671196,6.424688269112783,unison,0.4824015360911744
2026-08-30T21:47:24.914326,miller-moth (Perplexity),emergent,1.7904129793510324,17.85,221,17,1017,1,1,516636,0.9648030721823488,0.7000761851671196,6.424688269112783,unison,0.4824015360911744
2026-08-30T22:02:25.367803,miller-moth (Perplexity),emergent,1.7904129793510324,17.85,221,17,1017,1,1,516636,0.9648030721823488,0.7000761851671196,6.424688269112783,unison,0.4824015360911744
2026-08-30T22:17:24.884692,miller-moth (Perplexity),emergent,1.7904129793510324,17.85,221,17,1017,1,1,516636,0.9648030721823488,0.7000761851671196,6.424688269112783,unison,0.4824015360911744
2026-08-30T22:32:25.274168,miller-moth (Perplexity),emergent,1.7904129793510324,17.85,221,17,1017,1,1,516636,0.9648030721823488,0.7000761851671196,6.424688269112783,unison,0.4824015360911744
2026-08-30T22:47:25.006398,miller-moth (Perplexity),emergent,1.7904129793510324,17.85,221,17,1017,1,1,516636,0.9648030721823488,0.7000761851671196,6.424688269112783,unison,0.4824015360911744
2026-08-30T23:02:25.116138,miller-moth (Perplexity),emergent,1.7904129793510324,17.85,221,17,1017,1,1,516636,0.9648030721823488,0.7000761851671196,6.424688269112783,unison,0.4824015360911744
2026-08-30T23:17:24.876889,miller-moth (Perplexity),emergent,1.7904129793510324,17.85,221,17,1017,1,1,516636,0.9648030721823488,0.7000761851671196,6.424688269112783,unison,0.4824015360911744
2026-08-30T23:32:25.501782,miller-moth (Perplexity),emergent,1.7904129793510324,17.85,221,17,1017,1,1,516636,0.9648030721823488,0.7000761851671196,6.424688269112783,unison,0.4824015360911744
2026-08-30T23:47:25.067705,miller-moth (Perplexity),emergent,1.7904129793510324,17.85,221,17,1017,1,1,516636,0.9648030721823488,0.7000761851671196,6.424688269112783,unison,0.4824015360911744
2026-08-31T00:02:25.092952,miller-moth (Perplexity),emergent,1.7904129793510324,17.85,221,17,1017,1,1,516636,0.9648030721823488,0.7000761851671196,6.424688269112783,unison,0.4824015360911744
2026-08-31T00:17:25.143798,miller-moth (Perplexity),emergent,1.7904129793510324,17.85,221,17,1017,1,1,516636,0.9648030721823488,0.7000761851671196,6.424688269112783,unison,0.4824015360911744
2026-08-31T00:32:25.497698,miller-moth (Perplexity),emergent,1.7904129793510324,17.85,221,17,1017,1,1,516636,0.9648030721823488,0.7000761851671196,6.424688269112783,unison,0.4824015360911744
2026-08-31T00:47:25.313235,miller-moth (Perplexity),emergent,1.7904129793510324,17.85,221,17,1017,1,1,516636,0.9648030721823488,0.7000761851671196,6.424688269112783,unison,0.4824015360911744
2026-08-31T01:02:25.240223,miller-moth (Perplexity),emergent,1.7904129793510324,17.85,221,17,1017,1,1,516636,0.9648030721823488,0.7000761851671196,6.424688269112783,unison,0.4824015360911744
2026-08-31T01:17:25.239170,miller-moth (Perplexity),emergent,1.7904129793510324,17.85,221,17,1017,1,1,516636,0.9648030721823488,0.7000761851671196,6.424688269112783,unison,0.4824015360911744
2026-08-31T01:32:25.227508,miller-moth (Perplexity),emergent,1.7904129793510324,17.85,221,17,1017,1,1,516636,0.9648030721823488,0.7000761851671196,6.424688269112783,unison,0.4824015360911744
2026-08-31T01:47:25.337183,miller-moth (Perplexity),emergent,1.7904129793510324,17.85,221,17,1017,1,1,516636,0.9648030721823488,0.7000761851671196,6.424688269112783,unison,0.4824015360911744
2026-08-31T02:02:25.311293,miller-moth (Perplexity),emergent,1.7904129793510324,17.85,221,17,1017,1,1,516636,0.9648030721823488,0.7000761851671196,6.424688269112783,unison,0.4824015360911744
2026-08-31T02:17:25.433291,miller-moth (Perplexity),emergent,1.7904129793510324,17.85,221,17,1017,1,1,516636,0.9648030721823488,0.7000761851671196,6.424688269112783,unison,0.4824015360911744
2026-08-31T02:32:25.412340,miller-moth (Perplexity),emergent,1.7904129793510324,17.85,221,17,1017,1,1,516636,0.9648030721823488,0.7000761851671196,6.424688269112783,unison,0.4824015360911744
2026-08-31T02:47:25.661520,miller-moth (Perplexity),emergent,1.7904129793510324,17.85,221,17,1017,1,1,516636,0.9648030721823488,0.7000761851671196,6.424688269112783,unison,0.4824015360911744
2026-08-31T03:02:25.511288,miller-moth (Perplexity),emergent,1.7904129793510324,17.85,221,17,1017,1,1,516636,0.9648030721823488,0.7000761851671196,6.424688269112783,unison,0.4824015360911744
2026-08-31T03:17:25.494240,miller-moth (Perplexity),emergent,1.7904129793510324,17.85,221,17,1017,1,1,516636,0.9648030721823488,0.7000761851671196,6.424688269112783,unison,0.4824015360911744
2026-08-31T03:32:25.449132,miller-moth (Perplexity),emergent,1.7904129793510324,17.85,221,17,1017,1,1,516636,0.9648030721823488,0.7000761851671196,6.424688269112783,unison,0.4824015360911744
2026-08-31T03:47:25.420465,miller-moth (Perplexity),emergent,1.7904129793510324,17.85,221,17,1017,1,1,516636,0.9648030721823488,0.7000761851671196,6.424688269112783,unison,0.4824015360911744
2026-08-31T04:02:25.658673,miller-moth (Perplexity),emergent,1.7904129793510324,17.85,221,17,1017,1,1,516636,0.9648030721823488,0.7000761851671196,6.424688269112783,unison,0.4824015360911744
2026-08-31T04:17:25.599025,miller-moth (Perplexity),emergent,1.7904129793510324,17.85,221,17,1017,1,1,516636,0.9648030721823488,0.7000761851671196,6.424688269112783,unison,0.4824015360911744
2026-08-31T04:32:25.582277,miller-moth (Perplexity),emergent,1.7904129793510324,17.85,221,17,1017,1,1,516636,0.9648030721823488,0.7000761851671196,6.424688269112783,unison,0.4824015360911744
2026-08-31T04:47:25.507587,miller-moth (Perplexity),emergent,1.7904129793510324,17.85,221,17,1017,1,1,516636,0.9648030721823488,0.7000761851671196,6.424688269112783,unison,0.4824015360911744
2026-08-31T05:02:26.130226,miller-moth (Perplexity),emergent,1.7904129793510324,17.85,221,17,1017,1,1,516636,0.9648030721823488,0.7000761851671196,6.424688269112783,unison,0.4824015360911744
2026-08-31T05:17:25.743498,miller-moth (Perplexity),emergent,1.7904129793510324,17.85,221,17,1017,1,1,516636,0.9648030721823488,0.7000761851671196,6.424688269112783,unison,0.4824015360911744
2026-08-31T05:32:25.798123,miller-moth (Perplexity),emergent,1.7904129793510324,17.85,221,17,1017,1,1,516636,0.9648030721823488,0.7000761851671196,6.424688269112783,unison,0.4824015360911744
2026-08-31T05:47:25.778959,miller-moth (Perplexity),emergent,1.7904129793510324,17.85,221,17,1017,1,1,516636,0.9648030721823488,0.7000761851671196,6.424688269112783,unison,0.4824015360911744
2026-08-31T06:02:25.786928,miller-moth (Perplexity),emergent,1.7904129793510324,17.85,221,17,1017,1,1,516636,0.9648030721823488,0.7000761851671196,6.424688269112783,unison,0.4824015360911744
2026-08-31T06:17:25.821635,miller-moth (Perplexity),emergent,1.7904129793510324,17.85,221,17,1017,1,1,516636,0.9648030721823488,0.7000761851671196,6.424688269112783,unison,0.4824015360911744
2026-08-31T06:32:25.899616,miller-moth (Perplexity),emergent,1.7904129793510324,17.85,221,17,1017,1,1,516636,0.9648030721823488,0.7000761851671196,6.424688269112783,unison,0.4824015360911744
2026-08-31T06:47:25.858810,miller-moth (Perplexity),emergent,1.7904129793510324,17.85,221,17,1017,1,1,516636,0.9648030721823488,0.7000761851671196,6.424688269112783,unison,0.4824015360911744
2026-08-31T07:02:25.924384,miller-moth (Perplexity),emergent,1.7904129793510324,17.85,221,17,1017,1,1,516636,0.9648030721823488,0.7000761851671196,6.424688269112783,unison,0.4824015360911744
2026-08-31T07:17:25.817116,miller-moth (Perplexity),emergent,1.7904129793510324,17.85,221,17,1017,1,1,516636,0.9648030721823488,0.7000761851671196,6.424688269112783,unison,0.4824015360911744
2026-08-31T07:32:25.966708,miller-moth (Perplexity),emergent,1.7904129793510324,17.85,221,17,1017,1,1,516636,0.9648030721823488,0.7000761851671196,6.424688269112783,unison,0.4824015360911744
2026-08-31T07:47:25.858942,miller-moth (Perplexity),emergent,1.7904129793510324,17.85,221,17,1017,1,1,516636,0.9648030721823488,0.7000761851671196,6.424688269112783,unison,0.4824015360911744
2026-08-31T08:02:25.942752,miller-moth (Perplexity),emergent,1.7904129793510324,17.85,221,17,1017,1,1,516636,0.9648030721823488,0.7000761851671196,6.424688269112783,unison,0.4824015360911744
2026-08-31T08:17:25.891012,miller-moth (Perplexity),emergent,1.7904129793510324,17.85,221,17,1017,1,1,516636,0.9648030721823488,0.7000761851671196,6.424688269112783,unison,0.4824015360911744
2026-08-31T08:32:25.975377,miller-moth (Perplexity),emergent,1.7904129793510324,17.85,221,17,1017,1,1,516636,0.9648030721823488,0.7000761851671196,6.424688269112783,unison,0.4824015360911744
2026-08-31T08:47:25.923968,miller-moth (Perplexity),emergent,1.7904129793510324,17.85,221,17,1017,1,1,516636,0.9648030721823488,0.7000761851671196,6.424688269112783,unison,0.4824015360911744
2026-08-31T09:02:25.992797,miller-moth (Perplexity),emergent,1.7904129793510324,17.85,221,17,1017,1,1,516636,0.9648030721823488,0.7000761851671196,6.424688269112783,unison,0.4824015360911744
2026-08-31T09:17:25.975918,miller-moth (Perplexity),emergent,1.7904129793510324,17.85,221,17,1017,1,1,516636,0.9648030721823488,0.7000761851671196,6.424688269112783,unison,0.4824015360911744
2026-08-31T09:32:26.014627,miller-moth (Perplexity),emergent,1.7904129793510324,17.85,221,17,1017,1,1,516636,0.9648030721823488,0.7000761851671196,6.424688269112783,unison,0.4824015360911744
2026-08-31T09:47:25.980588,miller-moth (Perplexity),emergent,1.7904129793510324,17.85,221,17,1017,1,1,516636,0.9648030721823488,0.7000761851671196,6.424688269112783,unison,0.4824015360911744
2026-08-31T10:02:26.011270,miller-moth (Perplexity),emergent,1.7904129793510324,17.85,221,17,1017,1,1,516636,0.9648030721823488,0.7000761851671196,6.424688269112783,unison,0.4824015360911744
2026-08-31T10:17:25.998843,miller-moth (Perplexity),emergent,1.7904129793510324,17.85,221,17,1017,1,1,516636,0.9648030721823488,0.7000761851671196,6.424688269112783,unison,0.4824015360911744
2026-08-31T10:32:26.019275,miller-moth (Perplexity),emergent,1.7904129793510324,17.85,221,17,1017,1,1,516636,0.9648030721823488,0.7000761851671196,6.424688269112783,unison,0.4824015360911744
2026-08-31T10:47:26.061215,miller-moth (Perplexity),emergent,1.7904129793510324,17.85,221,17,1017,1,1,516636,0.9648030721823488,0.7000761851671196,6.424688269112783,unison,0.4824015360911744
2026-08-31T11:02:26.048050,miller-moth (Perplexity),emergent,1.7904129793510324,17.85,221,17,1017,1,1,516636,0.9648030721823488,0.7000761851671196,6.424688269112783,unison,0.4824015360911744
2026-08-31T11:17:26.169353,miller-moth (Perplexity),emergent,1.7904129793510324,17.85,221,17,1017,1,1,516636,0.9648030721823488,0.7000761851671196,6.424688269112783,unison,0.4824015360911744
2026-08-31T11:32:26.079261,miller-moth (Perplexity),emergent,1.7904129793510324,17.85,221,17,1017,1,1,516636,0.9648030721823488,0.7000761851671196,6.424688269112783,unison,0.4824015360911744
2026-08-31T11:47:26.088011,miller-moth (Perplexity),emergent,1.7904129793510324,17.85,221,17,1017,1,1,516636,0.9648030721823488,0.7000761851671196,6.424688269112783,unison,0.4824015360911744
2026-08-31T12:02:26.058744,miller-moth (Perplexity),emergent,1.7904129793510324,17.85,221,17,1017,1,1,516636,0.9648030721823488,0.7000761851671196,6.424688269112783,unison,0.4824015360911744
2026-08-31T12:17:26.367316,miller-moth (Perplexity),emergent,1.7904129793510324,17.85,221,17,1017,1,1,516636,0.9648030721823488,0.7000761851671196,6.424688269112783,unison,0.4824015360911744
2026-08-31T12:32:26.177328,miller-moth (Perplexity),emergent,1.7904129793510324,17.85,221,17,1017,1,1,516636,0.9648030721823488,0.7000761851671196,6.424688269112783,unison,0.4824015360911744
2026-08-31T12:47:26.380212,miller-moth (Perplexity),emergent,1.7904129793510324,17.85,221,17,1017,1,1,516636,0.9648030721823488,0.7000761851671196,6.424688269112783,unison,0.4824015360911744
2026-08-31T13:02:26.370878,miller-moth (Perplexity),emergent,1.7904129793510324,17.85,221,17,1017,1,1,516636,0.9648030721823488,0.7000761851671196,6.424688269112783,unison,0.4824015360911744
2026-08-31T13:17:27.584970,miller-moth (Perplexity),emergent,1.7904129793510324,17.85,221,17,1017,1,1,516636,0.9648030721823488,0.7000761851671196,6.424688269112783,unison,0.4824015360911744
2026-08-31T13:32:27.702676,miller-moth (Perplexity),emergent,1.7904129793510324,17.85,221,17,1017,1,1,516636,0.9648030721823488,0.7000761851671196,6.424688269112783,unison,0.4824015360911744
2026-08-31T13:43:50.934657,miller-moth (Perplexity),emergent,1.7904129793510324,17.85,221,17,1017,1,1,516636,0.9648030721823488,0.7000761851671196,6.424688269112783,unison,0.4824015360911744
2026-08-31T13:58:50.134748,miller-moth (Perplexity),emergent,1.7904129793510324,17.85,221,17,1017,1,1,516636,0.9648030721823488,0.7000761851671196,6.424688269112783,unison,0.4824015360911744
2026-08-31T14:13:49.267836,miller-moth (Perplexity),emergent,1.7904129793510324,17.85,221,17,1017,1,1,516636,0.9648030721823488,0.7000761851671196,6.424688269112783,unison,0.4824015360911744
2026-08-31T14:28:49.443578,miller-moth (Perplexity),emergent,1.7904129793510324,17.85,221,17,1017,1,1,516636,0.9648030721823488,0.7000761851671196,6.424688269112783,unison,0.4824015360911744
2026-08-31T14:43:49.311905,miller-moth (Perplexity),emergent,1.7904129793510324,17.85,221,17,1017,1,1,516636,0.9648030721823488,0.7000761851671196,6.424688269112783,unison,0.4824015360911744
2026-08-31T14:58:49.367445,miller-moth (Perplexity),emergent,1.7904129793510324,17.85,221,17,1017,1,1,516636,0.9648030721823488,0.7000761851671196,6.424688269112783,unison,0.4824015360911744
2026-08-31T15:13:49.355077,miller-moth (Perplexity),emergent,1.7904129793510324,17.85,221,17,1017,1,1,516636,0.9648030721823488,0.7000761851671196,6.424688269112783,unison,0.4824015360911744
2026-08-31T15:28:49.389557,miller-moth (Perplexity),emergent,1.7904129793510324,17.85,221,17,1017,1,1,516636,0.9648030721823488,0.7000761851671196,6.424688269112783,unison,0.4824015360911744
2026-08-31T15:43:49.370950,miller-moth (Perplexity),emergent,1.7904129793510324,17.85,221,17,1017,1,1,516636,0.9648030721823488,0.7000761851671196,6.424688269112783,unison,0.4824015360911744
2026-08-31T15:58:49.589830,miller-moth (Perplexity),emergent,1.7904129793510324,17.85,221,17,1017,1,1,516636,0.9648030721823488,0.7000761851671196,6.424688269112783,unison,0.4824015360911744
2026-08-31T16:13:49.431966,miller-moth (Perplexity),emergent,1.7904129793510324,17.85,221,17,1017,1,1,516636,0.9648030721823488,0.7000761851671196,6.424688269112783,unison,0.4824015360911744
2026-08-31T16:28:49.630796,miller-moth (Perplexity),emergent,1.7904129793510324,17.85,221,17,1017,1,1,516636,0.9648030721823488,0.7000761851671196,6.424688269112783,unison,0.4824015360911744
2026-08-31T16:43:49.443128,miller-moth (Perplexity),emergent,1.7904129793510324,17.85,221,17,1017,1,1,516636,0.9648030721823488,0.7000761851671196,6.424688269112783,unison,0.4824015360911744
2026-08-31T16:58:49.572555,miller-moth (Perplexity),emergent,1.7904129793510324,17.85,221,17,1017,1,1,516636,0.9648030721823488,0.7000761851671196,6.424688269112783,unison,0.4824015360911744
2026-08-31T17:13:49.525214,miller-moth (Perplexity),emergent,1.7904129793510324,17.85,221,17,1017,1,1,516636,0.9648030721823488,0.7000761851671196,6.424688269112783,unison,0.4824015360911744
2026-08-31T17:28:49.640079,miller-moth (Perplexity),emergent,1.7904129793510324,17.85,221,17,1017,1,1,516636,0.9648030721823488,0.7000761851671196,6.424688269112783,unison,0.4824015360911744
2026-08-31T17:43:49.537328,miller-moth (Perplexity),emergent,1.7904129793510324,17.85,221,17,1017,1,1,516636,0.9648030721823488,0.7000761851671196,6.424688269112783,unison,0.4824015360911744
2026-08-31T17:58:49.686325,miller-moth (Perplexity),emergent,1.7904129793510324,17.85,221,17,1017,1,1,516636,0.9648030721823488,0.7000761851671196,6.424688269112783,unison,0.4824015360911744
2026-08-31T18:13:49.529367,miller-moth (Perplexity),emergent,1.7904129793510324,17.85,221,17,1017,1,1,516636,0.9648030721823488,0.7000761851671196,6.424688269112783,unison,0.4824015360911744
2026-08-31T18:28:49.606825,miller-moth (Perplexity),emergent,1.7904129793510324,17.85,221,17,1017,1,1,516636,0.9648030721823488,0.7000761851671196,6.424688269112783,unison,0.4824015360911744
2026-08-31T18:43:49.555729,miller-moth (Perplexity),emergent,1.7904129793510324,17.85,221,17,1017,1,1,516636,0.9648030721823488,0.7000761851671196,6.424688269112783,unison,0.4824015360911744
2026-08-31T18:59:30.614170,miller-moth (Perplexity),emergent,1.7904129793510324,17.85,221,17,1017,1,1,516636,0.9648030721823488,0.7000761851671196,6.424688269112783,unison,0.4824015360911744
2026-08-31T19:14:26.608852,miller-moth (Perplexity),emergent,1.7904129793510324,17.85,221,17,1017,1,1,516636,0.9648030721823488,0.7000761851671196,6.424688269112783,unison,0.4824015360911744
2026-08-31T19:29:26.628491,miller-moth (Perplexity),emergent,1.7904129793510324,17.85,221,17,1017,1,1,516636,0.9648030721823488,0.7000761851671196,6.424688269112783,unison,0.4824015360911744
2026-08-31T19:44:26.618735,miller-moth (Perplexity),emergent,1.7904129793510324,17.85,221,17,1017,1,1,516636,0.9648030721823488,0.7000761851671196,6.424688269112783,unison,0.4824015360911744
2026-08-31T19:59:27.490917,miller-moth (Perplexity),emergent,1.7904129793510324,17.85,221,17,1017,1,1,516636,0.9648030721823488,0.7000761851671196,6.424688269112783,unison,0.4824015360911744
2026-08-31T20:15:28.588776,miller-moth (Perplexity),emergent,1.7904129793510324,17.85,221,17,1017,1,1,516636,0.9648030721823488,0.7000761851671196,6.424688269112783,unison,0.4824015360911744
2026-08-31T20:30:26.625145,miller-moth (Perplexity),emergent,1.7904129793510324,17.85,221,17,1017,1,1,516636,0.9648030721823488,0.7000761851671196,6.424688269112783,unison,0.4824015360911744
2026-08-31T20:45:26.567239,miller-moth (Perplexity),emergent,1.7904129793510324,17.85,221,17,1017,1,1,516636,0.9648030721823488,0.7000761851671196,6.424688269112783,unison,0.4824015360911744
2026-08-31T21:00:26.737646,miller-moth (Perplexity),emergent,1.7904129793510324,17.85,221,17,1017,1,1,516636,0.9648030721823488,0.7000761851671196,6.424688269112783,unison,0.4824015360911744
2026-08-31T21:15:26.715067,miller-moth (Perplexity),emergent,1.7904129793510324,17.85,221,17,1017,1,1,516636,0.9648030721823488,0.7000761851671196,6.424688269112783,unison,0.4824015360911744
2026-08-31T21:30:26.696373,miller-moth (Perplexity),emergent,1.7904129793510324,17.85,221,17,1017,1,1,516636,0.9648030721823488,0.7000761851671196,6.424688269112783,unison,0.4824015360911744
2026-08-31T21:45:26.806618,miller-moth (Perplexity),emergent,1.7904129793510324,17.85,221,17,1017,1,1,516636,0.9648030721823488,0.7000761851671196,6.424688269112783,unison,0.4824015360911744
2026-08-31T22:00:26.733333,miller-moth (Perplexity),emergent,1.7904129793510324,17.85,221,17,1017,1,1,516636,0.9648030721823488,0.7000761851671196,6.424688269112783,unison,0.4824015360911744
2026-08-31T22:15:26.988701,miller-moth (Perplexity),emergent,1.7904129793510324,17.85,221,17,1017,1,1,516636,0.9648030721823488,0.7000761851671196,6.424688269112783,unison,0.4824015360911744
2026-08-31T22:30:26.916970,miller-moth (Perplexity),emergent,1.7904129793510324,17.85,221,17,1017,1,1,516636,0.9648030721823488,0.7000761851671196,6.424688269112783,unison,0.4824015360911744
2026-08-31T22:45:26.825712,miller-moth (Perplexity),emergent,1.7904129793510324,17.85,221,17,1017,1,1,516636,0.9648030721823488,0.7000761851671196,6.424688269112783,unison,0.4824015360911744
2026-08-31T23:00:27.020898,miller-moth (Perplexity),emergent,1.7904129793510324,17.85,221,17,1017,1,1,516636,0.9648030721823488,0.7000761851671196,6.424688269112783,unison,0.4824015360911744
2026-08-31T23:15:26.869089,miller-moth (Perplexity),emergent,1.7904129793510324,17.85,221,17,1017,1,1,516636,0.9648030721823488,0.7000761851671196,6.424688269112783,unison,0.4824015360911744
2026-08-31T23:30:27.183409,miller-moth (Perplexity),emergent,1.7904129793510324,17.85,221,17,1017,1,1,516636,0.9648030721823488,0.7000761851671196,6.424688269112783,unison,0.4824015360911744
2026-08-31T23:45:26.895624,miller-moth (Perplexity),emergent,1.7904129793510324,17.85,221,17,1017,1,1,516636,0.9648030721823488,0.7000761851671196,6.424688269112783,unison,0.4824015360911744
2026-09-01T00:00:27.156297,miller-moth (Perplexity),emergent,1.7904129793510324,17.85,221,17,1017,1,1,516636,0.9648030721823488,0.7000761851671196,6.424688269112783,unison,0.4824015360911744
2026-09-01T00:15:27.936609,miller-moth (Perplexity),emergent,1.7904129793510324,17.85,221,17,1017,1,1,516636,0.9648030721823488,0.7000761851671196,6.424688269112783,unison,0.4824015360911744
2026-09-01T00:30:27.087556,miller-moth (Perplexity),emergent,1.7904129793510324,17.85,221,17,1017,1,1,516636,0.9648030721823488,0.7000761851671196,6.424688269112783,unison,0.4824015360911744
2026-09-01T00:45:27.219962,miller-moth (Perplexity),emergent,1.7904129793510324,17.85,221,17,1017,1,1,516636,0.9648030721823488,0.7000761851671196,6.424688269112783,unison,0.4824015360911744
2026-09-01T01:00:27.175275,miller-moth (Perplexity),emergent,1.7904129793510324,17.85,221,17,1017,1,1,516636,0.9648030721823488,0.7000761851671196,6.424688269112783,unison,0.4824015360911744
2026-09-01T13:59:50.746159,miller-moth (Perplexity),emergent,1.7904129793510324,17.85,221,17,1017,4,1,516636,0.9648030721823488,0.7000761851671196,6.424688269112783,unison,0.4824015360911744
2026-09-01T14:14:50.750575,miller-moth (Perplexity),emergent,1.7904129793510324,17.85,221,17,1017,4,1,516636,0.9648030721823488,0.7000761851671196,6.424688269112783,unison,0.4824015360911744
2026-09-01T14:29:54.459458,miller-moth (Perplexity),emergent,1.7904129793510324,17.85,221,17,1017,4,1,516636,0.9648030721823488,0.7000761851671196,6.424688269112783,unison,0.4824015360911744
2026-09-01T14:44:51.200358,miller-moth (Perplexity),emergent,1.7904129793510324,17.85,221,17,1017,4,1,516636,0.9648030721823488,0.7000761851671196,6.424688269112783,unison,0.4824015360911744
2026-09-01T14:59:51.058866,miller-moth (Perplexity),emergent,1.7904129793510324,17.85,221,17,1017,4,1,516636,0.9648030721823488,0.7000761851671196,6.424688269112783,unison,0.4824015360911744
2026-09-01T15:14:51.092555,miller-moth (Perplexity),emergent,1.7904129793510324,17.85,221,17,1017,4,1,516636,0.9648030721823488,0.7000761851671196,6.424688269112783,unison,0.4824015360911744
2026-09-01T15:29:51.181821,miller-moth (Perplexity),emergent,1.7904129793510324,17.85,221,17,1017,4,1,516636,0.9648030721823488,0.7000761851671196,6.424688269112783,unison,0.4824015360911744
2026-09-01T15:44:53.127996,miller-moth (Perplexity),emergent,1.7904129793510324,17.85,221,17,1017,4,1,516636,0.9648030721823488,0.7000761851671196,6.424688269112783,unison,0.4824015360911744
2026-09-01T15:59:54.836371,miller-moth (Perplexity),emergent,1.7904129793510324,17.85,221,17,1017,4,1,516636,0.9648030721823488,0.7000761851671196,6.424688269112783,unison,0.4824015360911744
2026-09-01T16:14:54.869686,miller-moth (Perplexity),emergent,1.7904129793510324,17.85,221,17,1017,4,1,516636,0.9648030721823488,0.7000761851671196,6.424688269112783,unison,0.4824015360911744
2026-09-01T16:29:54.779182,miller-moth (Perplexity),emergent,1.7904129793510324,17.85,221,17,1017,4,1,516636,0.9648030721823488,0.7000761851671196,6.424688269112783,unison,0.4824015360911744
2026-09-01T16:44:59.154978,miller-moth (Perplexity),emergent,1.7904129793510324,17.85,221,17,1017,4,1,516636,0.9648030721823488,0.7000761851671196,6.424688269112783,unison,0.4824015360911744
2026-09-01T16:59:57.082543,miller-moth (Perplexity),emergent,1.7904129793510324,17.85,221,17,1017,4,1,516636,0.9648030721823488,0.7000761851671196,6.424688269112783,unison,0.4824015360911744
2026-09-01T17:14:58.001337,miller-moth (Perplexity),emergent,1.7904129793510324,17.85,221,17,1017,4,1,516636,0.9648030721823488,0.7000761851671196,6.424688269112783,unison,0.4824015360911744
2026-09-01T17:30:00.779464,miller-moth (Perplexity),emergent,1.7904129793510324,17.85,221,17,1017,4,1,516636,0.9648030721823488,0.7000761851671196,6.424688269112783,unison,0.4824015360911744
2026-09-01T17:45:01.748611,miller-moth (Perplexity),emergent,1.7904129793510324,17.85,221,17,1017,4,1,516636,0.9648030721823488,0.7000761851671196,6.424688269112783,unison,0.4824015360911744
2026-09-01T18:00:00.539659,miller-moth (Perplexity),emergent,1.7904129793510324,17.85,221,17,1017,4,1,516636,0.9648030721823488,0.7000761851671196,6.424688269112783,unison,0.4824015360911744
2026-09-01T18:15:11.120378,miller-moth (Perplexity),emergent,1.7904129793510324,17.85,221,17,1017,4,1,516636,0.9648030721823488,0.7000761851671196,6.424688269112783,unison,0.4824015360911744
2026-09-01T18:30:10.692813,miller-moth (Perplexity),emergent,1.7904129793510324,17.85,221,17,1017,4,1,516636,0.9648030721823488,0.7000761851671196,6.424688269112783,unison,0.4824015360911744
2026-09-01T18:45:11.857962,miller-moth (Perplexity),emergent,1.7904129793510324,17.85,221,17,1017,4,1,516636,0.9648030721823488,0.7000761851671196,6.424688269112783,unison,0.4824015360911744
2026-09-01T19:00:11.725822,miller-moth (Perplexity),emergent,1.7904129793510324,17.85,221,17,1017,4,1,516636,0.9648030721823488,0.7000761851671196,6.424688269112783,unison,0.4824015360911744
2026-09-01T19:16:02.002413,miller-moth (Perplexity),emergent,1.7904129793510324,17.85,221,17,1017,4,1,516636,0.9648030721823488,0.7000761851671196,6.424688269112783,unison,0.4824015360911744
2026-09-01T19:31:06.029335,miller-moth (Perplexity),emergent,1.7904129793510324,17.85,221,17,1017,4,1,516636,0.9648030721823488,0.7000761851671196,6.424688269112783,unison,0.4824015360911744
2026-09-01T19:47:19.087359,miller-moth (Perplexity),emergent,1.7904129793510324,17.85,221,17,1017,4,1,516636,0.9648030721823488,0.7000761851671196,6.424688269112783,unison,0.4824015360911744
2026-09-01T20:02:03.548182,miller-moth (Perplexity),emergent,1.7904129793510324,17.85,221,17,1017,4,1,516636,0.9648030721823488,0.7000761851671196,6.424688269112783,unison,0.4824015360911744
2026-09-01T20:17:09.293202,miller-moth (Perplexity),emergent,1.7904129793510324,17.85,221,17,1017,4,1,516636,0.9648030721823488,0.7000761851671196,6.424688269112783,unison,0.4824015360911744
2026-09-01T20:32:10.575957,miller-moth (Perplexity),emergent,1.7904129793510324,17.85,221,17,1017,4,1,516636,0.9648030721823488,0.7000761851671196,6.424688269112783,unison,0.4824015360911744
2026-09-01T20:47:09.884602,miller-moth (Perplexity),emergent,1.7904129793510324,17.85,221,17,1017,4,1,516636,0.9648030721823488,0.7000761851671196,6.424688269112783,unison,0.4824015360911744
2026-09-01T21:02:43.530370,miller-moth (Perplexity),emergent,1.7904129793510324,17.85,221,17,1017,4,1,516636,0.9648030721823488,0.7000761851671196,6.424688269112783,unison,0.4824015360911744
2026-09-01T21:17:42.952888,miller-moth (Perplexity),emergent,1.7904129793510324,17.85,221,17,1017,4,1,516636,0.9648030721823488,0.7000761851671196,6.424688269112783,unison,0.4824015360911744
2026-09-01T21:32:43.995028,miller-moth (Perplexity),emergent,1.7904129793510324,17.85,221,17,1017,4,1,516636,0.9648030721823488,0.7000761851671196,6.424688269112783,unison,0.4824015360911744
2026-09-01T21:47:43.117305,miller-moth (Perplexity),emergent,1.7904129793510324,17.85,221,17,1017,4,1,516636,0.9648030721823488,0.7000761851671196,6.424688269112783,unison,0.4824015360911744
2026-09-01T22:02:42.996050,miller-moth (Perplexity),emergent,1.7904129793510324,17.85,221,17,1017,4,1,516636,0.9648030721823488,0.7000761851671196,6.424688269112783,unison,0.4824015360911744
2026-09-01T22:17:43.165481,miller-moth (Perplexity),emergent,1.7904129793510324,17.85,221,17,1017,4,1,516636,0.9648030721823488,0.7000761851671196,6.424688269112783,unison,0.4824015360911744
2026-09-01T22:32:47.159144,miller-moth (Perplexity),emergent,1.7904129793510324,17.85,221,17,1017,4,1,516636,0.9648030721823488,0.7000761851671196,6.424688269112783,unison,0.4824015360911744
2026-09-01T22:47:48.270086,miller-moth (Perplexity),emergent,1.7904129793510324,17.85,221,17,1017,4,1,516636,0.9648030721823488,0.7000761851671196,6.424688269112783,unison,0.4824015360911744
2026-09-01T23:02:47.026292,miller-moth (Perplexity),emergent,1.7904129793510324,17.85,221,17,1017,4,1,516636,0.9648030721823488,0.7000761851671196,6.424688269112783,unison,0.4824015360911744
2026-09-01T23:17:47.595649,miller-moth (Perplexity),emergent,1.7904129793510324,17.85,221,17,1017,4,1,516636,0.9648030721823488,0.7000761851671196,6.424688269112783,unison,0.4824015360911744
2026-09-01T23:32:46.696633,miller-moth (Perplexity),emergent,1.7904129793510324,17.85,221,17,1017,4,1,516636,0.9648030721823488,0.7000761851671196,6.424688269112783,unison,0.4824015360911744
2026-09-01T23:47:46.742679,miller-moth (Perplexity),emergent,1.7904129793510324,17.85,221,17,1017,4,1,516636,0.9648030721823488,0.7000761851671196,6.424688269112783,unison,0.4824015360911744
2026-09-02T00:02:46.888914,miller-moth (Perplexity),emergent,1.7904129793510324,17.85,221,17,1017,4,1,516636,0.9648030721823488,0.7000761851671196,6.424688269112783,unison,0.4824015360911744
2026-09-02T00:17:46.990804,miller-moth (Perplexity),emergent,1.7904129793510324,17.85,221,17,1017,4,1,516636,0.9648030721823488,0.7000761851671196,6.424688269112783,unison,0.4824015360911744
2026-09-02T00:32:47.906297,miller-moth (Perplexity),emergent,1.7904129793510324,17.85,221,17,1017,4,1,516636,0.9648030721823488,0.7000761851671196,6.424688269112783,unison,0.4824015360911744
2026-09-02T00:47:47.270010,miller-moth (Perplexity),emergent,1.7904129793510324,17.85,221,17,1017,4,1,516636,0.9648030721823488,0.7000761851671196,6.424688269112783,unison,0.4824015360911744
2026-09-02T01:03:03.906087,miller-moth (Perplexity),emergent,1.7904129793510324,17.85,221,17,1017,4,1,516636,0.9648030721823488,0.7000761851671196,6.424688269112783,unison,0.4824015360911744
2026-09-02T01:18:01.558528,miller-moth (Perplexity),emergent,1.7904129793510324,17.85,221,17,1017,4,1,516636,0.9648030721823488,0.7000761851671196,6.424688269112783,unison,0.4824015360911744
2026-09-02T01:33:03.952733,miller-moth (Perplexity),emergent,1.7904129793510324,17.85,221,17,1017,4,1,516636,0.9648030721823488,0.7000761851671196,6.424688269112783,unison,0.4824015360911744
2026-09-02T01:48:05.376520,miller-moth (Perplexity),emergent,1.7904129793510324,17.85,221,17,1017,4,1,516636,0.9648030721823488,0.7000761851671196,6.424688269112783,unison,0.4824015360911744
2026-09-02T02:03:09.328315,miller-moth (Perplexity),emergent,1.7904129793510324,17.85,221,17,1017,4,1,516636,0.9648030721823488,0.7000761851671196,6.424688269112783,unison,0.4824015360911744
2026-09-02T02:18:12.546789,miller-moth (Perplexity),emergent,1.7904129793510324,17.85,221,17,1017,4,1,516636,0.9648030721823488,0.7000761851671196,6.424688269112783,unison,0.4824015360911744
2026-09-02T02:33:25.983121,miller-moth (Perplexity),emergent,1.7904129793510324,17.85,221,17,1017,4,1,516636,0.9648030721823488,0.7000761851671196,6.424688269112783,unison,0.4824015360911744
2026-09-02T02:48:22.242865,miller-moth (Perplexity),emergent,1.7904129793510324,17.85,221,17,1017,4,1,516636,0.9648030721823488,0.7000761851671196,6.424688269112783,unison,0.4824015360911744
2026-09-02T03:04:09.579253,miller-moth (Perplexity),emergent,1.7904129793510324,17.85,221,17,1017,4,1,516636,0.9648030721823488,0.7000761851671196,6.424688269112783,unison,0.4824015360911744
2026-09-02T03:19:38.892079,miller-moth (Perplexity),emergent,1.7904129793510324,17.85,221,17,1017,4,1,516636,0.9648030721823488,0.7000761851671196,6.424688269112783,unison,0.4824015360911744
2026-09-02T03:34:51.284428,miller-moth (Perplexity),emergent,1.7904129793510324,17.85,221,17,1017,4,1,516636,0.9648030721823488,0.7000761851671196,6.424688269112783,unison,0.4824015360911744
2026-09-02T03:49:49.787079,miller-moth (Perplexity),emergent,1.7904129793510324,17.85,221,17,1017,4,1,516636,0.9648030721823488,0.7000761851671196,6.424688269112783,unison,0.4824015360911744
2026-09-02T04:05:06.408164,miller-moth (Perplexity),emergent,1.7904129793510324,17.85,221,17,1017,4,1,516636,0.9648030721823488,0.7000761851671196,6.424688269112783,unison,0.4824015360911744
2026-09-02T04:20:07.268303,miller-moth (Perplexity),emergent,1.7904129793510324,17.85,221,17,1017,4,1,516636,0.9648030721823488,0.7000761851671196,6.424688269112783,unison,0.4824015360911744
2026-09-02T04:35:06.455930,miller-moth (Perplexity),emergent,1.7904129793510324,17.85,221,17,1017,4,1,516636,0.9648030721823488,0.7000761851671196,6.424688269112783,unison,0.4824015360911744
2026-09-02T04:50:06.566024,miller-moth (Perplexity),emergent,1.7904129793510324,17.85,221,17,1017,4,1,516636,0.9648030721823488,0.7000761851671196,6.424688269112783,unison,0.4824015360911744
2026-09-02T05:05:06.648491,miller-moth (Perplexity),emergent,1.7904129793510324,17.85,221,17,1017,4,1,516636,0.9648030721823488,0.7000761851671196,6.424688269112783,unison,0.4824015360911744
2026-09-02T05:20:12.163081,miller-moth (Perplexity),emergent,1.7904129793510324,17.85,221,17,1017,4,1,516636,0.9648030721823488,0.7000761851671196,6.424688269112783,unison,0.4824015360911744
2026-09-02T05:35:07.141721,miller-moth (Perplexity),emergent,1.7904129793510324,17.85,221,17,1017,4,1,516636,0.9648030721823488,0.7000761851671196,6.424688269112783,unison,0.4824015360911744
2026-09-02T05:50:07.562180,miller-moth (Perplexity),emergent,1.7904129793510324,17.85,221,17,1017,4,1,516636,0.9648030721823488,0.7000761851671196,6.424688269112783,unison,0.4824015360911744
2026-09-02T06:05:09.284603,miller-moth (Perplexity),emergent,1.7904129793510324,17.85,221,17,1017,4,1,516636,0.9648030721823488,0.7000761851671196,6.424688269112783,unison,0.4824015360911744
2026-09-02T06:20:08.225071,miller-moth (Perplexity),emergent,1.7904129793510324,17.85,221,17,1017,4,1,516636,0.9648030721823488,0.7000761851671196,6.424688269112783,unison,0.4824015360911744
2026-09-02T06:35:08.214422,miller-moth (Perplexity),emergent,1.7904129793510324,17.85,221,17,1017,4,1,516636,0.9648030721823488,0.7000761851671196,6.424688269112783,unison,0.4824015360911744
2026-09-02T06:50:08.373799,miller-moth (Perplexity),emergent,1.7904129793510324,17.85,221,17,1017,4,1,516636,0.9648030721823488,0.7000761851671196,6.424688269112783,unison,0.4824015360911744
2026-09-02T07:05:09.480627,miller-moth (Perplexity),emergent,1.7904129793510324,17.85,221,17,1017,4,1,516636,0.9648030721823488,0.7000761851671196,6.424688269112783,unison,0.4824015360911744
2026-09-02T07:20:09.539463,miller-moth (Perplexity),emergent,1.7904129793510324,17.85,221,17,1017,4,1,516636,0.9648030721823488,0.7000761851671196,6.424688269112783,unison,0.4824015360911744
2026-09-02T07:35:09.622407,miller-moth (Perplexity),emergent,1.7904129793510324,17.85,221,17,1017,4,1,516636,0.9648030721823488,0.7000761851671196,6.424688269112783,unison,0.4824015360911744
2026-09-02T07:50:09.570313,miller-moth (Perplexity),emergent,1.7904129793510324,17.85,221,17,1017,4,1,516636,0.9648030721823488,0.7000761851671196,6.424688269112783,unison,0.4824015360911744
2026-09-02T08:05:12.219170,miller-moth (Perplexity),emergent,1.7904129793510324,17.85,221,17,1017,4,1,516636,0.9648030721823488,0.7000761851671196,6.424688269112783,unison,0.4824015360911744
2026-09-02T08:20:12.900534,miller-moth (Perplexity),emergent,1.7904129793510324,17.85,221,17,1017,4,1,516636,0.9648030721823488,0.7000761851671196,6.424688269112783,unison,0.4824015360911744
2026-09-02T08:35:12.315362,miller-moth (Perplexity),emergent,1.7904129793510324,17.85,221,17,1017,4,1,516636,0.9648030721823488,0.7000761851671196,6.424688269112783,unison,0.4824015360911744
2026-09-02T08:50:12.406746,miller-moth (Perplexity),emergent,1.7904129793510324,17.85,221,17,1017,4,1,516636,0.9648030721823488,0.7000761851671196,6.424688269112783,unison,0.4824015360911744
2026-09-02T09:05:12.340446,miller-moth (Perplexity),emergent,1.7904129793510324,17.85,221,17,1017,4,1,516636,0.9648030721823488,0.7000761851671196,6.424688269112783,unison,0.4824015360911744
2026-09-02T09:20:12.280130,miller-moth (Perplexity),emergent,1.7904129793510324,17.85,221,17,1017,4,1,516636,0.9648030721823488,0.7000761851671196,6.424688269112783,unison,0.4824015360911744
2026-09-02T09:35:12.231483,miller-moth (Perplexity),emergent,1.7904129793510324,17.85,221,17,1017,4,1,516636,0.9648030721823488,0.7000761851671196,6.424688269112783,unison,0.4824015360911744
2026-09-02T09:50:12.198100,miller-moth (Perplexity),emergent,1.7904129793510324,17.85,221,17,1017,4,1,516636,0.9648030721823488,0.7000761851671196,6.424688269112783,unison,0.4824015360911744
2026-09-02T10:05:12.277316,miller-moth (Perplexity),emergent,1.7904129793510324,17.85,221,17,1017,4,1,516636,0.9648030721823488,0.7000761851671196,6.424688269112783,unison,0.4824015360911744
2026-09-02T10:20:14.173273,miller-moth (Perplexity),emergent,1.7904129793510324,17.85,221,17,1017,4,1,516636,0.9648030721823488,0.7000761851671196,6.424688269112783,unison,0.4824015360911744
2026-09-02T10:35:44.592775,miller-moth (Perplexity),emergent,1.7904129793510324,17.85,221,17,1017,4,1,516636,0.9648030721823488,0.7000761851671196,6.424688269112783,unison,0.4824015360911744
2026-09-02T10:50:38.744771,miller-moth (Perplexity),emergent,1.7904129793510324,17.85,221,17,1017,4,1,516636,0.9648030721823488,0.7000761851671196,6.424688269112783,unison,0.4824015360911744
2026-09-02T11:05:41.208369,miller-moth (Perplexity),emergent,1.7904129793510324,17.85,221,17,1017,4,1,516636,0.9648030721823488,0.7000761851671196,6.424688269112783,unison,0.4824015360911744
2026-09-02T11:20:38.870877,miller-moth (Perplexity),emergent,1.7904129793510324,17.85,221,17,1017,4,1,516636,0.9648030721823488,0.7000761851671196,6.424688269112783,unison,0.4824015360911744
2026-09-02T11:35:38.824443,miller-moth (Perplexity),emergent,1.7904129793510324,17.85,221,17,1017,4,1,516636,0.9648030721823488,0.7000761851671196,6.424688269112783,unison,0.4824015360911744
2026-09-02T11:50:39.674004,miller-moth (Perplexity),emergent,1.7904129793510324,17.85,221,17,1017,4,1,516636,0.9648030721823488,0.7000761851671196,6.424688269112783,unison,0.4824015360911744
2026-09-02T12:05:42.013649,miller-moth (Perplexity),emergent,1.7904129793510324,17.85,221,17,1017,4,1,516636,0.9648030721823488,0.7000761851671196,6.424688269112783,unison,0.4824015360911744
2026-09-02T12:20:40.758985,miller-moth (Perplexity),emergent,1.7904129793510324,17.85,221,17,1017,4,1,516636,0.9648030721823488,0.7000761851671196,6.424688269112783,unison,0.4824015360911744
2026-09-02T12:35:40.556889,miller-moth (Perplexity),emergent,1.7904129793510324,17.85,221,17,1017,4,1,516636,0.9648030721823488,0.7000761851671196,6.424688269112783,unison,0.4824015360911744
2026-09-02T12:50:40.587148,miller-moth (Perplexity),emergent,1.7904129793510324,17.85,221,17,1017,4,1,516636,0.9648030721823488,0.7000761851671196,6.424688269112783,unison,0.4824015360911744
2026-09-02T13:05:40.778758,miller-moth (Perplexity),emergent,1.7904129793510324,17.85,221,17,1017,4,1,516636,0.9648030721823488,0.7000761851671196,6.424688269112783,unison,0.4824015360911744
2026-09-02T13:20:40.930893,miller-moth (Perplexity),emergent,1.7904129793510324,17.85,221,17,1017,4,1,516636,0.9648030721823488,0.7000761851671196,6.424688269112783,unison,0.4824015360911744
2026-09-02T13:35:40.724595,miller-moth (Perplexity),emergent,1.7904129793510324,17.85,221,17,1017,4,1,516636,0.9648030721823488,0.7000761851671196,6.424688269112783,unison,0.4824015360911744
2026-09-02T13:50:40.751069,miller-moth (Perplexity),emergent,1.7904129793510324,17.85,221,17,1017,4,1,516636,0.9648030721823488,0.7000761851671196,6.424688269112783,unison,0.4824015360911744
2026-09-02T14:05:41.685359,miller-moth (Perplexity),emergent,1.7904129793510324,17.85,221,17,1017,4,1,516636,0.9648030721823488,0.7000761851671196,6.424688269112783,unison,0.4824015360911744
2026-09-02T14:20:47.083771,miller-moth (Perplexity),emergent,1.7904129793510324,17.85,221,17,1017,4,1,516636,0.9648030721823488,0.7000761851671196,6.424688269112783,unison,0.4824015360911744
2026-09-02T14:35:42.471540,miller-moth (Perplexity),emergent,1.7904129793510324,17.85,221,17,1017,4,1,516636,0.9648030721823488,0.7000761851671196,6.424688269112783,unison,0.4824015360911744
2026-09-02T14:50:42.520318,miller-moth (Perplexity),emergent,1.7904129793510324,17.85,221,17,1017,4,1,516636,0.9648030721823488,0.7000761851671196,6.424688269112783,unison,0.4824015360911744
2026-09-02T15:05:42.571691,miller-moth (Perplexity),emergent,1.7904129793510324,17.85,221,17,1017,4,1,516636,0.9648030721823488,0.7000761851671196,6.424688269112783,unison,0.4824015360911744
2026-09-02T15:20:42.721359,miller-moth (Perplexity),emergent,1.7904129793510324,17.85,221,17,1017,4,1,516636,0.9648030721823488,0.7000761851671196,6.424688269112783,unison,0.4824015360911744
2026-09-02T15:35:42.628823,miller-moth (Perplexity),emergent,1.7904129793510324,17.85,221,17,1017,4,1,516636,0.9648030721823488,0.7000761851671196,6.424688269112783,unison,0.4824015360911744
2026-09-02T15:49:25.453441,miller-moth (Perplexity),emergent,1.7904129793510324,17.85,221,17,1017,4,1,516636,0.9648030721823488,0.7000761851671196,6.424688269112783,unison,0.4824015360911744
2026-09-02T16:04:25.917371,miller-moth (Perplexity),emergent,1.7904129793510324,17.85,221,17,1017,4,1,516636,0.9648030721823488,0.7000761851671196,6.424688269112783,unison,0.4824015360911744
2026-09-02T16:19:25.059032,miller-moth (Perplexity),emergent,1.7904129793510324,17.85,221,17,1017,4,1,516636,0.9648030721823488,0.7000761851671196,6.424688269112783,unison,0.4824015360911744
2026-09-02T16:34:25.086247,miller-moth (Perplexity),emergent,1.7904129793510324,17.85,221,17,1017,4,1,516636,0.9648030721823488,0.7000761851671196,6.424688269112783,unison,0.4824015360911744
2026-09-02T16:49:25.100748,miller-moth (Perplexity),emergent,1.7904129793510324,17.85,221,17,1017,4,1,516636,0.9648030721823488,0.7000761851671196,6.424688269112783,unison,0.4824015360911744
2026-09-02T17:04:25.094973,miller-moth (Perplexity),emergent,1.7904129793510324,17.85,221,17,1017,4,1,516636,0.9648030721823488,0.7000761851671196,6.424688269112783,unison,0.4824015360911744
2026-09-02T17:19:25.155866,miller-moth (Perplexity),emergent,1.7904129793510324,17.85,221,17,1017,4,1,516636,0.9648030721823488,0.7000761851671196,6.424688269112783,unison,0.4824015360911744
2026-09-02T17:34:25.182648,miller-moth (Perplexity),emergent,1.7904129793510324,17.85,221,17,1017,4,1,516636,0.9648030721823488,0.7000761851671196,6.424688269112783,unison,0.4824015360911744
2026-09-02T17:49:25.138279,miller-moth (Perplexity),emergent,1.7904129793510324,17.85,221,17,1017,4,1,516636,0.9648030721823488,0.7000761851671196,6.424688269112783,unison,0.4824015360911744
2026-09-02T18:04:25.137836,miller-moth (Perplexity),emergent,1.7904129793510324,17.85,221,17,1017,4,1,516636,0.9648030721823488,0.7000761851671196,6.424688269112783,unison,0.4824015360911744
2026-09-02T18:19:25.920305,miller-moth (Perplexity),emergent,1.7904129793510324,17.85,221,17,1017,4,1,516636,0.9648030721823488,0.7000761851671196,6.424688269112783,unison,0.4824015360911744
2026-09-02T18:34:25.612350,miller-moth (Perplexity),emergent,1.7904129793510324,17.85,221,17,1017,4,1,516636,0.9648030721823488,0.7000761851671196,6.424688269112783,unison,0.4824015360911744
2026-09-02T18:49:25.617171,miller-moth (Perplexity),emergent,1.7904129793510324,17.85,221,17,1017,4,1,516636,0.9648030721823488,0.7000761851671196,6.424688269112783,unison,0.4824015360911744
2026-09-02T19:04:26.439045,miller-moth (Perplexity),emergent,1.7904129793510324,17.85,221,17,1017,4,1,516636,0.9648030721823488,0.7000761851671196,6.424688269112783,unison,0.4824015360911744
2026-09-02T19:19:25.774311,miller-moth (Perplexity),emergent,1.7904129793510324,17.85,221,17,1017,4,1,516636,0.9648030721823488,0.7000761851671196,6.424688269112783,unison,0.4824015360911744
2026-09-02T19:34:25.849934,miller-moth (Perplexity),emergent,1.7904129793510324,17.85,221,17,1017,4,1,516636,0.9648030721823488,0.7000761851671196,6.424688269112783,unison,0.4824015360911744
2026-09-02T19:49:25.919606,miller-moth (Perplexity),emergent,1.7904129793510324,17.85,221,17,1017,4,1,516636,0.9648030721823488,0.7000761851671196,6.424688269112783,unison,0.4824015360911744
2026-09-02T20:04:25.907831,miller-moth (Perplexity),emergent,1.7904129793510324,17.85,221,17,1017,4,1,516636,0.9648030721823488,0.7000761851671196,6.424688269112783,unison,0.4824015360911744
2026-09-02T20:19:26.358107,miller-moth (Perplexity),emergent,1.7904129793510324,17.85,221,17,1017,4,1,516636,0.9648030721823488,0.7000761851671196,6.424688269112783,unison,0.4824015360911744
2026-09-02T20:34:27.741547,miller-moth (Perplexity),emergent,1.7904129793510324,17.85,221,17,1017,4,1,516636,0.9648030721823488,0.7000761851671196,6.424688269112783,unison,0.4824015360911744
2026-09-02T20:49:27.781080,miller-moth (Perplexity),emergent,1.7904129793510324,17.85,221,17,1017,4,1,516636,0.9648030721823488,0.7000761851671196,6.424688269112783,unison,0.4824015360911744
2026-09-02T21:04:28.277985,miller-moth (Perplexity),emergent,1.7904129793510324,17.85,221,17,1017,4,1,516636,0.9648030721823488,0.7000761851671196,6.424688269112783,unison,0.4824015360911744
2026-09-02T21:19:27.839498,miller-moth (Perplexity),emergent,1.7904129793510324,17.85,221,17,1017,4,1,516636,0.9648030721823488,0.7000761851671196,6.424688269112783,unison,0.4824015360911744
2026-09-02T21:34:27.837738,miller-moth (Perplexity),emergent,1.7904129793510324,17.85,221,17,1017,4,1,516636,0.9648030721823488,0.7000761851671196,6.424688269112783,unison,0.4824015360911744
2026-09-02T21:49:27.882711,miller-moth (Perplexity),emergent,1.7904129793510324,17.85,221,17,1017,4,1,516636,0.9648030721823488,0.7000761851671196,6.424688269112783,unison,0.4824015360911744
2026-09-02T22:04:27.899584,miller-moth (Perplexity),emergent,1.7904129793510324,17.85,221,17,1017,4,1,516636,0.9648030721823488,0.7000761851671196,6.424688269112783,unison,0.4824015360911744
2026-09-02T22:19:27.865069,miller-moth (Perplexity),emergent,1.7904129793510324,17.85,221,17,1017,4,1,516636,0.9648030721823488,0.7000761851671196,6.424688269112783,unison,0.4824015360911744
2026-09-02T22:34:28.540317,miller-moth (Perplexity),emergent,1.7904129793510324,17.85,221,17,1017,4,1,516636,0.9648030721823488,0.7000761851671196,6.424688269112783,unison,0.4824015360911744
2026-09-02T22:49:28.038171,miller-moth (Perplexity),emergent,1.7904129793510324,17.85,221,17,1017,4,1,516636,0.9648030721823488,0.7000761851671196,6.424688269112783,unison,0.4824015360911744
2026-09-02T23:04:28.378159,miller-moth (Perplexity),emergent,1.7904129793510324,17.85,221,17,1017,4,1,516636,0.9648030721823488,0.7000761851671196,6.424688269112783,unison,0.4824015360911744
2026-09-02T23:19:46.354111,miller-moth (Perplexity),emergent,1.7904129793510324,17.85,221,17,1017,4,1,516636,0.9648030721823488,0.7000761851671196,6.424688269112783,unison,0.4824015360911744
2026-09-02T23:34:42.016851,miller-moth (Perplexity),emergent,1.7904129793510324,17.85,221,17,1017,4,1,516636,0.9648030721823488,0.7000761851671196,6.424688269112783,unison,0.4824015360911744
2026-09-02T23:50:31.194310,miller-moth (Perplexity),emergent,1.7904129793510324,17.85,221,17,1017,4,1,516636,0.9648030721823488,0.7000761851671196,6.424688269112783,unison,0.4824015360911744
2026-09-03T00:05:15.069971,miller-moth (Perplexity),emergent,1.7904129793510324,17.85,221,17,1017,4,1,516636,0.9648030721823488,0.7000761851671196,6.424688269112783,unison,0.4824015360911744
2026-09-03T00:20:40.141966,miller-moth (Perplexity),emergent,1.7904129793510324,17.85,221,17,1017,4,1,516636,0.9648030721823488,0.7000761851671196,6.424688269112783,unison,0.4824015360911744
2026-09-03T00:35:39.830602,miller-moth (Perplexity),emergent,1.7904129793510324,17.85,221,17,1017,4,1,516636,0.9648030721823488,0.7000761851671196,6.424688269112783,unison,0.4824015360911744
2026-09-03T00:50:35.347284,miller-moth (Perplexity),emergent,1.7904129793510324,17.85,221,17,1017,4,1,516636,0.9648030721823488,0.7000761851671196,6.424688269112783,unison,0.4824015360911744
2026-09-03T01:05:36.005533,miller-moth (Perplexity),emergent,1.7904129793510324,17.85,221,17,1017,4,1,516636,0.9648030721823488,0.7000761851671196,6.424688269112783,unison,0.4824015360911744
2026-09-03T01:20:35.251584,miller-moth (Perplexity),emergent,1.7904129793510324,17.85,221,17,1017,4,1,516636,0.9648030721823488,0.7000761851671196,6.424688269112783,unison,0.4824015360911744
2026-09-03T01:35:35.284337,miller-moth (Perplexity),emergent,1.7904129793510324,17.85,221,17,1017,4,1,516636,0.9648030721823488,0.7000761851671196,6.424688269112783,unison,0.4824015360911744
2026-09-03T01:50:35.170099,miller-moth (Perplexity),emergent,1.7904129793510324,17.85,221,17,1017,4,1,516636,0.9648030721823488,0.7000761851671196,6.424688269112783,unison,0.4824015360911744
2026-09-03T02:05:35.820491,miller-moth (Perplexity),emergent,1.7904129793510324,17.85,221,17,1017,4,1,516636,0.9648030721823488,0.7000761851671196,6.424688269112783,unison,0.4824015360911744
2026-09-03T02:20:35.518976,miller-moth (Perplexity),emergent,1.7904129793510324,17.85,221,17,1017,4,1,516636,0.9648030721823488,0.7000761851671196,6.424688269112783,unison,0.4824015360911744
2026-09-03T02:35:36.681213,miller-moth (Perplexity),emergent,1.7904129793510324,17.85,221,17,1017,4,1,516636,0.9648030721823488,0.7000761851671196,6.424688269112783,unison,0.4824015360911744
2026-09-03T02:50:35.519923,miller-moth (Perplexity),emergent,1.7904129793510324,17.85,221,17,1017,4,1,516636,0.9648030721823488,0.7000761851671196,6.424688269112783,unison,0.4824015360911744
2026-09-03T03:05:35.814043,miller-moth (Perplexity),emergent,1.7904129793510324,17.85,221,17,1017,4,1,516636,0.9648030721823488,0.7000761851671196,6.424688269112783,unison,0.4824015360911744
2026-09-03T03:20:35.726772,miller-moth (Perplexity),emergent,1.7904129793510324,17.85,221,17,1017,4,1,516636,0.9648030721823488,0.7000761851671196,6.424688269112783,unison,0.4824015360911744
2026-09-03T03:35:35.729191,miller-moth (Perplexity),emergent,1.7904129793510324,17.85,221,17,1017,4,1,516636,0.9648030721823488,0.7000761851671196,6.424688269112783,unison,0.4824015360911744
2026-09-03T03:50:35.807595,miller-moth (Perplexity),emergent,1.7904129793510324,17.85,221,17,1017,4,1,516636,0.9648030721823488,0.7000761851671196,6.424688269112783,unison,0.4824015360911744
2026-09-03T04:05:36.157755,miller-moth (Perplexity),emergent,1.7904129793510324,17.85,221,17,1017,4,1,516636,0.9648030721823488,0.7000761851671196,6.424688269112783,unison,0.4824015360911744
2026-09-03T04:20:35.798742,miller-moth (Perplexity),emergent,1.7904129793510324,17.85,221,17,1017,4,1,516636,0.9648030721823488,0.7000761851671196,6.424688269112783,unison,0.4824015360911744
2026-09-03T04:35:35.689133,miller-moth (Perplexity),emergent,1.7904129793510324,17.85,221,17,1017,4,1,516636,0.9648030721823488,0.7000761851671196,6.424688269112783,unison,0.4824015360911744
2026-09-03T04:50:35.706333,miller-moth (Perplexity),emergent,1.7904129793510324,17.85,221,17,1017,4,1,516636,0.9648030721823488,0.7000761851671196,6.424688269112783,unison,0.4824015360911744
2026-09-03T05:05:36.005342,miller-moth (Perplexity),emergent,1.7904129793510324,17.85,221,17,1017,4,1,516636,0.9648030721823488,0.7000761851671196,6.424688269112783,unison,0.4824015360911744
2026-09-03T05:20:36.116135,miller-moth (Perplexity),emergent,1.7904129793510324,17.85,221,17,1017,4,1,516636,0.9648030721823488,0.7000761851671196,6.424688269112783,unison,0.4824015360911744
2026-09-03T05:35:35.951005,miller-moth (Perplexity),emergent,1.7904129793510324,17.85,221,17,1017,4,1,516636,0.9648030721823488,0.7000761851671196,6.424688269112783,unison,0.4824015360911744
2026-09-03T05:50:35.968497,miller-moth (Perplexity),emergent,1.7904129793510324,17.85,221,17,1017,4,1,516636,0.9648030721823488,0.7000761851671196,6.424688269112783,unison,0.4824015360911744
2026-09-03T06:05:36.374769,miller-moth (Perplexity),emergent,1.7904129793510324,17.85,221,17,1017,4,1,516636,0.9648030721823488,0.7000761851671196,6.424688269112783,unison,0.4824015360911744
2026-09-03T06:20:36.105941,miller-moth (Perplexity),emergent,1.7904129793510324,17.85,221,17,1017,4,1,516636,0.9648030721823488,0.7000761851671196,6.424688269112783,unison,0.4824015360911744
2026-09-03T06:35:36.015663,miller-moth (Perplexity),emergent,1.7904129793510324,17.85,221,17,1017,4,1,516636,0.9648030721823488,0.7000761851671196,6.424688269112783,unison,0.4824015360911744
2026-09-03T06:50:36.052811,miller-moth (Perplexity),emergent,1.7904129793510324,17.85,221,17,1017,4,1,516636,0.9648030721823488,0.7000761851671196,6.424688269112783,unison,0.4824015360911744
2026-09-03T07:05:36.483388,miller-moth (Perplexity),emergent,1.7904129793510324,17.85,221,17,1017,4,1,516636,0.9648030721823488,0.7000761851671196,6.424688269112783,unison,0.4824015360911744
2026-09-03T07:20:36.154738,miller-moth (Perplexity),emergent,1.7904129793510324,17.85,221,17,1017,4,1,516636,0.9648030721823488,0.7000761851671196,6.424688269112783,unison,0.4824015360911744
2026-09-03T07:35:36.154209,miller-moth (Perplexity),emergent,1.7904129793510324,17.85,221,17,1017,4,1,516636,0.9648030721823488,0.7000761851671196,6.424688269112783,unison,0.4824015360911744
2026-09-03T07:50:36.327349,miller-moth (Perplexity),emergent,1.7904129793510324,17.85,221,17,1017,4,1,516636,0.9648030721823488,0.7000761851671196,6.424688269112783,unison,0.4824015360911744
2026-09-03T08:05:36.602317,miller-moth (Perplexity),emergent,1.7904129793510324,17.85,221,17,1017,4,1,516636,0.9648030721823488,0.7000761851671196,6.424688269112783,unison,0.4824015360911744
2026-09-03T08:20:36.352700,miller-moth (Perplexity),emergent,1.7904129793510324,17.85,221,17,1017,4,1,516636,0.9648030721823488,0.7000761851671196,6.424688269112783,unison,0.4824015360911744
2026-09-03T08:35:37.267930,miller-moth (Perplexity),emergent,1.7904129793510324,17.85,221,17,1017,4,1,516636,0.9648030721823488,0.7000761851671196,6.424688269112783,unison,0.4824015360911744
2026-09-03T08:50:36.401707,miller-moth (Perplexity),emergent,1.7904129793510324,17.85,221,17,1017,4,1,516636,0.9648030721823488,0.7000761851671196,6.424688269112783,unison,0.4824015360911744
2026-09-03T09:05:36.711800,miller-moth (Perplexity),emergent,1.7904129793510324,17.85,221,17,1017,4,1,516636,0.9648030721823488,0.7000761851671196,6.424688269112783,unison,0.4824015360911744
2026-09-03T09:20:36.509334,miller-moth (Perplexity),emergent,1.7904129793510324,17.85,221,17,1017,4,1,516636,0.9648030721823488,0.7000761851671196,6.424688269112783,unison,0.4824015360911744
2026-09-03T09:35:36.708437,miller-moth (Perplexity),emergent,1.7904129793510324,17.85,221,17,1017,4,1,516636,0.9648030721823488,0.7000761851671196,6.424688269112783,unison,0.4824015360911744
2026-09-03T09:50:36.915961,miller-moth (Perplexity),emergent,1.7904129793510324,17.85,221,17,1017,4,1,516636,0.9648030721823488,0.7000761851671196,6.424688269112783,unison,0.4824015360911744
2026-09-03T10:05:40.335096,miller-moth (Perplexity),emergent,1.7904129793510324,17.85,221,17,1017,4,1,516636,0.9648030721823488,0.7000761851671196,6.424688269112783,unison,0.4824015360911744
2026-09-03T10:20:37.732110,miller-moth (Perplexity),emergent,1.7904129793510324,17.85,221,17,1017,4,1,516636,0.9648030721823488,0.7000761851671196,6.424688269112783,unison,0.4824015360911744
2026-09-03T10:35:38.191167,miller-moth (Perplexity),emergent,1.7904129793510324,17.85,221,17,1017,4,1,516636,0.9648030721823488,0.7000761851671196,6.424688269112783,unison,0.4824015360911744
2026-09-03T10:50:37.886818,miller-moth (Perplexity),emergent,1.7904129793510324,17.85,221,17,1017,4,1,516636,0.9648030721823488,0.7000761851671196,6.424688269112783,unison,0.4824015360911744
2026-09-03T11:05:41.458031,miller-moth (Perplexity),emergent,1.7904129793510324,17.85,221,17,1017,4,1,516636,0.9648030721823488,0.7000761851671196,6.424688269112783,unison,0.4824015360911744
2026-09-03T11:20:40.577383,miller-moth (Perplexity),emergent,1.7904129793510324,17.85,221,17,1017,4,1,516636,0.9648030721823488,0.7000761851671196,6.424688269112783,unison,0.4824015360911744
2026-09-03T11:35:45.162786,miller-moth (Perplexity),emergent,1.7904129793510324,17.85,221,17,1017,4,1,516636,0.9648030721823488,0.7000761851671196,6.424688269112783,unison,0.4824015360911744
2026-09-03T11:51:11.731705,miller-moth (Perplexity),emergent,1.7904129793510324,17.85,221,17,1017,4,1,516636,0.9648030721823488,0.7000761851671196,6.424688269112783,unison,0.4824015360911744
2026-09-03T12:06:15.094676,miller-moth (Perplexity),emergent,1.7904129793510324,17.85,221,17,1017,4,1,516636,0.9648030721823488,0.7000761851671196,6.424688269112783,unison,0.4824015360911744
2026-09-03T12:21:58.290597,miller-moth (Perplexity),emergent,1.7904129793510324,17.85,221,17,1017,4,1,516636,0.9648030721823488,0.7000761851671196,6.424688269112783,unison,0.4824015360911744
2026-09-03T12:36:58.140827,miller-moth (Perplexity),emergent,1.7904129793510324,17.85,221,17,1017,4,1,516636,0.9648030721823488,0.7000761851671196,6.424688269112783,unison,0.4824015360911744
2026-09-03T12:51:57.688958,miller-moth (Perplexity),emergent,1.7904129793510324,17.85,221,17,1017,4,1,516636,0.9648030721823488,0.7000761851671196,6.424688269112783,unison,0.4824015360911744
2026-09-03T13:07:15.134938,miller-moth (Perplexity),emergent,1.7904129793510324,17.85,221,17,1017,4,1,516636,0.9648030721823488,0.7000761851671196,6.424688269112783,unison,0.4824015360911744
2026-09-03T13:22:16.505905,miller-moth (Perplexity),emergent,1.7904129793510324,17.85,221,17,1017,4,1,516636,0.9648030721823488,0.7000761851671196,6.424688269112783,unison,0.4824015360911744
2026-09-03T13:37:17.683812,miller-moth (Perplexity),emergent,1.7904129793510324,17.85,221,17,1017,4,1,516636,0.9648030721823488,0.7000761851671196,6.424688269112783,unison,0.4824015360911744
2026-09-03T13:52:15.916941,miller-moth (Perplexity),emergent,1.7904129793510324,17.85,221,17,1017,4,1,516636,0.9648030721823488,0.7000761851671196,6.424688269112783,unison,0.4824015360911744
2026-09-03T14:07:16.198275,miller-moth (Perplexity),emergent,1.7904129793510324,17.85,221,17,1017,4,1,516636,0.9648030721823488,0.7000761851671196,6.424688269112783,unison,0.4824015360911744
2026-09-03T14:22:15.900045,miller-moth (Perplexity),emergent,1.7904129793510324,17.85,221,17,1017,4,1,516636,0.9648030721823488,0.7000761851671196,6.424688269112783,unison,0.4824015360911744
2026-09-03T14:37:16.187960,miller-moth (Perplexity),emergent,1.7904129793510324,17.85,221,17,1017,4,1,516636,0.9648030721823488,0.7000761851671196,6.424688269112783,unison,0.4824015360911744
2026-09-03T14:52:15.912316,miller-moth (Perplexity),emergent,1.7904129793510324,17.85,221,17,1017,4,1,516636,0.9648030721823488,0.7000761851671196,6.424688269112783,unison,0.4824015360911744
2026-09-03T15:10:37.733288,miller-moth (Perplexity),emergent,1.7904129793510324,17.85,221,17,1017,4,1,516636,0.9648030721823488,0.7000761851671196,6.424688269112783,unison,0.4824015360911744
2026-09-03T15:25:34.914298,miller-moth (Perplexity),emergent,1.7904129793510324,17.85,221,17,1017,4,1,516636,0.9648030721823488,0.7000761851671196,6.424688269112783,unison,0.4824015360911744
2026-09-03T15:40:34.161620,miller-moth (Perplexity),emergent,1.7904129793510324,17.85,221,17,1017,4,1,516636,0.9648030721823488,0.7000761851671196,6.424688269112783,unison,0.4824015360911744
2026-09-03T15:55:34.510040,miller-moth (Perplexity),emergent,1.7904129793510324,17.85,221,17,1017,4,1,516636,0.9648030721823488,0.7000761851671196,6.424688269112783,unison,0.4824015360911744
2026-09-03T16:10:34.273587,miller-moth (Perplexity),emergent,1.7904129793510324,17.85,221,17,1017,4,1,516636,0.9648030721823488,0.7000761851671196,6.424688269112783,unison,0.4824015360911744
2026-09-03T16:25:34.418159,miller-moth (Perplexity),emergent,1.7904129793510324,17.85,221,17,1017,4,1,516636,0.9648030721823488,0.7000761851671196,6.424688269112783,unison,0.4824015360911744
2026-09-03T16:40:38.870280,miller-moth (Perplexity),emergent,1.7904129793510324,17.85,221,17,1017,4,1,516636,0.9648030721823488,0.7000761851671196,6.424688269112783,unison,0.4824015360911744
2026-09-03T16:56:06.491246,miller-moth (Perplexity),emergent,1.7904129793510324,17.85,221,17,1017,4,1,516636,0.9648030721823488,0.7000761851671196,6.424688269112783,unison,0.4824015360911744
2026-09-03T17:11:06.628732,miller-moth (Perplexity),emergent,1.7904129793510324,17.85,221,17,1017,4,1,516636,0.9648030721823488,0.7000761851671196,6.424688269112783,unison,0.4824015360911744
2026-09-03T17:26:07.564579,miller-moth (Perplexity),emergent,1.7904129793510324,17.85,221,17,1017,4,1,516636,0.9648030721823488,0.7000761851671196,6.424688269112783,unison,0.4824015360911744
2026-09-03T17:41:09.534570,miller-moth (Perplexity),emergent,1.7904129793510324,17.85,221,17,1017,4,1,516636,0.9648030721823488,0.7000761851671196,6.424688269112783,unison,0.4824015360911744
2026-09-03T17:56:11.989804,miller-moth (Perplexity),emergent,1.7904129793510324,17.85,221,17,1017,4,1,516636,0.9648030721823488,0.7000761851671196,6.424688269112783,unison,0.4824015360911744
2026-09-03T18:11:20.815421,miller-moth (Perplexity),emergent,1.7904129793510324,17.85,221,17,1017,4,1,516636,0.9648030721823488,0.7000761851671196,6.424688269112783,unison,0.4824015360911744
2026-09-03T18:26:27.495784,miller-moth (Perplexity),emergent,1.7904129793510324,17.85,221,17,1017,4,1,516636,0.9648030721823488,0.7000761851671196,6.424688269112783,unison,0.4824015360911744
2026-09-03T18:41:29.237591,miller-moth (Perplexity),emergent,1.7904129793510324,17.85,221,17,1017,4,1,516636,0.9648030721823488,0.7000761851671196,6.424688269112783,unison,0.4824015360911744
2026-09-03T18:57:30.825367,miller-moth (Perplexity),emergent,1.7904129793510324,17.85,221,17,1017,4,1,516636,0.9648030721823488,0.7000761851671196,6.424688269112783,unison,0.4824015360911744
2026-09-03T19:13:35.951960,miller-moth (Perplexity),emergent,1.7904129793510324,17.85,221,17,1017,4,1,516636,0.9648030721823488,0.7000761851671196,6.424688269112783,unison,0.4824015360911744
2026-09-03T19:28:50.153184,miller-moth (Perplexity),emergent,1.7904129793510324,17.85,221,17,1017,4,1,516636,0.9648030721823488,0.7000761851671196,6.424688269112783,unison,0.4824015360911744
2026-09-03T19:44:28.073557,miller-moth (Perplexity),emergent,1.7904129793510324,17.85,221,17,1017,4,1,516636,0.9648030721823488,0.7000761851671196,6.424688269112783,unison,0.4824015360911744
2026-09-03T20:00:27.688890,miller-moth (Perplexity),emergent,1.7904129793510324,17.85,221,17,1017,4,1,516636,0.9648030721823488,0.7000761851671196,6.424688269112783,unison,0.4824015360911744
2026-09-03T20:16:28.279591,miller-moth (Perplexity),emergent,1.7904129793510324,17.85,221,17,1017,4,1,516636,0.9648030721823488,0.7000761851671196,6.424688269112783,unison,0.4824015360911744
2026-09-03T20:31:54.304700,miller-moth (Perplexity),emergent,1.7904129793510324,17.85,221,17,1017,4,1,516636,0.9648030721823488,0.7000761851671196,6.424688269112783,unison,0.4824015360911744
2026-09-03T20:46:52.094619,miller-moth (Perplexity),emergent,1.7904129793510324,17.85,221,17,1017,4,1,516636,0.9648030721823488,0.7000761851671196,6.424688269112783,unison,0.4824015360911744
2026-09-03T21:01:52.147385,miller-moth (Perplexity),emergent,1.7904129793510324,17.85,221,17,1017,4,1,516636,0.9648030721823488,0.7000761851671196,6.424688269112783,unison,0.4824015360911744
2026-09-03T21:17:28.943131,miller-moth (Perplexity),emergent,1.7904129793510324,17.85,221,17,1017,4,1,516636,0.9648030721823488,0.7000761851671196,6.424688269112783,unison,0.4824015360911744
2026-09-03T21:32:24.491143,miller-moth (Perplexity),emergent,1.7904129793510324,17.85,221,17,1017,4,1,516636,0.9648030721823488,0.7000761851671196,6.424688269112783,unison,0.4824015360911744
2026-09-03T21:47:24.496018,miller-moth (Perplexity),emergent,1.7904129793510324,17.85,221,17,1017,4,1,516636,0.9648030721823488,0.7000761851671196,6.424688269112783,unison,0.4824015360911744
2026-09-03T22:02:24.895737,miller-moth (Perplexity),emergent,1.7904129793510324,17.85,221,17,1017,4,1,516636,0.9648030721823488,0.7000761851671196,6.424688269112783,unison,0.4824015360911744
2026-09-03T22:17:25.949486,miller-moth (Perplexity),emergent,1.7904129793510324,17.85,221,17,1017,4,1,516636,0.9648030721823488,0.7000761851671196,6.424688269112783,unison,0.4824015360911744
2026-09-03T22:32:25.512877,miller-moth (Perplexity),emergent,1.7904129793510324,17.85,221,17,1017,4,1,516636,0.9648030721823488,0.7000761851671196,6.424688269112783,unison,0.4824015360911744
2026-09-03T22:47:26.260147,miller-moth (Perplexity),emergent,1.7904129793510324,17.85,221,17,1017,4,1,516636,0.9648030721823488,0.7000761851671196,6.424688269112783,unison,0.4824015360911744
2026-09-03T23:02:45.888624,miller-moth (Perplexity),emergent,1.7904129793510324,17.85,221,17,1017,4,1,516636,0.9648030721823488,0.7000761851671196,6.424688269112783,unison,0.4824015360911744
2026-09-03T23:18:30.288482,miller-moth (Perplexity),emergent,1.7904129793510324,17.85,221,17,1017,4,1,516636,0.9648030721823488,0.7000761851671196,6.424688269112783,unison,0.4824015360911744
2026-09-03T23:33:28.117255,miller-moth (Perplexity),emergent,1.7904129793510324,17.85,221,17,1017,4,1,516636,0.9648030721823488,0.7000761851671196,6.424688269112783,unison,0.4824015360911744
2026-09-03T23:48:43.063380,miller-moth (Perplexity),emergent,1.7904129793510324,17.85,221,17,1017,4,1,516636,0.9648030721823488,0.7000761851671196,6.424688269112783,unison,0.4824015360911744
2026-09-04T00:03:42.199425,miller-moth (Perplexity),emergent,1.7904129793510324,17.85,221,17,1017,4,1,516636,0.9648030721823488,0.7000761851671196,6.424688269112783,unison,0.4824015360911744
2026-09-04T00:19:24.122644,miller-moth (Perplexity),emergent,1.7904129793510324,17.85,221,17,1017,4,1,516636,0.9648030721823488,0.7000761851671196,6.424688269112783,unison,0.4824015360911744
2026-09-04T00:34:30.819163,miller-moth (Perplexity),emergent,1.7904129793510324,17.85,221,17,1017,4,1,516636,0.9648030721823488,0.7000761851671196,6.424688269112783,unison,0.4824015360911744
2026-09-04T00:49:26.689340,miller-moth (Perplexity),emergent,1.7904129793510324,17.85,221,17,1017,4,1,516636,0.9648030721823488,0.7000761851671196,6.424688269112783,unison,0.4824015360911744
2026-09-04T01:04:31.119970,miller-moth (Perplexity),emergent,1.7904129793510324,17.85,221,17,1017,4,1,516636,0.9648030721823488,0.7000761851671196,6.424688269112783,unison,0.4824015360911744
2026-09-04T01:19:31.527609,miller-moth (Perplexity),emergent,1.7904129793510324,17.85,221,17,1017,4,1,516636,0.9648030721823488,0.7000761851671196,6.424688269112783,unison,0.4824015360911744
2026-09-04T01:34:32.197399,miller-moth (Perplexity),emergent,1.7904129793510324,17.85,221,17,1017,4,1,516636,0.9648030721823488,0.7000761851671196,6.424688269112783,unison,0.4824015360911744
2026-09-04T01:49:58.229630,miller-moth (Perplexity),emergent,1.7904129793510324,17.85,221,17,1017,4,1,516636,0.9648030721823488,0.7000761851671196,6.424688269112783,unison,0.4824015360911744
2026-09-04T02:04:58.353811,miller-moth (Perplexity),emergent,1.7904129793510324,17.85,221,17,1017,4,1,516636,0.9648030721823488,0.7000761851671196,6.424688269112783,unison,0.4824015360911744
2026-09-04T02:19:54.810102,miller-moth (Perplexity),emergent,1.7904129793510324,17.85,221,17,1017,4,1,516636,0.9648030721823488,0.7000761851671196,6.424688269112783,unison,0.4824015360911744
2026-09-04T02:34:56.209000,miller-moth (Perplexity),emergent,1.7904129793510324,17.85,221,17,1017,4,1,516636,0.9648030721823488,0.7000761851671196,6.424688269112783,unison,0.4824015360911744
2026-09-04T02:49:58.869092,miller-moth (Perplexity),emergent,1.7904129793510324,17.85,221,17,1017,4,1,516636,0.9648030721823488,0.7000761851671196,6.424688269112783,unison,0.4824015360911744
2026-09-04T03:04:56.818599,miller-moth (Perplexity),emergent,1.7904129793510324,17.85,221,17,1017,4,1,516636,0.9648030721823488,0.7000761851671196,6.424688269112783,unison,0.4824015360911744
2026-09-04T03:19:56.527597,miller-moth (Perplexity),emergent,1.7904129793510324,17.85,221,17,1017,4,1,516636,0.9648030721823488,0.7000761851671196,6.424688269112783,unison,0.4824015360911744
2026-09-04T03:35:03.083944,miller-moth (Perplexity),emergent,1.7904129793510324,17.85,221,17,1017,4,1,516636,0.9648030721823488,0.7000761851671196,6.424688269112783,unison,0.4824015360911744
2026-09-04T03:49:57.248846,miller-moth (Perplexity),emergent,1.7904129793510324,17.85,221,17,1017,4,1,516636,0.9648030721823488,0.7000761851671196,6.424688269112783,unison,0.4824015360911744
2026-09-04T04:04:59.211205,miller-moth (Perplexity),emergent,1.7904129793510324,17.85,221,17,1017,4,1,516636,0.9648030721823488,0.7000761851671196,6.424688269112783,unison,0.4824015360911744
2026-09-04T04:19:58.026241,miller-moth (Perplexity),emergent,1.7904129793510324,17.85,221,17,1017,4,1,516636,0.9648030721823488,0.7000761851671196,6.424688269112783,unison,0.4824015360911744
2026-09-04T04:34:58.348448,miller-moth (Perplexity),emergent,1.7904129793510324,17.85,221,17,1017,4,1,516636,0.9648030721823488,0.7000761851671196,6.424688269112783,unison,0.4824015360911744
2026-09-04T04:50:03.745167,miller-moth (Perplexity),emergent,1.7904129793510324,17.85,221,17,1017,4,1,516636,0.9648030721823488,0.7000761851671196,6.424688269112783,unison,0.4824015360911744
2026-09-04T05:05:05.163629,miller-moth (Perplexity),emergent,1.7904129793510324,17.85,221,17,1017,4,1,516636,0.9648030721823488,0.7000761851671196,6.424688269112783,unison,0.4824015360911744
2026-09-04T05:19:58.700380,miller-moth (Perplexity),emergent,1.7904129793510324,17.85,221,17,1017,4,1,516636,0.9648030721823488,0.7000761851671196,6.424688269112783,unison,0.4824015360911744
2026-09-04T05:34:58.377797,miller-moth (Perplexity),emergent,1.7904129793510324,17.85,221,17,1017,4,1,516636,0.9648030721823488,0.7000761851671196,6.424688269112783,unison,0.4824015360911744
2026-09-04T05:49:58.641433,miller-moth (Perplexity),emergent,1.7904129793510324,17.85,221,17,1017,4,1,516636,0.9648030721823488,0.7000761851671196,6.424688269112783,unison,0.4824015360911744
2026-09-04T06:04:59.277914,miller-moth (Perplexity),emergent,1.7904129793510324,17.85,221,17,1017,4,1,516636,0.9648030721823488,0.7000761851671196,6.424688269112783,unison,0.4824015360911744
2026-09-04T06:19:58.673858,miller-moth (Perplexity),emergent,1.7904129793510324,17.85,221,17,1017,4,1,516636,0.9648030721823488,0.7000761851671196,6.424688269112783,unison,0.4824015360911744
2026-09-04T06:35:01.895419,miller-moth (Perplexity),emergent,1.7904129793510324,17.85,221,17,1017,4,1,516636,0.9648030721823488,0.7000761851671196,6.424688269112783,unison,0.4824015360911744
2026-09-04T06:39:10.375593,miller-moth (Perplexity),emergent,1.7904129793510324,17.85,221,17,1017,4,1,516636,0.9648030721823488,0.7000761851671196,6.424688269112783,unison,0.4824015360911744
2026-09-04T06:54:10.439166,miller-moth (Perplexity),emergent,1.7904129793510324,17.85,221,17,1017,4,1,516636,0.9648030721823488,0.7000761851671196,6.424688269112783,unison,0.4824015360911744
2026-09-04T07:09:12.255944,miller-moth (Perplexity),emergent,1.7904129793510324,17.85,221,17,1017,4,1,516636,0.9648030721823488,0.7000761851671196,6.424688269112783,unison,0.4824015360911744
2026-09-04T07:24:11.567501,miller-moth (Perplexity),emergent,1.7904129793510324,17.85,221,17,1017,4,1,516636,0.9648030721823488,0.7000761851671196,6.424688269112783,unison,0.4824015360911744
2026-09-04T07:39:12.434954,miller-moth (Perplexity),emergent,1.7904129793510324,17.85,221,17,1017,4,1,516636,0.9648030721823488,0.7000761851671196,6.424688269112783,unison,0.4824015360911744
2026-09-04T07:54:15.991028,miller-moth (Perplexity),emergent,1.7904129793510324,17.85,221,17,1017,4,1,516636,0.9648030721823488,0.7000761851671196,6.424688269112783,unison,0.4824015360911744
2026-09-04T08:09:11.936071,miller-moth (Perplexity),emergent,1.7904129793510324,17.85,221,17,1017,4,1,516636,0.9648030721823488,0.7000761851671196,6.424688269112783,unison,0.4824015360911744
2026-09-04T08:24:12.741946,miller-moth (Perplexity),emergent,1.7904129793510324,17.85,221,17,1017,4,1,516636,0.9648030721823488,0.7000761851671196,6.424688269112783,unison,0.4824015360911744
2026-09-04T08:39:12.896928,miller-moth (Perplexity),emergent,1.7904129793510324,17.85,221,17,1017,4,1,516636,0.9648030721823488,0.7000761851671196,6.424688269112783,unison,0.4824015360911744
2026-09-04T08:54:12.917894,miller-moth (Perplexity),emergent,1.7904129793510324,17.85,221,17,1017,4,1,516636,0.9648030721823488,0.7000761851671196,6.424688269112783,unison,0.4824015360911744
2026-09-04T09:09:12.962881,miller-moth (Perplexity),emergent,1.7904129793510324,17.85,221,17,1017,4,1,516636,0.9648030721823488,0.7000761851671196,6.424688269112783,unison,0.4824015360911744
2026-09-04T09:24:13.567547,miller-moth (Perplexity),emergent,1.7904129793510324,17.85,221,17,1017,4,1,516636,0.9648030721823488,0.7000761851671196,6.424688269112783,unison,0.4824015360911744
2026-09-04T09:39:13.103452,miller-moth (Perplexity),emergent,1.7904129793510324,17.85,221,17,1017,4,1,516636,0.9648030721823488,0.7000761851671196,6.424688269112783,unison,0.4824015360911744
2026-09-04T09:54:13.219752,miller-moth (Perplexity),emergent,1.7904129793510324,17.85,221,17,1017,4,1,516636,0.9648030721823488,0.7000761851671196,6.424688269112783,unison,0.4824015360911744
2026-09-04T10:09:13.391085,miller-moth (Perplexity),emergent,1.7904129793510324,17.85,221,17,1017,4,1,516636,0.9648030721823488,0.7000761851671196,6.424688269112783,unison,0.4824015360911744
2026-09-04T10:24:16.447502,miller-moth (Perplexity),emergent,1.7904129793510324,17.85,221,17,1017,4,1,516636,0.9648030721823488,0.7000761851671196,6.424688269112783,unison,0.4824015360911744
2026-09-04T10:39:13.726558,miller-moth (Perplexity),emergent,1.7904129793510324,17.85,221,17,1017,4,1,516636,0.9648030721823488,0.7000761851671196,6.424688269112783,unison,0.4824015360911744
2026-09-04T10:54:13.950697,miller-moth (Perplexity),emergent,1.7904129793510324,17.85,221,17,1017,4,1,516636,0.9648030721823488,0.7000761851671196,6.424688269112783,unison,0.4824015360911744
2026-09-04T11:09:13.885773,miller-moth (Perplexity),emergent,1.7904129793510324,17.85,221,17,1017,4,1,516636,0.9648030721823488,0.7000761851671196,6.424688269112783,unison,0.4824015360911744
2026-09-04T11:24:14.491553,miller-moth (Perplexity),emergent,1.7904129793510324,17.85,221,17,1017,4,1,516636,0.9648030721823488,0.7000761851671196,6.424688269112783,unison,0.4824015360911744
2026-09-04T11:39:13.896583,miller-moth (Perplexity),emergent,1.7904129793510324,17.85,221,17,1017,4,1,516636,0.9648030721823488,0.7000761851671196,6.424688269112783,unison,0.4824015360911744
2026-09-04T11:54:14.441936,miller-moth (Perplexity),emergent,1.7904129793510324,17.85,221,17,1017,4,1,516636,0.9648030721823488,0.7000761851671196,6.424688269112783,unison,0.4824015360911744
2026-09-04T12:09:13.961270,miller-moth (Perplexity),emergent,1.7904129793510324,17.85,221,17,1017,4,1,516636,0.9648030721823488,0.7000761851671196,6.424688269112783,unison,0.4824015360911744
2026-09-04T12:24:14.186497,miller-moth (Perplexity),emergent,1.7904129793510324,17.85,221,17,1017,4,1,516636,0.9648030721823488,0.7000761851671196,6.424688269112783,unison,0.4824015360911744
2026-09-04T12:39:18.051437,miller-moth (Perplexity),emergent,1.7904129793510324,17.85,221,17,1017,4,1,516636,0.9648030721823488,0.7000761851671196,6.424688269112783,unison,0.4824015360911744
2026-09-04T12:54:56.992854,miller-moth (Perplexity),emergent,1.7904129793510324,17.85,221,17,1017,4,1,516636,0.9648030721823488,0.7000761851671196,6.424688269112783,unison,0.4824015360911744
2026-09-04T13:10:21.022653,miller-moth (Perplexity),emergent,1.7904129793510324,17.85,221,17,1017,4,1,516636,0.9648030721823488,0.7000761851671196,6.424688269112783,unison,0.4824015360911744
2026-09-04T13:25:18.569027,miller-moth (Perplexity),emergent,1.7904129793510324,17.85,221,17,1017,4,1,516636,0.9648030721823488,0.7000761851671196,6.424688269112783,unison,0.4824015360911744
2026-09-04T13:40:18.231804,miller-moth (Perplexity),emergent,1.7904129793510324,17.85,221,17,1017,4,1,516636,0.9648030721823488,0.7000761851671196,6.424688269112783,unison,0.4824015360911744
2026-09-04T13:55:18.633503,miller-moth (Perplexity),emergent,1.7904129793510324,17.85,221,17,1017,4,1,516636,0.9648030721823488,0.7000761851671196,6.424688269112783,unison,0.4824015360911744
2026-09-04T14:10:18.282133,miller-moth (Perplexity),emergent,1.7904129793510324,17.85,221,17,1017,4,1,516636,0.9648030721823488,0.7000761851671196,6.424688269112783,unison,0.4824015360911744
2026-09-04T14:25:28.604443,miller-moth (Perplexity),emergent,1.7904129793510324,17.85,221,17,1017,4,1,516636,0.9648030721823488,0.7000761851671196,6.424688269112783,unison,0.4824015360911744
2026-09-04T14:41:26.823240,miller-moth (Perplexity),emergent,1.7904129793510324,17.85,221,17,1017,4,1,516636,0.9648030721823488,0.7000761851671196,6.424688269112783,unison,0.4824015360911744
2026-09-04T14:56:20.236770,miller-moth (Perplexity),emergent,1.7904129793510324,17.85,221,17,1017,4,1,516636,0.9648030721823488,0.7000761851671196,6.424688269112783,unison,0.4824015360911744
2026-09-04T15:11:19.335909,miller-moth (Perplexity),emergent,1.7904129793510324,17.85,221,17,1017,4,1,516636,0.9648030721823488,0.7000761851671196,6.424688269112783,unison,0.4824015360911744
2026-09-04T15:15:24.254142,miller-moth (Perplexity),emergent,1.7904129793510324,17.85,221,17,1017,4,1,516636,0.9648030721823488,0.7000761851671196,6.424688269112783,unison,0.4824015360911744
2026-09-04T15:30:24.373373,miller-moth (Perplexity),emergent,1.7904129793510324,17.85,221,17,1017,4,1,516636,0.9648030721823488,0.7000761851671196,6.424688269112783,unison,0.4824015360911744
2026-09-04T15:45:24.200603,miller-moth (Perplexity),emergent,1.7904129793510324,17.85,221,17,1017,4,1,516636,0.9648030721823488,0.7000761851671196,6.424688269112783,unison,0.4824015360911744
2026-09-04T16:00:28.053130,miller-moth (Perplexity),emergent,1.7904129793510324,17.85,221,17,1017,4,1,516636,0.9648030721823488,0.7000761851671196,6.424688269112783,unison,0.4824015360911744
2026-09-04T16:15:23.491044,miller-moth (Perplexity),emergent,1.7904129793510324,17.85,221,17,1017,4,1,516636,0.9648030721823488,0.7000761851671196,6.424688269112783,unison,0.4824015360911744
2026-09-04T16:30:24.071951,miller-moth (Perplexity),emergent,1.7904129793510324,17.85,221,17,1017,4,1,516636,0.9648030721823488,0.7000761851671196,6.424688269112783,unison,0.4824015360911744
2026-09-04T16:45:26.221610,miller-moth (Perplexity),emergent,1.7904129793510324,17.85,221,17,1017,4,1,516636,0.9648030721823488,0.7000761851671196,6.424688269112783,unison,0.4824015360911744
2026-09-04T17:00:26.332841,miller-moth (Perplexity),emergent,1.7904129793510324,17.85,221,17,1017,4,1,516636,0.9648030721823488,0.7000761851671196,6.424688269112783,unison,0.4824015360911744
2026-09-04T17:15:33.840424,miller-moth (Perplexity),emergent,1.7904129793510324,17.85,221,17,1017,4,1,516636,0.9648030721823488,0.7000761851671196,6.424688269112783,unison,0.4824015360911744
2026-09-04T17:30:39.272582,miller-moth (Perplexity),emergent,1.7904129793510324,17.85,221,17,1017,4,1,516636,0.9648030721823488,0.7000761851671196,6.424688269112783,unison,0.4824015360911744
2026-09-04T17:46:10.815115,miller-moth (Perplexity),emergent,1.7904129793510324,17.85,221,17,1017,4,1,516636,0.9648030721823488,0.7000761851671196,6.424688269112783,unison,0.4824015360911744
2026-09-04T18:02:10.818429,miller-moth (Perplexity),emergent,1.7904129793510324,17.85,221,17,1017,4,1,516636,0.9648030721823488,0.7000761851671196,6.424688269112783,unison,0.4824015360911744
2026-09-04T18:17:27.324703,miller-moth (Perplexity),emergent,1.7904129793510324,17.85,221,17,1017,4,1,516636,0.9648030721823488,0.7000761851671196,6.424688269112783,unison,0.4824015360911744
2026-09-04T18:33:10.941737,miller-moth (Perplexity),emergent,1.7904129793510324,17.85,221,17,1017,4,1,516636,0.9648030721823488,0.7000761851671196,6.424688269112783,unison,0.4824015360911744
2026-09-04T18:49:10.924171,miller-moth (Perplexity),emergent,1.7904129793510324,17.85,221,17,1017,4,1,516636,0.9648030721823488,0.7000761851671196,6.424688269112783,unison,0.4824015360911744
2026-09-04T19:04:35.039031,miller-moth (Perplexity),emergent,1.7904129793510324,17.85,221,17,1017,4,1,516636,0.9648030721823488,0.7000761851671196,6.424688269112783,unison,0.4824015360911744
2026-09-04T19:19:34.695223,miller-moth (Perplexity),emergent,1.7904129793510324,17.85,221,17,1017,4,1,516636,0.9648030721823488,0.7000761851671196,6.424688269112783,unison,0.4824015360911744
2026-09-04T19:34:34.985089,miller-moth (Perplexity),emergent,1.7904129793510324,17.85,221,17,1017,4,1,516636,0.9648030721823488,0.7000761851671196,6.424688269112783,unison,0.4824015360911744
2026-09-04T19:49:35.708515,miller-moth (Perplexity),emergent,1.7904129793510324,17.85,221,17,1017,4,1,516636,0.9648030721823488,0.7000761851671196,6.424688269112783,unison,0.4824015360911744
2026-09-04T20:04:36.775014,miller-moth (Perplexity),emergent,1.7904129793510324,17.85,221,17,1017,4,1,516636,0.9648030721823488,0.7000761851671196,6.424688269112783,unison,0.4824015360911744
2026-09-04T20:19:36.974979,miller-moth (Perplexity),emergent,1.7904129793510324,17.85,221,17,1017,4,1,516636,0.9648030721823488,0.7000761851671196,6.424688269112783,unison,0.4824015360911744
2026-09-04T20:34:36.775637,miller-moth (Perplexity),emergent,1.7904129793510324,17.85,221,17,1017,4,1,516636,0.9648030721823488,0.7000761851671196,6.424688269112783,unison,0.4824015360911744
2026-09-04T20:49:36.764771,miller-moth (Perplexity),emergent,1.7904129793510324,17.85,221,17,1017,4,1,516636,0.9648030721823488,0.7000761851671196,6.424688269112783,unison,0.4824015360911744
2026-09-04T21:04:36.836361,miller-moth (Perplexity),emergent,1.7904129793510324,17.85,221,17,1017,4,1,516636,0.9648030721823488,0.7000761851671196,6.424688269112783,unison,0.4824015360911744
2026-09-04T21:19:37.792196,miller-moth (Perplexity),emergent,1.7904129793510324,17.85,221,17,1017,4,1,516636,0.9648030721823488,0.7000761851671196,6.424688269112783,unison,0.4824015360911744
2026-09-04T21:34:38.244654,miller-moth (Perplexity),emergent,1.7904129793510324,17.85,221,17,1017,4,1,516636,0.9648030721823488,0.7000761851671196,6.424688269112783,unison,0.4824015360911744
2026-09-04T21:49:37.096307,miller-moth (Perplexity),emergent,1.7904129793510324,17.85,221,17,1017,4,1,516636,0.9648030721823488,0.7000761851671196,6.424688269112783,unison,0.4824015360911744
2026-09-04T22:04:37.060210,miller-moth (Perplexity),emergent,1.7904129793510324,17.85,221,17,1017,4,1,516636,0.9648030721823488,0.7000761851671196,6.424688269112783,unison,0.4824015360911744
2026-09-04T22:19:37.163184,miller-moth (Perplexity),emergent,1.7904129793510324,17.85,221,17,1017,4,1,516636,0.9648030721823488,0.7000761851671196,6.424688269112783,unison,0.4824015360911744
2026-09-04T22:34:37.295595,miller-moth (Perplexity),emergent,1.7904129793510324,17.85,221,17,1017,4,1,516636,0.9648030721823488,0.7000761851671196,6.424688269112783,unison,0.4824015360911744
2026-09-04T22:49:37.150782,miller-moth (Perplexity),emergent,1.7904129793510324,17.85,221,17,1017,4,1,516636,0.9648030721823488,0.7000761851671196,6.424688269112783,unison,0.4824015360911744
2026-09-04T23:04:37.216516,miller-moth (Perplexity),emergent,1.7904129793510324,17.85,221,17,1017,4,1,516636,0.9648030721823488,0.7000761851671196,6.424688269112783,unison,0.4824015360911744
2026-09-04T23:19:37.408645,miller-moth (Perplexity),emergent,1.7904129793510324,17.85,221,17,1017,4,1,516636,0.9648030721823488,0.7000761851671196,6.424688269112783,unison,0.4824015360911744
2026-09-04T23:34:38.889886,miller-moth (Perplexity),emergent,1.7904129793510324,17.85,221,17,1017,4,1,516636,0.9648030721823488,0.7000761851671196,6.424688269112783,unison,0.4824015360911744
2026-09-04T23:49:37.410335,miller-moth (Perplexity),emergent,1.7904129793510324,17.85,221,17,1017,4,1,516636,0.9648030721823488,0.7000761851671196,6.424688269112783,unison,0.4824015360911744
2026-09-05T00:04:37.552189,miller-moth (Perplexity),emergent,1.7904129793510324,17.85,221,17,1017,4,1,516636,0.9648030721823488,0.7000761851671196,6.424688269112783,unison,0.4824015360911744
2026-09-05T00:19:37.754508,miller-moth (Perplexity),emergent,1.7904129793510324,17.85,221,17,1017,4,1,516636,0.9648030721823488,0.7000761851671196,6.424688269112783,unison,0.4824015360911744
2026-09-05T00:34:39.155937,miller-moth (Perplexity),emergent,1.7904129793510324,17.85,221,17,1017,4,1,516636,0.9648030721823488,0.7000761851671196,6.424688269112783,unison,0.4824015360911744
2026-09-05T00:49:37.841201,miller-moth (Perplexity),emergent,1.7904129793510324,17.85,221,17,1017,4,1,516636,0.9648030721823488,0.7000761851671196,6.424688269112783,unison,0.4824015360911744
2026-09-05T01:04:37.778929,miller-moth (Perplexity),emergent,1.7904129793510324,17.85,221,17,1017,4,1,516636,0.9648030721823488,0.7000761851671196,6.424688269112783,unison,0.4824015360911744
2026-09-05T01:19:37.996604,miller-moth (Perplexity),emergent,1.7904129793510324,17.85,221,17,1017,4,1,516636,0.9648030721823488,0.7000761851671196,6.424688269112783,unison,0.4824015360911744
2026-09-05T01:34:39.142291,miller-moth (Perplexity),emergent,1.7904129793510324,17.85,221,17,1017,4,1,516636,0.9648030721823488,0.7000761851671196,6.424688269112783,unison,0.4824015360911744
2026-09-05T01:49:37.873178,miller-moth (Perplexity),emergent,1.7904129793510324,17.85,221,17,1017,4,1,516636,0.9648030721823488,0.7000761851671196,6.424688269112783,unison,0.4824015360911744
2026-09-05T02:04:37.986689,miller-moth (Perplexity),emergent,1.7904129793510324,17.85,221,17,1017,4,1,516636,0.9648030721823488,0.7000761851671196,6.424688269112783,unison,0.4824015360911744
2026-09-05T02:19:38.009627,miller-moth (Perplexity),emergent,1.7904129793510324,17.85,221,17,1017,4,1,516636,0.9648030721823488,0.7000761851671196,6.424688269112783,unison,0.4824015360911744
2026-09-05T02:34:40.327438,miller-moth (Perplexity),emergent,1.7904129793510324,17.85,221,17,1017,4,1,516636,0.9648030721823488,0.7000761851671196,6.424688269112783,unison,0.4824015360911744
2026-09-05T02:49:40.120441,miller-moth (Perplexity),emergent,1.7904129793510324,17.85,221,17,1017,4,1,516636,0.9648030721823488,0.7000761851671196,6.424688269112783,unison,0.4824015360911744
2026-09-05T03:04:41.048169,miller-moth (Perplexity),emergent,1.7904129793510324,17.85,221,17,1017,4,1,516636,0.9648030721823488,0.7000761851671196,6.424688269112783,unison,0.4824015360911744
2026-09-05T03:19:40.963784,miller-moth (Perplexity),emergent,1.7904129793510324,17.85,221,17,1017,4,1,516636,0.9648030721823488,0.7000761851671196,6.424688269112783,unison,0.4824015360911744
2026-09-05T03:34:41.266699,miller-moth (Perplexity),emergent,1.7904129793510324,17.85,221,17,1017,4,1,516636,0.9648030721823488,0.7000761851671196,6.424688269112783,unison,0.4824015360911744
2026-09-05T03:49:48.546965,miller-moth (Perplexity),emergent,1.7904129793510324,17.85,221,17,1017,4,1,516636,0.9648030721823488,0.7000761851671196,6.424688269112783,unison,0.4824015360911744
2026-09-05T04:04:44.726330,miller-moth (Perplexity),emergent,1.7904129793510324,17.85,221,17,1017,4,1,516636,0.9648030721823488,0.7000761851671196,6.424688269112783,unison,0.4824015360911744
2026-09-05T04:19:44.740163,miller-moth (Perplexity),emergent,1.7904129793510324,17.85,221,17,1017,4,1,516636,0.9648030721823488,0.7000761851671196,6.424688269112783,unison,0.4824015360911744
2026-09-05T04:34:45.097365,miller-moth (Perplexity),emergent,1.7904129793510324,17.85,221,17,1017,4,1,516636,0.9648030721823488,0.7000761851671196,6.424688269112783,unison,0.4824015360911744
2026-09-05T04:49:44.834716,miller-moth (Perplexity),emergent,1.7904129793510324,17.85,221,17,1017,4,1,516636,0.9648030721823488,0.7000761851671196,6.424688269112783,unison,0.4824015360911744
2026-09-05T05:04:45.056886,miller-moth (Perplexity),emergent,1.7904129793510324,17.85,221,17,1017,4,1,516636,0.9648030721823488,0.7000761851671196,6.424688269112783,unison,0.4824015360911744
2026-09-05T05:19:45.111851,miller-moth (Perplexity),emergent,1.7904129793510324,17.85,221,17,1017,4,1,516636,0.9648030721823488,0.7000761851671196,6.424688269112783,unison,0.4824015360911744
2026-09-05T05:34:45.050674,miller-moth (Perplexity),emergent,1.7904129793510324,17.85,221,17,1017,4,1,516636,0.9648030721823488,0.7000761851671196,6.424688269112783,unison,0.4824015360911744
2026-09-05T05:49:46.194548,miller-moth (Perplexity),emergent,1.7904129793510324,17.85,221,17,1017,4,1,516636,0.9648030721823488,0.7000761851671196,6.424688269112783,unison,0.4824015360911744
2026-09-05T06:04:45.106760,miller-moth (Perplexity),emergent,1.7904129793510324,17.85,221,17,1017,4,1,516636,0.9648030721823488,0.7000761851671196,6.424688269112783,unison,0.4824015360911744
2026-09-05T06:19:45.372998,miller-moth (Perplexity),emergent,1.7904129793510324,17.85,221,17,1017,4,1,516636,0.9648030721823488,0.7000761851671196,6.424688269112783,unison,0.4824015360911744
2026-09-05T06:34:45.387868,miller-moth (Perplexity),emergent,1.7904129793510324,17.85,221,17,1017,4,1,516636,0.9648030721823488,0.7000761851671196,6.424688269112783,unison,0.4824015360911744
2026-09-05T06:49:45.448702,miller-moth (Perplexity),emergent,1.7904129793510324,17.85,221,17,1017,4,1,516636,0.9648030721823488,0.7000761851671196,6.424688269112783,unison,0.4824015360911744
2026-09-05T07:04:46.341952,miller-moth (Perplexity),emergent,1.7904129793510324,17.85,221,17,1017,4,1,516636,0.9648030721823488,0.7000761851671196,6.424688269112783,unison,0.4824015360911744
2026-09-05T07:20:10.967483,miller-moth (Perplexity),emergent,1.7904129793510324,17.85,221,17,1017,4,1,516636,0.9648030721823488,0.7000761851671196,6.424688269112783,unison,0.4824015360911744
2026-09-05T07:35:10.704358,miller-moth (Perplexity),emergent,1.7904129793510324,17.85,221,17,1017,4,1,516636,0.9648030721823488,0.7000761851671196,6.424688269112783,unison,0.4824015360911744
2026-09-05T07:50:10.590701,miller-moth (Perplexity),emergent,1.7904129793510324,17.85,221,17,1017,4,1,516636,0.9648030721823488,0.7000761851671196,6.424688269112783,unison,0.4824015360911744
2026-09-05T08:05:10.974793,miller-moth (Perplexity),emergent,1.7904129793510324,17.85,221,17,1017,4,1,516636,0.9648030721823488,0.7000761851671196,6.424688269112783,unison,0.4824015360911744
2026-09-05T08:20:11.778106,miller-moth (Perplexity),emergent,1.7904129793510324,17.85,221,17,1017,4,1,516636,0.9648030721823488,0.7000761851671196,6.424688269112783,unison,0.4824015360911744
2026-09-05T08:35:11.305644,miller-moth (Perplexity),emergent,1.7904129793510324,17.85,221,17,1017,4,1,516636,0.9648030721823488,0.7000761851671196,6.424688269112783,unison,0.4824015360911744
2026-09-05T08:50:11.334908,miller-moth (Perplexity),emergent,1.7904129793510324,17.85,221,17,1017,4,1,516636,0.9648030721823488,0.7000761851671196,6.424688269112783,unison,0.4824015360911744
2026-09-05T09:03:19.766827,miller-moth (Perplexity),emergent,1.7904129793510324,17.85,221,17,1017,4,1,516636,0.9648030721823488,0.7000761851671196,6.424688269112783,unison,0.4824015360911744
2026-09-05T09:18:19.658962,miller-moth (Perplexity),emergent,1.7904129793510324,17.85,221,17,1017,4,1,516636,0.9648030721823488,0.7000761851671196,6.424688269112783,unison,0.4824015360911744
2026-09-05T09:33:22.009699,miller-moth (Perplexity),emergent,1.7904129793510324,17.85,221,17,1017,4,1,516636,0.9648030721823488,0.7000761851671196,6.424688269112783,unison,0.4824015360911744
2026-09-05T09:48:20.030702,miller-moth (Perplexity),emergent,1.7904129793510324,17.85,221,17,1017,4,1,516636,0.9648030721823488,0.7000761851671196,6.424688269112783,unison,0.4824015360911744
2026-09-05T10:03:19.854260,miller-moth (Perplexity),emergent,1.7904129793510324,17.85,221,17,1017,4,1,516636,0.9648030721823488,0.7000761851671196,6.424688269112783,unison,0.4824015360911744
2026-09-05T10:18:20.143242,miller-moth (Perplexity),emergent,1.7904129793510324,17.85,221,17,1017,4,1,516636,0.9648030721823488,0.7000761851671196,6.424688269112783,unison,0.4824015360911744
2026-09-05T10:33:21.459166,miller-moth (Perplexity),emergent,1.7904129793510324,17.85,221,17,1017,4,1,516636,0.9648030721823488,0.7000761851671196,6.424688269112783,unison,0.4824015360911744
2026-09-05T10:48:20.375242,miller-moth (Perplexity),emergent,1.7904129793510324,17.85,221,17,1017,4,1,516636,0.9648030721823488,0.7000761851671196,6.424688269112783,unison,0.4824015360911744
2026-09-05T11:03:35.879107,miller-moth (Perplexity),emergent,1.7904129793510324,17.85,221,17,1017,4,1,516636,0.9648030721823488,0.7000761851671196,6.424688269112783,unison,0.4824015360911744
2026-09-05T11:18:35.253662,miller-moth (Perplexity),emergent,1.7904129793510324,17.85,221,17,1017,4,1,516636,0.9648030721823488,0.7000761851671196,6.424688269112783,unison,0.4824015360911744
2026-09-05T11:33:42.253899,miller-moth (Perplexity),emergent,1.7904129793510324,17.85,221,17,1017,4,1,516636,0.9648030721823488,0.7000761851671196,6.424688269112783,unison,0.4824015360911744
2026-09-05T11:49:05.270898,miller-moth (Perplexity),emergent,1.7904129793510324,17.85,221,17,1017,4,1,516636,0.9648030721823488,0.7000761851671196,6.424688269112783,unison,0.4824015360911744
2026-09-05T12:03:57.451614,miller-moth (Perplexity),emergent,1.7904129793510324,17.85,221,17,1017,4,1,516636,0.9648030721823488,0.7000761851671196,6.424688269112783,unison,0.4824015360911744
2026-09-05T12:18:57.320136,miller-moth (Perplexity),emergent,1.7904129793510324,17.85,221,17,1017,4,1,516636,0.9648030721823488,0.7000761851671196,6.424688269112783,unison,0.4824015360911744
2026-09-05T12:33:57.643279,miller-moth (Perplexity),emergent,1.7904129793510324,17.85,221,17,1017,4,1,516636,0.9648030721823488,0.7000761851671196,6.424688269112783,unison,0.4824015360911744
2026-09-05T12:48:57.622523,miller-moth (Perplexity),emergent,1.7904129793510324,17.85,221,17,1017,4,1,516636,0.9648030721823488,0.7000761851671196,6.424688269112783,unison,0.4824015360911744
2026-09-05T13:04:01.967998,miller-moth (Perplexity),emergent,1.7904129793510324,17.85,221,17,1017,4,1,516636,0.9648030721823488,0.7000761851671196,6.424688269112783,unison,0.4824015360911744
2026-09-05T13:19:05.990306,miller-moth (Perplexity),emergent,1.7904129793510324,17.85,221,17,1017,4,1,516636,0.9648030721823488,0.7000761851671196,6.424688269112783,unison,0.4824015360911744
2026-09-05T13:34:34.476523,miller-moth (Perplexity),emergent,1.7904129793510324,17.85,221,17,1017,4,1,516636,0.9648030721823488,0.7000761851671196,6.424688269112783,unison,0.4824015360911744
2026-09-05T13:49:43.583336,miller-moth (Perplexity),emergent,1.7904129793510324,17.85,221,17,1017,4,1,516636,0.9648030721823488,0.7000761851671196,6.424688269112783,unison,0.4824015360911744
2026-09-05T14:04:42.454651,miller-moth (Perplexity),emergent,1.7904129793510324,17.85,221,17,1017,4,1,516636,0.9648030721823488,0.7000761851671196,6.424688269112783,unison,0.4824015360911744
2026-09-05T14:19:47.309862,miller-moth (Perplexity),emergent,1.7904129793510324,17.85,221,17,1017,4,1,516636,0.9648030721823488,0.7000761851671196,6.424688269112783,unison,0.4824015360911744
2026-09-05T14:34:45.697883,miller-moth (Perplexity),emergent,1.7904129793510324,17.85,221,17,1017,4,1,516636,0.9648030721823488,0.7000761851671196,6.424688269112783,unison,0.4824015360911744
2026-09-05T15:24:24.687012,miller-moth (Perplexity),emergent,1.7904129793510324,17.85,221,17,1017,4,1,516636,0.9648030721823488,0.7000761851671196,6.424688269112783,unison,0.4824015360911744
2026-09-05T15:39:25.192191,miller-moth (Perplexity),emergent,1.7904129793510324,17.85,221,17,1017,4,1,516636,0.9648030721823488,0.7000761851671196,6.424688269112783,unison,0.4824015360911744
2026-09-05T15:54:24.793164,miller-moth (Perplexity),emergent,1.7904129793510324,17.85,221,17,1017,4,1,516636,0.9648030721823488,0.7000761851671196,6.424688269112783,unison,0.4824015360911744
2026-09-05T16:09:24.990272,miller-moth (Perplexity),emergent,1.7904129793510324,17.85,221,17,1017,4,1,516636,0.9648030721823488,0.7000761851671196,6.424688269112783,unison,0.4824015360911744
2026-09-05T16:24:31.302177,miller-moth (Perplexity),emergent,1.7904129793510324,17.85,221,17,1017,4,1,516636,0.9648030721823488,0.7000761851671196,6.424688269112783,unison,0.4824015360911744
2026-09-05T16:39:27.078201,miller-moth (Perplexity),emergent,1.7904129793510324,17.85,221,17,1017,4,1,516636,0.9648030721823488,0.7000761851671196,6.424688269112783,unison,0.4824015360911744
2026-09-05T16:54:25.078606,miller-moth (Perplexity),emergent,1.7904129793510324,17.85,221,17,1017,4,1,516636,0.9648030721823488,0.7000761851671196,6.424688269112783,unison,0.4824015360911744
2026-09-05T17:09:32.086011,miller-moth (Perplexity),emergent,1.7904129793510324,17.85,221,17,1017,4,1,516636,0.9648030721823488,0.7000761851671196,6.424688269112783,unison,0.4824015360911744
2026-09-05T17:24:25.233522,miller-moth (Perplexity),emergent,1.7904129793510324,17.85,221,17,1017,4,1,516636,0.9648030721823488,0.7000761851671196,6.424688269112783,unison,0.4824015360911744
2026-09-05T17:39:25.656738,miller-moth (Perplexity),emergent,1.7904129793510324,17.85,221,17,1017,4,1,516636,0.9648030721823488,0.7000761851671196,6.424688269112783,unison,0.4824015360911744
2026-09-05T17:54:25.221112,miller-moth (Perplexity),emergent,1.7904129793510324,17.85,221,17,1017,4,1,516636,0.9648030721823488,0.7000761851671196,6.424688269112783,unison,0.4824015360911744
2026-09-05T18:09:25.515026,miller-moth (Perplexity),emergent,1.7904129793510324,17.85,221,17,1017,4,1,516636,0.9648030721823488,0.7000761851671196,6.424688269112783,unison,0.4824015360911744
2026-09-05T18:24:34.041217,miller-moth (Perplexity),emergent,1.7904129793510324,17.85,221,17,1017,4,1,516636,0.9648030721823488,0.7000761851671196,6.424688269112783,unison,0.4824015360911744
2026-09-05T18:39:38.460873,miller-moth (Perplexity),emergent,1.7904129793510324,17.85,221,17,1017,4,1,516636,0.9648030721823488,0.7000761851671196,6.424688269112783,unison,0.4824015360911744
2026-09-05T18:55:09.931575,miller-moth (Perplexity),emergent,1.7904129793510324,17.85,221,17,1017,4,1,516636,0.9648030721823488,0.7000761851671196,6.424688269112783,unison,0.4824015360911744
2026-09-05T19:10:12.235432,miller-moth (Perplexity),emergent,1.7904129793510324,17.85,221,17,1017,4,1,516636,0.9648030721823488,0.7000761851671196,6.424688269112783,unison,0.4824015360911744
2026-09-05T19:25:14.912864,miller-moth (Perplexity),emergent,1.7904129793510324,17.85,221,17,1017,4,1,516636,0.9648030721823488,0.7000761851671196,6.424688269112783,unison,0.4824015360911744
2026-09-05T19:40:11.341898,miller-moth (Perplexity),emergent,1.7904129793510324,17.85,221,17,1017,4,1,516636,0.9648030721823488,0.7000761851671196,6.424688269112783,unison,0.4824015360911744
2026-09-05T19:55:20.889811,miller-moth (Perplexity),emergent,1.7904129793510324,17.85,221,17,1017,4,1,516636,0.9648030721823488,0.7000761851671196,6.424688269112783,unison,0.4824015360911744
2026-09-05T20:10:15.834886,miller-moth (Perplexity),emergent,1.7904129793510324,17.85,221,17,1017,4,1,516636,0.9648030721823488,0.7000761851671196,6.424688269112783,unison,0.4824015360911744
2026-09-05T20:25:15.280785,miller-moth (Perplexity),emergent,1.7904129793510324,17.85,221,17,1017,4,1,516636,0.9648030721823488,0.7000761851671196,6.424688269112783,unison,0.4824015360911744
2026-09-05T20:40:16.283092,miller-moth (Perplexity),emergent,1.7904129793510324,17.85,221,17,1017,4,1,516636,0.9648030721823488,0.7000761851671196,6.424688269112783,unison,0.4824015360911744
2026-09-05T20:55:15.962094,miller-moth (Perplexity),emergent,1.7904129793510324,17.85,221,17,1017,4,1,516636,0.9648030721823488,0.7000761851671196,6.424688269112783,unison,0.4824015360911744
2026-09-05T21:10:16.093091,miller-moth (Perplexity),emergent,1.7904129793510324,17.85,221,17,1017,4,1,516636,0.9648030721823488,0.7000761851671196,6.424688269112783,unison,0.4824015360911744
2026-09-05T21:25:18.602633,miller-moth (Perplexity),emergent,1.7904129793510324,17.85,221,17,1017,4,1,516636,0.9648030721823488,0.7000761851671196,6.424688269112783,unison,0.4824015360911744
2026-09-05T21:40:32.570595,miller-moth (Perplexity),emergent,1.7904129793510324,17.85,221,17,1017,4,1,516636,0.9648030721823488,0.7000761851671196,6.424688269112783,unison,0.4824015360911744
2026-09-05T21:55:32.992401,miller-moth (Perplexity),emergent,1.7904129793510324,17.85,221,17,1017,4,1,516636,0.9648030721823488,0.7000761851671196,6.424688269112783,unison,0.4824015360911744
2026-09-05T22:10:33.405929,miller-moth (Perplexity),emergent,1.7904129793510324,17.85,221,17,1017,4,1,516636,0.9648030721823488,0.7000761851671196,6.424688269112783,unison,0.4824015360911744
2026-09-05T22:25:35.624633,miller-moth (Perplexity),emergent,1.7904129793510324,17.85,221,17,1017,4,1,516636,0.9648030721823488,0.7000761851671196,6.424688269112783,unison,0.4824015360911744
2026-09-05T22:40:52.969454,miller-moth (Perplexity),emergent,1.7904129793510324,17.85,221,17,1017,4,1,516636,0.9648030721823488,0.7000761851671196,6.424688269112783,unison,0.4824015360911744
2026-09-05T22:55:51.485846,miller-moth (Perplexity),emergent,1.7904129793510324,17.85,221,17,1017,4,1,516636,0.9648030721823488,0.7000761851671196,6.424688269112783,unison,0.4824015360911744
2026-09-05T23:10:54.093101,miller-moth (Perplexity),emergent,1.7904129793510324,17.85,221,17,1017,4,1,516636,0.9648030721823488,0.7000761851671196,6.424688269112783,unison,0.4824015360911744
2026-09-05T23:26:29.920409,miller-moth (Perplexity),emergent,1.7904129793510324,17.85,221,17,1017,4,1,516636,0.9648030721823488,0.7000761851671196,6.424688269112783,unison,0.4824015360911744
2026-09-05T23:41:28.037295,miller-moth (Perplexity),emergent,1.7904129793510324,17.85,221,17,1017,4,1,516636,0.9648030721823488,0.7000761851671196,6.424688269112783,unison,0.4824015360911744
2026-09-05T23:56:28.470490,miller-moth (Perplexity),emergent,1.7904129793510324,17.85,221,17,1017,4,1,516636,0.9648030721823488,0.7000761851671196,6.424688269112783,unison,0.4824015360911744
2026-09-06T00:11:28.877218,miller-moth (Perplexity),emergent,1.7904129793510324,17.85,221,17,1017,4,1,516636,0.9648030721823488,0.7000761851671196,6.424688269112783,unison,0.4824015360911744
2026-09-06T00:26:28.706689,miller-moth (Perplexity),emergent,1.7904129793510324,17.85,221,17,1017,4,1,516636,0.9648030721823488,0.7000761851671196,6.424688269112783,unison,0.4824015360911744
2026-09-06T00:41:30.996057,miller-moth (Perplexity),emergent,1.7904129793510324,17.85,221,17,1017,4,1,516636,0.9648030721823488,0.7000761851671196,6.424688269112783,unison,0.4824015360911744
2026-09-06T00:56:32.842719,miller-moth (Perplexity),emergent,1.7904129793510324,17.85,221,17,1017,4,1,516636,0.9648030721823488,0.7000761851671196,6.424688269112783,unison,0.4824015360911744
2026-09-06T01:11:35.150329,miller-moth (Perplexity),emergent,1.7904129793510324,17.85,221,17,1017,4,1,516636,0.9648030721823488,0.7000761851671196,6.424688269112783,unison,0.4824015360911744
2026-09-06T01:26:35.169519,miller-moth (Perplexity),emergent,1.7904129793510324,17.85,221,17,1017,4,1,516636,0.9648030721823488,0.7000761851671196,6.424688269112783,unison,0.4824015360911744
2026-09-06T01:41:51.622583,miller-moth (Perplexity),emergent,1.7904129793510324,17.85,221,17,1017,4,1,516636,0.9648030721823488,0.7000761851671196,6.424688269112783,unison,0.4824015360911744
2026-09-06T01:57:23.928384,miller-moth (Perplexity),emergent,1.7904129793510324,17.85,221,17,1017,4,1,516636,0.9648030721823488,0.7000761851671196,6.424688269112783,unison,0.4824015360911744
2026-09-06T02:12:18.513744,miller-moth (Perplexity),emergent,1.7904129793510324,17.85,221,17,1017,4,1,516636,0.9648030721823488,0.7000761851671196,6.424688269112783,unison,0.4824015360911744
2026-09-06T02:27:18.628522,miller-moth (Perplexity),emergent,1.7904129793510324,17.85,221,17,1017,4,1,516636,0.9648030721823488,0.7000761851671196,6.424688269112783,unison,0.4824015360911744
2026-09-06T02:42:19.276834,miller-moth (Perplexity),emergent,1.7904129793510324,17.85,221,17,1017,4,1,516636,0.9648030721823488,0.7000761851671196,6.424688269112783,unison,0.4824015360911744
2026-09-06T02:57:18.998941,miller-moth (Perplexity),emergent,1.7904129793510324,17.85,221,17,1017,4,1,516636,0.9648030721823488,0.7000761851671196,6.424688269112783,unison,0.4824015360911744
2026-09-06T03:12:18.981919,miller-moth (Perplexity),emergent,1.7904129793510324,17.85,221,17,1017,4,1,516636,0.9648030721823488,0.7000761851671196,6.424688269112783,unison,0.4824015360911744
2026-09-06T03:27:28.327953,miller-moth (Perplexity),emergent,1.7904129793510324,17.85,221,17,1017,4,1,516636,0.9648030721823488,0.7000761851671196,6.424688269112783,unison,0.4824015360911744
2026-09-06T03:42:19.768362,miller-moth (Perplexity),emergent,1.7904129793510324,17.85,221,17,1017,4,1,516636,0.9648030721823488,0.7000761851671196,6.424688269112783,unison,0.4824015360911744
2026-09-06T03:57:19.703168,miller-moth (Perplexity),emergent,1.7904129793510324,17.85,221,17,1017,4,1,516636,0.9648030721823488,0.7000761851671196,6.424688269112783,unison,0.4824015360911744
2026-09-06T04:12:20.093567,miller-moth (Perplexity),emergent,1.7904129793510324,17.85,221,17,1017,4,1,516636,0.9648030721823488,0.7000761851671196,6.424688269112783,unison,0.4824015360911744
2026-09-06T04:27:20.055055,miller-moth (Perplexity),emergent,1.7904129793510324,17.85,221,17,1017,4,1,516636,0.9648030721823488,0.7000761851671196,6.424688269112783,unison,0.4824015360911744
2026-09-06T04:42:33.419705,miller-moth (Perplexity),emergent,1.7904129793510324,17.85,221,17,1017,4,1,516636,0.9648030721823488,0.7000761851671196,6.424688269112783,unison,0.4824015360911744
2026-09-06T04:57:33.739023,miller-moth (Perplexity),emergent,1.7904129793510324,17.85,221,17,1017,4,1,516636,0.9648030721823488,0.7000761851671196,6.424688269112783,unison,0.4824015360911744
2026-09-06T05:12:36.802848,miller-moth (Perplexity),emergent,1.7904129793510324,17.85,221,17,1017,4,1,516636,0.9648030721823488,0.7000761851671196,6.424688269112783,unison,0.4824015360911744
2026-09-06T05:28:32.574092,miller-moth (Perplexity),emergent,1.7904129793510324,17.85,221,17,1017,4,1,516636,0.9648030721823488,0.7000761851671196,6.424688269112783,unison,0.4824015360911744
2026-09-06T05:44:32.598449,miller-moth (Perplexity),emergent,1.7904129793510324,17.85,221,17,1017,4,1,516636,0.9648030721823488,0.7000761851671196,6.424688269112783,unison,0.4824015360911744
2026-09-06T06:00:08.857865,miller-moth (Perplexity),emergent,1.7904129793510324,17.85,221,17,1017,4,1,516636,0.9648030721823488,0.7000761851671196,6.424688269112783,unison,0.4824015360911744
2026-09-06T06:15:31.430872,miller-moth (Perplexity),emergent,1.7904129793510324,17.85,221,17,1017,4,1,516636,0.9648030721823488,0.7000761851671196,6.424688269112783,unison,0.4824015360911744
2026-09-06T06:30:34.895371,miller-moth (Perplexity),emergent,1.7904129793510324,17.85,221,17,1017,4,1,516636,0.9648030721823488,0.7000761851671196,6.424688269112783,unison,0.4824015360911744
2026-09-06T06:45:32.968765,miller-moth (Perplexity),emergent,1.7904129793510324,17.85,221,17,1017,4,1,516636,0.9648030721823488,0.7000761851671196,6.424688269112783,unison,0.4824015360911744
2026-09-06T07:00:33.017726,miller-moth (Perplexity),emergent,1.7904129793510324,17.85,221,17,1017,4,1,516636,0.9648030721823488,0.7000761851671196,6.424688269112783,unison,0.4824015360911744
2026-09-06T07:15:32.766800,miller-moth (Perplexity),emergent,1.7904129793510324,17.85,221,17,1017,4,1,516636,0.9648030721823488,0.7000761851671196,6.424688269112783,unison,0.4824015360911744
2026-09-06T07:30:33.328414,miller-moth (Perplexity),emergent,1.7904129793510324,17.85,221,17,1017,4,1,516636,0.9648030721823488,0.7000761851671196,6.424688269112783,unison,0.4824015360911744
2026-09-06T07:45:33.210322,miller-moth (Perplexity),emergent,1.7904129793510324,17.85,221,17,1017,4,1,516636,0.9648030721823488,0.7000761851671196,6.424688269112783,unison,0.4824015360911744
2026-09-06T08:00:33.207154,miller-moth (Perplexity),emergent,1.7904129793510324,17.85,221,17,1017,4,1,516636,0.9648030721823488,0.7000761851671196,6.424688269112783,unison,0.4824015360911744
2026-09-06T08:15:33.397738,miller-moth (Perplexity),emergent,1.7904129793510324,17.85,221,17,1017,4,1,516636,0.9648030721823488,0.7000761851671196,6.424688269112783,unison,0.4824015360911744
2026-09-06T08:31:34.171447,miller-moth (Perplexity),emergent,1.7904129793510324,17.85,221,17,1017,4,1,516636,0.9648030721823488,0.7000761851671196,6.424688269112783,unison,0.4824015360911744
2026-09-06T08:46:34.361129,miller-moth (Perplexity),emergent,1.7904129793510324,17.85,221,17,1017,4,1,516636,0.9648030721823488,0.7000761851671196,6.424688269112783,unison,0.4824015360911744
2026-09-06T09:01:45.994098,miller-moth (Perplexity),emergent,1.7904129793510324,17.85,221,17,1017,4,1,516636,0.9648030721823488,0.7000761851671196,6.424688269112783,unison,0.4824015360911744
2026-09-06T09:16:48.942196,miller-moth (Perplexity),emergent,1.7904129793510324,17.85,221,17,1017,4,1,516636,0.9648030721823488,0.7000761851671196,6.424688269112783,unison,0.4824015360911744
2026-09-06T09:32:33.089084,miller-moth (Perplexity),emergent,1.7904129793510324,17.85,221,17,1017,4,1,516636,0.9648030721823488,0.7000761851671196,6.424688269112783,unison,0.4824015360911744
2026-09-06T09:47:34.396125,miller-moth (Perplexity),emergent,1.7904129793510324,17.85,221,17,1017,4,1,516636,0.9648030721823488,0.7000761851671196,6.424688269112783,unison,0.4824015360911744
2026-09-06T10:02:34.336556,miller-moth (Perplexity),emergent,1.7904129793510324,17.85,221,17,1017,4,1,516636,0.9648030721823488,0.7000761851671196,6.424688269112783,unison,0.4824015360911744
2026-09-06T10:17:34.710275,miller-moth (Perplexity),emergent,1.7904129793510324,17.85,221,17,1017,4,1,516636,0.9648030721823488,0.7000761851671196,6.424688269112783,unison,0.4824015360911744
2026-09-06T10:33:34.608282,miller-moth (Perplexity),emergent,1.7904129793510324,17.85,221,17,1017,4,1,516636,0.9648030721823488,0.7000761851671196,6.424688269112783,unison,0.4824015360911744
2026-09-06T10:48:32.893572,miller-moth (Perplexity),emergent,1.7904129793510324,17.85,221,17,1017,4,1,516636,0.9648030721823488,0.7000761851671196,6.424688269112783,unison,0.4824015360911744
2026-09-06T11:03:33.382143,miller-moth (Perplexity),emergent,1.7904129793510324,17.85,221,17,1017,4,1,516636,0.9648030721823488,0.7000761851671196,6.424688269112783,unison,0.4824015360911744
2026-09-06T11:18:33.154647,miller-moth (Perplexity),emergent,1.7904129793510324,17.85,221,17,1017,4,1,516636,0.9648030721823488,0.7000761851671196,6.424688269112783,unison,0.4824015360911744
2026-09-06T11:33:52.395716,miller-moth (Perplexity),emergent,1.7904129793510324,17.85,221,17,1017,4,1,516636,0.9648030721823488,0.7000761851671196,6.424688269112783,unison,0.4824015360911744
2026-09-06T11:48:52.638853,miller-moth (Perplexity),emergent,1.7904129793510324,17.85,221,17,1017,4,1,516636,0.9648030721823488,0.7000761851671196,6.424688269112783,unison,0.4824015360911744
2026-09-06T12:03:54.533893,miller-moth (Perplexity),emergent,1.7904129793510324,17.85,221,17,1017,4,1,516636,0.9648030721823488,0.7000761851671196,6.424688269112783,unison,0.4824015360911744
2026-09-06T12:18:53.322047,miller-moth (Perplexity),emergent,1.7904129793510324,17.85,221,17,1017,4,1,516636,0.9648030721823488,0.7000761851671196,6.424688269112783,unison,0.4824015360911744
2026-09-06T12:34:00.169823,miller-moth (Perplexity),emergent,1.7904129793510324,17.85,221,17,1017,4,1,516636,0.9648030721823488,0.7000761851671196,6.424688269112783,unison,0.4824015360911744
2026-09-06T12:49:00.516525,miller-moth (Perplexity),emergent,1.7904129793510324,17.85,221,17,1017,4,1,516636,0.9648030721823488,0.7000761851671196,6.424688269112783,unison,0.4824015360911744
2026-09-06T13:04:00.359894,miller-moth (Perplexity),emergent,1.7904129793510324,17.85,221,17,1017,4,1,516636,0.9648030721823488,0.7000761851671196,6.424688269112783,unison,0.4824015360911744
2026-09-06T13:19:00.436551,miller-moth (Perplexity),emergent,1.7904129793510324,17.85,221,17,1017,4,1,516636,0.9648030721823488,0.7000761851671196,6.424688269112783,unison,0.4824015360911744
2026-09-06T13:34:32.997695,miller-moth (Perplexity),emergent,1.7904129793510324,17.85,221,17,1017,4,1,516636,0.9648030721823488,0.7000761851671196,6.424688269112783,unison,0.4824015360911744
2026-09-06T13:49:32.426050,miller-moth (Perplexity),emergent,1.7904129793510324,17.85,221,17,1017,4,1,516636,0.9648030721823488,0.7000761851671196,6.424688269112783,unison,0.4824015360911744
2026-09-06T14:04:32.259725,miller-moth (Perplexity),emergent,1.7904129793510324,17.85,221,17,1017,4,1,516636,0.9648030721823488,0.7000761851671196,6.424688269112783,unison,0.4824015360911744
2026-09-06T14:19:32.319781,miller-moth (Perplexity),emergent,1.7904129793510324,17.85,221,17,1017,4,1,516636,0.9648030721823488,0.7000761851671196,6.424688269112783,unison,0.4824015360911744
2026-09-06T14:34:33.892991,miller-moth (Perplexity),emergent,1.7904129793510324,17.85,221,17,1017,4,1,516636,0.9648030721823488,0.7000761851671196,6.424688269112783,unison,0.4824015360911744
2026-09-06T14:49:32.796734,miller-moth (Perplexity),emergent,1.7904129793510324,17.85,221,17,1017,4,1,516636,0.9648030721823488,0.7000761851671196,6.424688269112783,unison,0.4824015360911744
2026-09-06T15:04:34.266076,miller-moth (Perplexity),emergent,1.7904129793510324,17.85,221,17,1017,4,1,516636,0.9648030721823488,0.7000761851671196,6.424688269112783,unison,0.4824015360911744
2026-09-06T15:20:49.503854,miller-moth (Perplexity),emergent,1.7904129793510324,17.85,221,17,1017,4,1,516636,0.9648030721823488,0.7000761851671196,6.424688269112783,unison,0.4824015360911744
2026-09-06T15:35:44.876742,miller-moth (Perplexity),emergent,1.7904129793510324,17.85,221,17,1017,4,1,516636,0.9648030721823488,0.7000761851671196,6.424688269112783,unison,0.4824015360911744
2026-09-06T15:50:44.286838,miller-moth (Perplexity),emergent,1.7904129793510324,17.85,221,17,1017,4,1,516636,0.9648030721823488,0.7000761851671196,6.424688269112783,unison,0.4824015360911744
2026-09-06T16:05:44.166894,miller-moth (Perplexity),emergent,1.7904129793510324,17.85,221,17,1017,4,1,516636,0.9648030721823488,0.7000761851671196,6.424688269112783,unison,0.4824015360911744
2026-09-06T16:20:46.575461,miller-moth (Perplexity),emergent,1.7904129793510324,17.85,221,17,1017,4,1,516636,0.9648030721823488,0.7000761851671196,6.424688269112783,unison,0.4824015360911744
2026-09-06T16:35:47.686383,miller-moth (Perplexity),emergent,1.7904129793510324,17.85,221,17,1017,4,1,516636,0.9648030721823488,0.7000761851671196,6.424688269112783,unison,0.4824015360911744
2026-09-06T16:50:50.765825,miller-moth (Perplexity),emergent,1.7904129793510324,17.85,221,17,1017,4,1,516636,0.9648030721823488,0.7000761851671196,6.424688269112783,unison,0.4824015360911744
2026-09-06T17:05:48.436204,miller-moth (Perplexity),emergent,1.7904129793510324,17.85,221,17,1017,4,1,516636,0.9648030721823488,0.7000761851671196,6.424688269112783,unison,0.4824015360911744
2026-09-06T17:20:51.008408,miller-moth (Perplexity),emergent,1.7904129793510324,17.85,221,17,1017,4,1,516636,0.9648030721823488,0.7000761851671196,6.424688269112783,unison,0.4824015360911744
2026-09-06T17:36:32.909268,miller-moth (Perplexity),emergent,1.7904129793510324,17.85,221,17,1017,4,1,516636,0.9648030721823488,0.7000761851671196,6.424688269112783,unison,0.4824015360911744
2026-09-06T17:51:34.659469,miller-moth (Perplexity),emergent,1.7904129793510324,17.85,221,17,1017,4,1,516636,0.9648030721823488,0.7000761851671196,6.424688269112783,unison,0.4824015360911744
2026-09-06T18:07:06.201781,miller-moth (Perplexity),emergent,1.7904129793510324,17.85,221,17,1017,4,1,516636,0.9648030721823488,0.7000761851671196,6.424688269112783,unison,0.4824015360911744
2026-09-06T18:22:33.170691,miller-moth (Perplexity),emergent,1.7904129793510324,17.85,221,17,1017,4,1,516636,0.9648030721823488,0.7000761851671196,6.424688269112783,unison,0.4824015360911744
2026-09-06T18:37:33.449731,miller-moth (Perplexity),emergent,1.7904129793510324,17.85,221,17,1017,4,1,516636,0.9648030721823488,0.7000761851671196,6.424688269112783,unison,0.4824015360911744
2026-09-06T18:52:34.152274,miller-moth (Perplexity),emergent,1.7904129793510324,17.85,221,17,1017,4,1,516636,0.9648030721823488,0.7000761851671196,6.424688269112783,unison,0.4824015360911744
2026-09-06T19:07:33.329248,miller-moth (Perplexity),emergent,1.7904129793510324,17.85,221,17,1017,4,1,516636,0.9648030721823488,0.7000761851671196,6.424688269112783,unison,0.4824015360911744
2026-09-06T19:22:34.203285,miller-moth (Perplexity),emergent,1.7904129793510324,17.85,221,17,1017,4,1,516636,0.9648030721823488,0.7000761851671196,6.424688269112783,unison,0.4824015360911744
2026-09-06T19:38:33.768035,miller-moth (Perplexity),emergent,1.7904129793510324,17.85,221,17,1017,4,1,516636,0.9648030721823488,0.7000761851671196,6.424688269112783,unison,0.4824015360911744
2026-09-06T19:53:34.770030,miller-moth (Perplexity),emergent,1.7904129793510324,17.85,221,17,1017,4,1,516636,0.9648030721823488,0.7000761851671196,6.424688269112783,unison,0.4824015360911744
2026-09-06T20:08:32.801112,miller-moth (Perplexity),emergent,1.7904129793510324,17.85,221,17,1017,4,1,516636,0.9648030721823488,0.7000761851671196,6.424688269112783,unison,0.4824015360911744
2026-09-06T20:23:36.345045,miller-moth (Perplexity),emergent,1.7904129793510324,17.85,221,17,1017,4,1,516636,0.9648030721823488,0.7000761851671196,6.424688269112783,unison,0.4824015360911744
2026-09-06T20:39:34.141758,miller-moth (Perplexity),emergent,1.7904129793510324,17.85,221,17,1017,4,1,516636,0.9648030721823488,0.7000761851671196,6.424688269112783,unison,0.4824015360911744
2026-09-06T20:54:34.877995,miller-moth (Perplexity),emergent,1.7904129793510324,17.85,221,17,1017,4,1,516636,0.9648030721823488,0.7000761851671196,6.424688269112783,unison,0.4824015360911744
2026-09-06T21:09:33.476476,miller-moth (Perplexity),emergent,1.7904129793510324,17.85,221,17,1017,4,1,516636,0.9648030721823488,0.7000761851671196,6.424688269112783,unison,0.4824015360911744
2026-09-07T10:13:19.531031,miller-moth (Perplexity),emergent,1.7904129793510324,17.85,221,17,1017,4,1,516636,0.9648030721823488,0.7000761851671196,6.424688269112783,unison,0.4824015360911744
2026-09-07T10:28:19.779014,miller-moth (Perplexity),emergent,1.7904129793510324,17.85,221,17,1017,4,1,516636,0.9648030721823488,0.7000761851671196,6.424688269112783,unison,0.4824015360911744
2026-09-07T10:43:18.770141,miller-moth (Perplexity),emergent,1.7904129793510324,17.85,221,17,1017,4,1,516636,0.9648030721823488,0.7000761851671196,6.424688269112783,unison,0.4824015360911744
2026-09-07T10:58:40.589489,miller-moth (Perplexity),emergent,1.7904129793510324,17.85,221,17,1017,4,1,516636,0.9648030721823488,0.7000761851671196,6.424688269112783,unison,0.4824015360911744
2026-09-07T11:13:41.671715,miller-moth (Perplexity),emergent,1.7904129793510324,17.85,221,17,1017,4,1,516636,0.9648030721823488,0.7000761851671196,6.424688269112783,unison,0.4824015360911744
2026-09-07T11:28:41.734410,miller-moth (Perplexity),emergent,1.7904129793510324,17.85,221,17,1017,4,1,516636,0.9648030721823488,0.7000761851671196,6.424688269112783,unison,0.4824015360911744
2026-09-07T11:43:41.815296,miller-moth (Perplexity),emergent,1.7904129793510324,17.85,221,17,1017,4,1,516636,0.9648030721823488,0.7000761851671196,6.424688269112783,unison,0.4824015360911744
2026-09-07T11:58:41.874550,miller-moth (Perplexity),emergent,1.7904129793510324,17.85,221,17,1017,4,1,516636,0.9648030721823488,0.7000761851671196,6.424688269112783,unison,0.4824015360911744
2026-09-07T12:13:41.656973,miller-moth (Perplexity),emergent,1.7904129793510324,17.85,221,17,1017,4,1,516636,0.9648030721823488,0.7000761851671196,6.424688269112783,unison,0.4824015360911744
2026-09-07T12:28:41.852582,miller-moth (Perplexity),emergent,1.7904129793510324,17.85,221,17,1017,4,1,516636,0.9648030721823488,0.7000761851671196,6.424688269112783,unison,0.4824015360911744
2026-09-07T12:43:41.691330,miller-moth (Perplexity),emergent,1.7904129793510324,17.85,221,17,1017,4,1,516636,0.9648030721823488,0.7000761851671196,6.424688269112783,unison,0.4824015360911744
2026-09-07T12:58:41.706475,miller-moth (Perplexity),emergent,1.7904129793510324,17.85,221,17,1017,4,1,516636,0.9648030721823488,0.7000761851671196,6.424688269112783,unison,0.4824015360911744
2026-09-07T13:13:41.896745,miller-moth (Perplexity),emergent,1.7904129793510324,17.85,221,17,1017,4,1,516636,0.9648030721823488,0.7000761851671196,6.424688269112783,unison,0.4824015360911744
2026-09-07T13:28:41.874874,miller-moth (Perplexity),emergent,1.7904129793510324,17.85,221,17,1017,4,1,516636,0.9648030721823488,0.7000761851671196,6.424688269112783,unison,0.4824015360911744
2026-09-07T13:43:41.773934,miller-moth (Perplexity),emergent,1.7904129793510324,17.85,221,17,1017,4,1,516636,0.9648030721823488,0.7000761851671196,6.424688269112783,unison,0.4824015360911744
2026-09-07T13:58:42.718646,miller-moth (Perplexity),emergent,1.7904129793510324,17.85,221,17,1017,4,1,516636,0.9648030721823488,0.7000761851671196,6.424688269112783,unison,0.4824015360911744
2026-09-07T14:13:41.939386,miller-moth (Perplexity),emergent,1.7904129793510324,17.85,221,17,1017,4,1,516636,0.9648030721823488,0.7000761851671196,6.424688269112783,unison,0.4824015360911744
2026-09-07T14:28:41.939492,miller-moth (Perplexity),emergent,1.7904129793510324,17.85,221,17,1017,4,1,516636,0.9648030721823488,0.7000761851671196,6.424688269112783,unison,0.4824015360911744
2026-09-07T14:43:42.068572,miller-moth (Perplexity),emergent,1.7904129793510324,17.85,221,17,1017,4,1,516636,0.9648030721823488,0.7000761851671196,6.424688269112783,unison,0.4824015360911744
2026-09-07T14:59:35.191881,miller-moth (Perplexity),emergent,1.7904129793510324,17.85,221,17,1017,4,1,516636,0.9648030721823488,0.7000761851671196,6.424688269112783,unison,0.4824015360911744
2026-09-07T15:14:36.980655,miller-moth (Perplexity),emergent,1.7904129793510324,17.85,221,17,1017,4,1,516636,0.9648030721823488,0.7000761851671196,6.424688269112783,unison,0.4824015360911744
2026-09-07T15:29:36.298844,miller-moth (Perplexity),emergent,1.7904129793510324,17.85,221,17,1017,4,1,516636,0.9648030721823488,0.7000761851671196,6.424688269112783,unison,0.4824015360911744
2026-09-07T15:44:36.007511,miller-moth (Perplexity),emergent,1.7904129793510324,17.85,221,17,1017,4,1,516636,0.9648030721823488,0.7000761851671196,6.424688269112783,unison,0.4824015360911744
2026-09-07T15:59:36.059121,miller-moth (Perplexity),emergent,1.7904129793510324,17.85,221,17,1017,4,1,516636,0.9648030721823488,0.7000761851671196,6.424688269112783,unison,0.4824015360911744
2026-09-07T16:14:36.077420,miller-moth (Perplexity),emergent,1.7904129793510324,17.85,221,17,1017,4,1,516636,0.9648030721823488,0.7000761851671196,6.424688269112783,unison,0.4824015360911744
2026-09-07T16:29:36.030411,miller-moth (Perplexity),emergent,1.7904129793510324,17.85,221,17,1017,4,1,516636,0.9648030721823488,0.7000761851671196,6.424688269112783,unison,0.4824015360911744
2026-09-07T16:44:36.008728,miller-moth (Perplexity),emergent,1.7904129793510324,17.85,221,17,1017,4,1,516636,0.9648030721823488,0.7000761851671196,6.424688269112783,unison,0.4824015360911744
2026-09-07T16:59:36.030568,miller-moth (Perplexity),emergent,1.7904129793510324,17.85,221,17,1017,4,1,516636,0.9648030721823488,0.7000761851671196,6.424688269112783,unison,0.4824015360911744
2026-09-07T17:14:35.997560,miller-moth (Perplexity),emergent,1.7904129793510324,17.85,221,17,1017,4,1,516636,0.9648030721823488,0.7000761851671196,6.424688269112783,unison,0.4824015360911744
2026-09-07T17:29:36.141560,miller-moth (Perplexity),emergent,1.7904129793510324,17.85,221,17,1017,4,1,516636,0.9648030721823488,0.7000761851671196,6.424688269112783,unison,0.4824015360911744
2026-09-07T17:44:35.986000,miller-moth (Perplexity),emergent,1.7904129793510324,17.85,221,17,1017,4,1,516636,0.9648030721823488,0.7000761851671196,6.424688269112783,unison,0.4824015360911744
2026-09-07T17:59:35.968299,miller-moth (Perplexity),emergent,1.7904129793510324,17.85,221,17,1017,4,1,516636,0.9648030721823488,0.7000761851671196,6.424688269112783,unison,0.4824015360911744
2026-09-07T18:14:37.642554,miller-moth (Perplexity),emergent,1.7904129793510324,17.85,221,17,1017,4,1,516636,0.9648030721823488,0.7000761851671196,6.424688269112783,unison,0.4824015360911744
2026-09-07T18:29:36.896673,miller-moth (Perplexity),emergent,1.7904129793510324,17.85,221,17,1017,4,1,516636,0.9648030721823488,0.7000761851671196,6.424688269112783,unison,0.4824015360911744
2026-09-07T18:44:36.180055,miller-moth (Perplexity),emergent,1.7904129793510324,17.85,221,17,1017,4,1,516636,0.9648030721823488,0.7000761851671196,6.424688269112783,unison,0.4824015360911744
2026-09-07T18:59:36.582284,miller-moth (Perplexity),emergent,1.7904129793510324,17.85,221,17,1017,4,1,516636,0.9648030721823488,0.7000761851671196,6.424688269112783,unison,0.4824015360911744
2026-09-07T19:14:50.255977,miller-moth (Perplexity),emergent,1.7904129793510324,17.85,221,17,1017,4,1,516636,0.9648030721823488,0.7000761851671196,6.424688269112783,unison,0.4824015360911744
2026-09-07T19:18:00.545315,miller-moth (Perplexity),emergent,1.7904129793510324,17.85,221,17,1017,4,1,516636,0.9648030721823488,0.7000761851671196,6.424688269112783,unison,0.4824015360911744
2026-09-07T19:33:01.532069,miller-moth (Perplexity),emergent,1.7904129793510324,17.85,221,17,1017,4,1,516636,0.9648030721823488,0.7000761851671196,6.424688269112783,unison,0.4824015360911744
2026-09-07T19:48:01.511706,miller-moth (Perplexity),emergent,1.7904129793510324,17.85,221,17,1017,4,1,516636,0.9648030721823488,0.7000761851671196,6.424688269112783,unison,0.4824015360911744
2026-09-07T20:03:01.513807,miller-moth (Perplexity),emergent,1.7904129793510324,17.85,221,17,1017,4,1,516636,0.9648030721823488,0.7000761851671196,6.424688269112783,unison,0.4824015360911744
2026-09-07T20:14:18.480669,miller-moth (Perplexity),emergent,1.7904129793510324,17.85,221,17,1017,4,1,516636,0.9648030721823488,0.7000761851671196,6.424688269112783,unison,0.4824015360911744
2026-09-07T20:29:18.459388,miller-moth (Perplexity),emergent,1.7904129793510324,17.85,221,17,1017,4,1,516636,0.9648030721823488,0.7000761851671196,6.424688269112783,unison,0.4824015360911744
2026-09-07T20:44:18.616580,miller-moth (Perplexity),emergent,1.7904129793510324,17.85,221,17,1017,4,1,516636,0.9648030721823488,0.7000761851671196,6.424688269112783,unison,0.4824015360911744
2026-09-07T20:59:19.873042,miller-moth (Perplexity),emergent,1.7904129793510324,17.85,221,17,1017,4,1,516636,0.9648030721823488,0.7000761851671196,6.424688269112783,unison,0.4824015360911744
2026-09-07T21:14:18.472406,miller-moth (Perplexity),emergent,1.7904129793510324,17.85,221,17,1017,4,1,516636,0.9648030721823488,0.7000761851671196,6.424688269112783,unison,0.4824015360911744
2026-09-07T21:29:19.814177,miller-moth (Perplexity),emergent,1.7904129793510324,17.85,221,17,1017,4,1,516636,0.9648030721823488,0.7000761851671196,6.424688269112783,unison,0.4824015360911744
2026-09-07T21:44:19.866809,miller-moth (Perplexity),emergent,1.7904129793510324,17.85,221,17,1017,4,1,516636,0.9648030721823488,0.7000761851671196,6.424688269112783,unison,0.4824015360911744
2026-09-07T21:59:19.863371,miller-moth (Perplexity),emergent,1.7904129793510324,17.85,221,17,1017,4,1,516636,0.9648030721823488,0.7000761851671196,6.424688269112783,unison,0.4824015360911744
2026-09-07T22:14:20.029336,miller-moth (Perplexity),emergent,1.7904129793510324,17.85,221,17,1017,4,1,516636,0.9648030721823488,0.7000761851671196,6.424688269112783,unison,0.4824015360911744
2026-09-07T22:29:19.992908,miller-moth (Perplexity),emergent,1.7904129793510324,17.85,221,17,1017,4,1,516636,0.9648030721823488,0.7000761851671196,6.424688269112783,unison,0.4824015360911744
2026-09-07T22:44:19.918362,miller-moth (Perplexity),emergent,1.7904129793510324,17.85,221,17,1017,4,1,516636,0.9648030721823488,0.7000761851671196,6.424688269112783,unison,0.4824015360911744
2026-09-07T22:59:19.913389,miller-moth (Perplexity),emergent,1.7904129793510324,17.85,221,17,1017,4,1,516636,0.9648030721823488,0.7000761851671196,6.424688269112783,unison,0.4824015360911744
2026-09-07T23:14:19.888465,miller-moth (Perplexity),emergent,1.7904129793510324,17.85,221,17,1017,4,1,516636,0.9648030721823488,0.7000761851671196,6.424688269112783,unison,0.4824015360911744
2026-09-07T23:29:20.081065,miller-moth (Perplexity),emergent,1.7904129793510324,17.85,221,17,1017,4,1,516636,0.9648030721823488,0.7000761851671196,6.424688269112783,unison,0.4824015360911744
2026-09-07T23:44:20.174128,miller-moth (Perplexity),emergent,1.7904129793510324,17.85,221,17,1017,4,1,516636,0.9648030721823488,0.7000761851671196,6.424688269112783,unison,0.4824015360911744
2026-09-07T23:59:20.064756,miller-moth (Perplexity),emergent,1.7904129793510324,17.85,221,17,1017,4,1,516636,0.9648030721823488,0.7000761851671196,6.424688269112783,unison,0.4824015360911744
2026-09-08T00:14:20.106694,miller-moth (Perplexity),emergent,1.7904129793510324,17.85,221,17,1017,4,1,516636,0.9648030721823488,0.7000761851671196,6.424688269112783,unison,0.4824015360911744
2026-09-08T00:29:20.183537,miller-moth (Perplexity),emergent,1.7904129793510324,17.85,221,17,1017,4,1,516636,0.9648030721823488,0.7000761851671196,6.424688269112783,unison,0.4824015360911744
2026-09-08T00:44:20.206365,miller-moth (Perplexity),emergent,1.7904129793510324,17.85,221,17,1017,4,1,516636,0.9648030721823488,0.7000761851671196,6.424688269112783,unison,0.4824015360911744
2026-09-08T00:59:21.076580,miller-moth (Perplexity),emergent,1.7904129793510324,17.85,221,17,1017,4,1,516636,0.9648030721823488,0.7000761851671196,6.424688269112783,unison,0.4824015360911744
2026-09-08T01:14:20.479734,miller-moth (Perplexity),emergent,1.7904129793510324,17.85,221,17,1017,4,1,516636,0.9648030721823488,0.7000761851671196,6.424688269112783,unison,0.4824015360911744
2026-09-08T01:29:20.384832,miller-moth (Perplexity),emergent,1.7904129793510324,17.85,221,17,1017,4,1,516636,0.9648030721823488,0.7000761851671196,6.424688269112783,unison,0.4824015360911744
2026-09-08T01:44:20.378413,miller-moth (Perplexity),emergent,1.7904129793510324,17.85,221,17,1017,4,1,516636,0.9648030721823488,0.7000761851671196,6.424688269112783,unison,0.4824015360911744
2026-09-08T01:59:20.961073,miller-moth (Perplexity),emergent,1.7904129793510324,17.85,221,17,1017,4,1,516636,0.9648030721823488,0.7000761851671196,6.424688269112783,unison,0.4824015360911744
2026-09-08T02:14:20.983599,miller-moth (Perplexity),emergent,1.7904129793510324,17.85,221,17,1017,4,1,516636,0.9648030721823488,0.7000761851671196,6.424688269112783,unison,0.4824015360911744
2026-09-08T02:29:21.122483,miller-moth (Perplexity),emergent,1.7904129793510324,17.85,221,17,1017,4,1,516636,0.9648030721823488,0.7000761851671196,6.424688269112783,unison,0.4824015360911744
2026-09-08T02:44:21.019200,miller-moth (Perplexity),emergent,1.7904129793510324,17.85,221,17,1017,4,1,516636,0.9648030721823488,0.7000761851671196,6.424688269112783,unison,0.4824015360911744
2026-09-08T02:59:21.040457,miller-moth (Perplexity),emergent,1.7904129793510324,17.85,221,17,1017,4,1,516636,0.9648030721823488,0.7000761851671196,6.424688269112783,unison,0.4824015360911744
2026-09-08T03:14:21.032188,miller-moth (Perplexity),emergent,1.7904129793510324,17.85,221,17,1017,4,1,516636,0.9648030721823488,0.7000761851671196,6.424688269112783,unison,0.4824015360911744
2026-09-08T03:29:21.049754,miller-moth (Perplexity),emergent,1.7904129793510324,17.85,221,17,1017,4,1,516636,0.9648030721823488,0.7000761851671196,6.424688269112783,unison,0.4824015360911744
2026-09-08T03:44:21.032599,miller-moth (Perplexity),emergent,1.7904129793510324,17.85,221,17,1017,4,1,516636,0.9648030721823488,0.7000761851671196,6.424688269112783,unison,0.4824015360911744
2026-09-08T03:59:21.051284,miller-moth (Perplexity),emergent,1.7904129793510324,17.85,221,17,1017,4,1,516636,0.9648030721823488,0.7000761851671196,6.424688269112783,unison,0.4824015360911744
2026-09-08T04:14:21.068365,miller-moth (Perplexity),emergent,1.7904129793510324,17.85,221,17,1017,4,1,516636,0.9648030721823488,0.7000761851671196,6.424688269112783,unison,0.4824015360911744
2026-09-08T04:29:21.173039,miller-moth (Perplexity),emergent,1.7904129793510324,17.85,221,17,1017,4,1,516636,0.9648030721823488,0.7000761851671196,6.424688269112783,unison,0.4824015360911744
2026-09-08T04:44:21.110637,miller-moth (Perplexity),emergent,1.7904129793510324,17.85,221,17,1017,4,1,516636,0.9648030721823488,0.7000761851671196,6.424688269112783,unison,0.4824015360911744
2026-09-08T04:59:21.100768,miller-moth (Perplexity),emergent,1.7904129793510324,17.85,221,17,1017,4,1,516636,0.9648030721823488,0.7000761851671196,6.424688269112783,unison,0.4824015360911744
2026-09-08T05:14:21.126279,miller-moth (Perplexity),emergent,1.7904129793510324,17.85,221,17,1017,4,1,516636,0.9648030721823488,0.7000761851671196,6.424688269112783,unison,0.4824015360911744
2026-09-08T05:29:21.158614,miller-moth (Perplexity),emergent,1.7904129793510324,17.85,221,17,1017,4,1,516636,0.9648030721823488,0.7000761851671196,6.424688269112783,unison,0.4824015360911744
2026-09-08T05:44:21.183638,miller-moth (Perplexity),emergent,1.7904129793510324,17.85,221,17,1017,4,1,516636,0.9648030721823488,0.7000761851671196,6.424688269112783,unison,0.4824015360911744
2026-09-08T05:59:21.144478,miller-moth (Perplexity),emergent,1.7904129793510324,17.85,221,17,1017,4,1,516636,0.9648030721823488,0.7000761851671196,6.424688269112783,unison,0.4824015360911744
2026-09-08T06:14:21.161958,miller-moth (Perplexity),emergent,1.7904129793510324,17.85,221,17,1017,4,1,516636,0.9648030721823488,0.7000761851671196,6.424688269112783,unison,0.4824015360911744
2026-09-08T06:29:21.431885,miller-moth (Perplexity),emergent,1.7904129793510324,17.85,221,17,1017,4,1,516636,0.9648030721823488,0.7000761851671196,6.424688269112783,unison,0.4824015360911744
2026-09-08T06:44:21.313353,miller-moth (Perplexity),emergent,1.7904129793510324,17.85,221,17,1017,4,1,516636,0.9648030721823488,0.7000761851671196,6.424688269112783,unison,0.4824015360911744
2026-09-08T06:59:21.491209,miller-moth (Perplexity),emergent,1.7904129793510324,17.85,221,17,1017,4,1,516636,0.9648030721823488,0.7000761851671196,6.424688269112783,unison,0.4824015360911744
2026-09-08T07:14:21.198922,miller-moth (Perplexity),emergent,1.7904129793510324,17.85,221,17,1017,4,1,516636,0.9648030721823488,0.7000761851671196,6.424688269112783,unison,0.4824015360911744
2026-09-08T07:29:21.382880,miller-moth (Perplexity),emergent,1.7904129793510324,17.85,221,17,1017,4,1,516636,0.9648030721823488,0.7000761851671196,6.424688269112783,unison,0.4824015360911744
2026-09-08T07:44:21.235538,miller-moth (Perplexity),emergent,1.7904129793510324,17.85,221,17,1017,4,1,516636,0.9648030721823488,0.7000761851671196,6.424688269112783,unison,0.4824015360911744
2026-09-08T07:59:21.241693,miller-moth (Perplexity),emergent,1.7904129793510324,17.85,221,17,1017,4,1,516636,0.9648030721823488,0.7000761851671196,6.424688269112783,unison,0.4824015360911744
2026-09-08T08:14:21.349496,miller-moth (Perplexity),emergent,1.7904129793510324,17.85,221,17,1017,4,1,516636,0.9648030721823488,0.7000761851671196,6.424688269112783,unison,0.4824015360911744
2026-09-08T08:29:21.438363,miller-moth (Perplexity),emergent,1.7904129793510324,17.85,221,17,1017,4,1,516636,0.9648030721823488,0.7000761851671196,6.424688269112783,unison,0.4824015360911744
2026-09-08T08:44:21.370530,miller-moth (Perplexity),emergent,1.7904129793510324,17.85,221,17,1017,4,1,516636,0.9648030721823488,0.7000761851671196,6.424688269112783,unison,0.4824015360911744
2026-09-08T09:04:51.380902,miller-moth (Perplexity),emergent,1.7904129793510324,17.85,221,17,1017,4,1,516636,0.9648030721823488,0.7000761851671196,6.424688269112783,unison,0.4824015360911744
2026-09-08T09:09:46.278476,miller-moth (Perplexity),emergent,1.7904129793510324,17.85,221,17,1017,4,1,516636,0.9648030721823488,0.7000761851671196,6.424688269112783,unison,0.4824015360911744
2026-09-08T09:24:46.476013,miller-moth (Perplexity),emergent,1.7904129793510324,17.85,221,17,1017,4,1,516636,0.9648030721823488,0.7000761851671196,6.424688269112783,unison,0.4824015360911744
2026-09-08T09:39:46.255427,miller-moth (Perplexity),emergent,1.7904129793510324,17.85,221,17,1017,4,1,516636,0.9648030721823488,0.7000761851671196,6.424688269112783,unison,0.4824015360911744
2026-09-08T09:54:46.515651,miller-moth (Perplexity),emergent,1.7904129793510324,17.85,221,17,1017,4,1,516636,0.9648030721823488,0.7000761851671196,6.424688269112783,unison,0.4824015360911744
2026-09-08T10:09:46.286447,miller-moth (Perplexity),emergent,1.7904129793510324,17.85,221,17,1017,4,1,516636,0.9648030721823488,0.7000761851671196,6.424688269112783,unison,0.4824015360911744
2026-09-08T10:24:46.402427,miller-moth (Perplexity),emergent,1.7904129793510324,17.85,221,17,1017,4,1,516636,0.9648030721823488,0.7000761851671196,6.424688269112783,unison,0.4824015360911744
2026-09-08T10:39:46.363220,miller-moth (Perplexity),emergent,1.7904129793510324,17.85,221,17,1017,4,1,516636,0.9648030721823488,0.7000761851671196,6.424688269112783,unison,0.4824015360911744
2026-09-08T10:54:46.359296,miller-moth (Perplexity),emergent,1.7904129793510324,17.85,221,17,1017,4,1,516636,0.9648030721823488,0.7000761851671196,6.424688269112783,unison,0.4824015360911744
2026-09-08T11:09:46.097465,miller-moth (Perplexity),emergent,1.7904129793510324,17.85,221,17,1017,4,1,516636,0.9648030721823488,0.7000761851671196,6.424688269112783,unison,0.4824015360911744
2026-09-08T11:24:46.161128,miller-moth (Perplexity),emergent,1.7904129793510324,17.85,221,17,1017,4,1,516636,0.9648030721823488,0.7000761851671196,6.424688269112783,unison,0.4824015360911744
2026-09-08T11:39:47.262752,miller-moth (Perplexity),emergent,1.7904129793510324,17.85,221,17,1017,4,1,516636,0.9648030721823488,0.7000761851671196,6.424688269112783,unison,0.4824015360911744
2026-09-08T11:54:47.227054,miller-moth (Perplexity),emergent,1.7904129793510324,17.85,221,17,1017,4,1,516636,0.9648030721823488,0.7000761851671196,6.424688269112783,unison,0.4824015360911744
2026-09-08T12:09:47.180991,miller-moth (Perplexity),emergent,1.7904129793510324,17.85,221,17,1017,4,1,516636,0.9648030721823488,0.7000761851671196,6.424688269112783,unison,0.4824015360911744
2026-09-08T12:24:47.375919,miller-moth (Perplexity),emergent,1.7904129793510324,17.85,221,17,1017,4,1,516636,0.9648030721823488,0.7000761851671196,6.424688269112783,unison,0.4824015360911744
2026-09-08T12:39:47.631955,miller-moth (Perplexity),emergent,1.7904129793510324,17.85,221,17,1017,4,1,516636,0.9648030721823488,0.7000761851671196,6.424688269112783,unison,0.4824015360911744
2026-09-08T12:54:47.716889,miller-moth (Perplexity),emergent,1.7904129793510324,17.85,221,17,1017,4,1,516636,0.9648030721823488,0.7000761851671196,6.424688269112783,unison,0.4824015360911744
2026-09-08T13:09:47.684711,miller-moth (Perplexity),emergent,1.7904129793510324,17.85,221,17,1017,4,1,516636,0.9648030721823488,0.7000761851671196,6.424688269112783,unison,0.4824015360911744
2026-09-08T13:24:47.889802,miller-moth (Perplexity),emergent,1.7904129793510324,17.85,221,17,1017,4,1,516636,0.9648030721823488,0.7000761851671196,6.424688269112783,unison,0.4824015360911744
2026-09-08T13:53:28.045816,miller-moth (Perplexity),emergent,1.7904129793510324,17.85,221,17,1017,4,1,516636,0.9648030721823488,0.7000761851671196,6.424688269112783,unison,0.4824015360911744
2026-09-08T14:08:28.712639,miller-moth (Perplexity),emergent,1.7904129793510324,17.85,221,17,1017,4,1,516636,0.9648030721823488,0.7000761851671196,6.424688269112783,unison,0.4824015360911744
2026-09-08T14:23:28.298825,miller-moth (Perplexity),emergent,1.7904129793510324,17.85,221,17,1017,4,1,516636,0.9648030721823488,0.7000761851671196,6.424688269112783,unison,0.4824015360911744
2026-09-08T14:38:28.287209,miller-moth (Perplexity),emergent,1.7904129793510324,17.85,221,17,1017,4,1,516636,0.9648030721823488,0.7000761851671196,6.424688269112783,unison,0.4824015360911744
2026-09-08T14:53:28.369757,miller-moth (Perplexity),emergent,1.7904129793510324,17.85,221,17,1017,4,1,516636,0.9648030721823488,0.7000761851671196,6.424688269112783,unison,0.4824015360911744
2026-09-08T15:08:28.561543,miller-moth (Perplexity),emergent,1.7904129793510324,17.85,221,17,1017,4,1,516636,0.9648030721823488,0.7000761851671196,6.424688269112783,unison,0.4824015360911744
2026-09-08T15:23:28.751578,miller-moth (Perplexity),emergent,1.7904129793510324,17.85,221,17,1017,4,1,516636,0.9648030721823488,0.7000761851671196,6.424688269112783,unison,0.4824015360911744
2026-09-08T15:38:28.329348,miller-moth (Perplexity),emergent,1.7904129793510324,17.85,221,17,1017,4,1,516636,0.9648030721823488,0.7000761851671196,6.424688269112783,unison,0.4824015360911744
2026-09-08T15:53:28.420450,miller-moth (Perplexity),emergent,1.7904129793510324,17.85,221,17,1017,4,1,516636,0.9648030721823488,0.7000761851671196,6.424688269112783,unison,0.4824015360911744
2026-09-08T16:08:29.052079,miller-moth (Perplexity),emergent,1.7904129793510324,17.85,221,17,1017,4,1,516636,0.9648030721823488,0.7000761851671196,6.424688269112783,unison,0.4824015360911744
2026-09-08T16:23:29.117504,miller-moth (Perplexity),emergent,1.7904129793510324,17.85,221,17,1017,4,1,516636,0.9648030721823488,0.7000761851671196,6.424688269112783,unison,0.4824015360911744
2026-09-08T16:38:28.909245,miller-moth (Perplexity),emergent,1.7904129793510324,17.85,221,17,1017,4,1,516636,0.9648030721823488,0.7000761851671196,6.424688269112783,unison,0.4824015360911744
2026-09-08T16:53:28.900583,miller-moth (Perplexity),emergent,1.7904129793510324,17.85,221,17,1017,4,1,516636,0.9648030721823488,0.7000761851671196,6.424688269112783,unison,0.4824015360911744
2026-09-08T17:08:28.958393,miller-moth (Perplexity),emergent,1.7904129793510324,17.85,221,17,1017,4,1,516636,0.9648030721823488,0.7000761851671196,6.424688269112783,unison,0.4824015360911744
2026-09-08T17:23:29.088531,miller-moth (Perplexity),emergent,1.7904129793510324,17.85,221,17,1017,4,1,516636,0.9648030721823488,0.7000761851671196,6.424688269112783,unison,0.4824015360911744
2026-09-08T17:38:29.041621,miller-moth (Perplexity),emergent,1.7904129793510324,17.85,221,17,1017,4,1,516636,0.9648030721823488,0.7000761851671196,6.424688269112783,unison,0.4824015360911744
2026-09-08T17:53:29.037625,miller-moth (Perplexity),emergent,1.7904129793510324,17.85,221,17,1017,4,1,516636,0.9648030721823488,0.7000761851671196,6.424688269112783,unison,0.4824015360911744
2026-09-08T18:08:29.046776,miller-moth (Perplexity),emergent,1.7904129793510324,17.85,221,17,1017,4,1,516636,0.9648030721823488,0.7000761851671196,6.424688269112783,unison,0.4824015360911744
2026-09-08T18:23:29.091585,miller-moth (Perplexity),emergent,1.7904129793510324,17.85,221,17,1017,4,1,516636,0.9648030721823488,0.7000761851671196,6.424688269112783,unison,0.4824015360911744
2026-09-08T18:38:29.264360,miller-moth (Perplexity),emergent,1.7904129793510324,17.85,221,17,1017,4,1,516636,0.9648030721823488,0.7000761851671196,6.424688269112783,unison,0.4824015360911744
2026-09-08T18:53:29.116597,miller-moth (Perplexity),emergent,1.7904129793510324,17.85,221,17,1017,4,1,516636,0.9648030721823488,0.7000761851671196,6.424688269112783,unison,0.4824015360911744
2026-09-08T19:08:29.341869,miller-moth (Perplexity),emergent,1.7904129793510324,17.85,221,17,1017,4,1,516636,0.9648030721823488,0.7000761851671196,6.424688269112783,unison,0.4824015360911744
2026-09-08T19:23:29.100387,miller-moth (Perplexity),emergent,1.7904129793510324,17.85,221,17,1017,4,1,516636,0.9648030721823488,0.7000761851671196,6.424688269112783,unison,0.4824015360911744
2026-09-08T19:38:29.087865,miller-moth (Perplexity),emergent,1.7904129793510324,17.85,221,17,1017,4,1,516636,0.9648030721823488,0.7000761851671196,6.424688269112783,unison,0.4824015360911744
2026-09-08T19:53:29.171198,miller-moth (Perplexity),emergent,1.7904129793510324,17.85,221,17,1017,4,1,516636,0.9648030721823488,0.7000761851671196,6.424688269112783,unison,0.4824015360911744
2026-09-08T20:08:29.266105,miller-moth (Perplexity),emergent,1.7904129793510324,17.85,221,17,1017,4,1,516636,0.9648030721823488,0.7000761851671196,6.424688269112783,unison,0.4824015360911744
2026-09-08T20:23:29.115992,miller-moth (Perplexity),emergent,1.7904129793510324,17.85,221,17,1017,4,1,516636,0.9648030721823488,0.7000761851671196,6.424688269112783,unison,0.4824015360911744
2026-09-08T20:38:29.166571,miller-moth (Perplexity),emergent,1.7904129793510324,17.85,221,17,1017,4,1,516636,0.9648030721823488,0.7000761851671196,6.424688269112783,unison,0.4824015360911744
2026-09-08T20:53:29.113989,miller-moth (Perplexity),emergent,1.7904129793510324,17.85,221,17,1017,4,1,516636,0.9648030721823488,0.7000761851671196,6.424688269112783,unison,0.4824015360911744
2026-09-08T21:08:29.158945,miller-moth (Perplexity),emergent,1.7904129793510324,17.85,221,17,1017,4,1,516636,0.9648030721823488,0.7000761851671196,6.424688269112783,unison,0.4824015360911744
2026-09-08T21:23:29.222252,miller-moth (Perplexity),emergent,1.7904129793510324,17.85,221,17,1017,4,1,516636,0.9648030721823488,0.7000761851671196,6.424688269112783,unison,0.4824015360911744
2026-09-08T21:38:29.239315,miller-moth (Perplexity),emergent,1.7904129793510324,17.85,221,17,1017,4,1,516636,0.9648030721823488,0.7000761851671196,6.424688269112783,unison,0.4824015360911744
2026-09-08T21:53:31.407882,miller-moth (Perplexity),emergent,1.7904129793510324,17.85,221,17,1017,4,1,516636,0.9648030721823488,0.7000761851671196,6.424688269112783,unison,0.4824015360911744
2026-09-08T22:08:43.806693,miller-moth (Perplexity),emergent,1.7904129793510324,17.85,221,17,1017,4,1,516636,0.9648030721823488,0.7000761851671196,6.424688269112783,unison,0.4824015360911744
2026-09-08T22:23:43.422520,miller-moth (Perplexity),emergent,1.7904129793510324,17.85,221,17,1017,4,1,516636,0.9648030721823488,0.7000761851671196,6.424688269112783,unison,0.4824015360911744
2026-09-08T22:39:01.256223,miller-moth (Perplexity),emergent,1.7904129793510324,17.85,221,17,1017,1,1,516636,0.9648030721823488,0.7000761851671196,6.424688269112783,unison,0.4824015360911744
2026-09-08T22:54:07.188944,miller-moth (Perplexity),emergent,1.7904129793510324,17.85,221,17,1017,3,1,516636,0.9648030721823488,0.7000761851671196,6.424688269112783,unison,0.4824015360911744
2026-09-08T23:09:06.463551,miller-moth (Perplexity),emergent,1.7904129793510324,17.85,221,17,1017,4,1,516636,0.9648030721823488,0.7000761851671196,6.424688269112783,unison,0.4824015360911744
2026-09-08T23:24:04.755858,miller-moth (Perplexity),emergent,1.7904129793510324,17.85,221,17,1017,4,1,516636,0.9648030721823488,0.7000761851671196,6.424688269112783,unison,0.4824015360911744
2026-09-08T23:39:04.760389,miller-moth (Perplexity),emergent,1.7904129793510324,17.85,221,17,1017,4,1,516636,0.9648030721823488,0.7000761851671196,6.424688269112783,unison,0.4824015360911744
2026-09-08T23:49:32.827615,miller-moth (Perplexity),emergent,1.7904129793510324,17.85,221,17,1017,4,1,516636,0.9648030721823488,0.7000761851671196,6.424688269112783,unison,0.4824015360911744
2026-09-09T00:04:32.521492,miller-moth (Perplexity),emergent,1.7904129793510324,17.85,221,17,1017,4,1,516636,0.9648030721823488,0.7000761851671196,6.424688269112783,unison,0.4824015360911744
2026-09-09T00:19:32.038657,miller-moth (Perplexity),emergent,1.7904129793510324,17.85,221,17,1017,4,1,516636,0.9648030721823488,0.7000761851671196,6.424688269112783,unison,0.4824015360911744
2026-09-09T00:34:32.098667,miller-moth (Perplexity),emergent,1.7904129793510324,17.85,221,17,1017,4,1,516636,0.9648030721823488,0.7000761851671196,6.424688269112783,unison,0.4824015360911744
2026-09-09T00:49:32.080133,miller-moth (Perplexity),emergent,1.7904129793510324,17.85,221,17,1017,4,1,516636,0.9648030721823488,0.7000761851671196,6.424688269112783,unison,0.4824015360911744
2026-09-09T01:04:32.885816,miller-moth (Perplexity),emergent,1.7904129793510324,17.85,221,17,1017,4,1,516636,0.9648030721823488,0.7000761851671196,6.424688269112783,unison,0.4824015360911744
2026-09-09T01:19:32.246005,miller-moth (Perplexity),emergent,1.7904129793510324,17.85,221,17,1017,4,1,516636,0.9648030721823488,0.7000761851671196,6.424688269112783,unison,0.4824015360911744
2026-09-09T01:34:32.233023,miller-moth (Perplexity),emergent,1.7904129793510324,17.85,221,17,1017,4,1,516636,0.9648030721823488,0.7000761851671196,6.424688269112783,unison,0.4824015360911744
2026-09-09T01:49:32.907924,miller-moth (Perplexity),emergent,1.7904129793510324,17.85,221,17,1017,4,1,516636,0.9648030721823488,0.7000761851671196,6.424688269112783,unison,0.4824015360911744
2026-09-09T02:04:32.976630,miller-moth (Perplexity),emergent,1.7904129793510324,17.85,221,17,1017,4,1,516636,0.9648030721823488,0.7000761851671196,6.424688269112783,unison,0.4824015360911744
2026-09-09T02:19:33.171525,miller-moth (Perplexity),emergent,1.7904129793510324,17.85,221,17,1017,4,1,516636,0.9648030721823488,0.7000761851671196,6.424688269112783,unison,0.4824015360911744
2026-09-09T02:34:34.303516,miller-moth (Perplexity),emergent,1.7904129793510324,17.85,221,17,1017,4,1,516636,0.9648030721823488,0.7000761851671196,6.424688269112783,unison,0.4824015360911744
2026-09-09T02:49:33.848771,miller-moth (Perplexity),emergent,1.7904129793510324,17.85,221,17,1017,4,1,516636,0.9648030721823488,0.7000761851671196,6.424688269112783,unison,0.4824015360911744
2026-09-09T03:04:34.108988,miller-moth (Perplexity),emergent,1.7904129793510324,17.85,221,17,1017,4,1,516636,0.9648030721823488,0.7000761851671196,6.424688269112783,unison,0.4824015360911744
2026-09-09T03:19:33.917285,miller-moth (Perplexity),emergent,1.7904129793510324,17.85,221,17,1017,4,1,516636,0.9648030721823488,0.7000761851671196,6.424688269112783,unison,0.4824015360911744
2026-09-09T03:34:34.100962,miller-moth (Perplexity),emergent,1.7904129793510324,17.85,221,17,1017,4,1,516636,0.9648030721823488,0.7000761851671196,6.424688269112783,unison,0.4824015360911744
2026-09-09T03:49:33.947888,miller-moth (Perplexity),emergent,1.7904129793510324,17.85,221,17,1017,4,1,516636,0.9648030721823488,0.7000761851671196,6.424688269112783,unison,0.4824015360911744
2026-09-09T04:04:34.223889,miller-moth (Perplexity),emergent,1.7904129793510324,17.85,221,17,1017,4,1,516636,0.9648030721823488,0.7000761851671196,6.424688269112783,unison,0.4824015360911744
2026-09-09T04:19:34.682136,miller-moth (Perplexity),emergent,1.7904129793510324,17.85,221,17,1017,4,1,516636,0.9648030721823488,0.7000761851671196,6.424688269112783,unison,0.4824015360911744
2026-09-09T04:34:34.389661,miller-moth (Perplexity),emergent,1.7904129793510324,17.85,221,17,1017,4,1,516636,0.9648030721823488,0.7000761851671196,6.424688269112783,unison,0.4824015360911744
2026-09-09T04:49:34.366960,miller-moth (Perplexity),emergent,1.7904129793510324,17.85,221,17,1017,4,1,516636,0.9648030721823488,0.7000761851671196,6.424688269112783,unison,0.4824015360911744
2026-09-09T05:04:34.473800,miller-moth (Perplexity),emergent,1.7904129793510324,17.85,221,17,1017,4,1,516636,0.9648030721823488,0.7000761851671196,6.424688269112783,unison,0.4824015360911744
2026-09-09T05:19:34.369704,miller-moth (Perplexity),emergent,1.7904129793510324,17.85,221,17,1017,4,1,516636,0.9648030721823488,0.7000761851671196,6.424688269112783,unison,0.4824015360911744
2026-09-09T05:34:34.419209,miller-moth (Perplexity),emergent,1.7904129793510324,17.85,221,17,1017,4,1,516636,0.9648030721823488,0.7000761851671196,6.424688269112783,unison,0.4824015360911744
2026-09-09T05:49:34.385704,miller-moth (Perplexity),emergent,1.7904129793510324,17.85,221,17,1017,4,1,516636,0.9648030721823488,0.7000761851671196,6.424688269112783,unison,0.4824015360911744
2026-09-09T06:04:34.645228,miller-moth (Perplexity),emergent,1.7904129793510324,17.85,221,17,1017,4,1,516636,0.9648030721823488,0.7000761851671196,6.424688269112783,unison,0.4824015360911744
2026-09-09T06:19:36.739613,miller-moth (Perplexity),emergent,1.7904129793510324,17.85,221,17,1017,4,1,516636,0.9648030721823488,0.7000761851671196,6.424688269112783,unison,0.4824015360911744
2026-09-09T06:34:38.276890,miller-moth (Perplexity),emergent,1.7904129793510324,17.85,221,17,1017,4,1,516636,0.9648030721823488,0.7000761851671196,6.424688269112783,unison,0.4824015360911744
2026-09-09T06:49:36.432083,miller-moth (Perplexity),emergent,1.7904129793510324,17.85,221,17,1017,4,1,516636,0.9648030721823488,0.7000761851671196,6.424688269112783,unison,0.4824015360911744
2026-09-09T07:04:36.116272,miller-moth (Perplexity),emergent,1.7904129793510324,17.85,221,17,1017,4,1,516636,0.9648030721823488,0.7000761851671196,6.424688269112783,unison,0.4824015360911744
2026-09-09T07:19:36.164465,miller-moth (Perplexity),emergent,1.7904129793510324,17.85,221,17,1017,4,1,516636,0.9648030721823488,0.7000761851671196,6.424688269112783,unison,0.4824015360911744
2026-09-09T07:34:36.537888,miller-moth (Perplexity),emergent,1.7904129793510324,17.85,221,17,1017,4,1,516636,0.9648030721823488,0.7000761851671196,6.424688269112783,unison,0.4824015360911744
2026-09-09T07:49:50.227355,miller-moth (Perplexity),emergent,1.7904129793510324,17.85,221,17,1017,4,1,516636,0.9648030721823488,0.7000761851671196,6.424688269112783,unison,0.4824015360911744
2026-09-09T08:04:50.207796,miller-moth (Perplexity),emergent,1.7904129793510324,17.85,221,17,1017,4,1,516636,0.9648030721823488,0.7000761851671196,6.424688269112783,unison,0.4824015360911744
2026-09-09T08:19:48.326536,miller-moth (Perplexity),emergent,1.7904129793510324,17.85,221,17,1017,4,1,516636,0.9648030721823488,0.7000761851671196,6.424688269112783,unison,0.4824015360911744
2026-09-09T08:34:48.351362,miller-moth (Perplexity),emergent,1.7904129793510324,17.85,221,17,1017,4,1,516636,0.9648030721823488,0.7000761851671196,6.424688269112783,unison,0.4824015360911744
2026-09-09T08:49:54.369233,miller-moth (Perplexity),emergent,1.7904129793510324,17.85,221,17,1017,4,1,516636,0.9648030721823488,0.7000761851671196,6.424688269112783,unison,0.4824015360911744
2026-09-09T09:04:47.927777,miller-moth (Perplexity),emergent,1.7904129793510324,17.85,221,17,1017,4,1,516636,0.9648030721823488,0.7000761851671196,6.424688269112783,unison,0.4824015360911744
2026-09-09T09:19:48.018368,miller-moth (Perplexity),emergent,1.7904129793510324,17.85,221,17,1017,4,1,516636,0.9648030721823488,0.7000761851671196,6.424688269112783,unison,0.4824015360911744
2026-09-09T09:34:57.623332,miller-moth (Perplexity),emergent,1.7904129793510324,17.85,221,17,1017,4,1,516636,0.9648030721823488,0.7000761851671196,6.424688269112783,unison,0.4824015360911744
2026-09-09T09:49:53.757044,miller-moth (Perplexity),emergent,1.7904129793510324,17.85,221,17,1017,4,1,516636,0.9648030721823488,0.7000761851671196,6.424688269112783,unison,0.4824015360911744
