step,consensus,stability,entropy,truth_hashes_count
0,0.6572126917379282,0.6243520571510317,0.4301321903909251,0
1,0.698039218939896,0.6631372579929011,0.42284155581274313,0
2,0.5846893086241374,0.5554548431929305,0.36847911730946414,0
3,0.15532599371851574,0.14755969403258995,1.0,0
4,0.008089031614662234,0.007684580033929122,0.9207169587405263,0
5,0.3004663794000549,0.28544306043005213,0.988170416396974,0
6,0.6113876991735356,0.5808183142148589,0.44187223287861577,0
7,0.48769779944857927,0.4633129094761503,0.5614416189612353,0
8,0.19215492293120345,0.18254717678464327,0.5252395087987903,0
9,0.4159192761507411,0.395123312343204,0.7325279817698559,0
10,0.39036071509177783,0.3708426793371889,0.7394505462103999,0
11,0.4446856840606279,0.4224513998575965,0.5267372612015085,0
12,0.23459909683897673,0.22286914199702787,0.6294024696573189,0
13,0.4133268293381852,0.39266048787127594,0.621825969030391,0
14,0.44880328035925227,0.42636311634128965,0.6588188080273565,0
15,0.8694768103836942,0.8260029698645094,0.11915091353870642,0
16,0.035643955920356074,0.03386175812433827,1.0,0
17,0.7377673123679459,0.7008789467495485,0.23173449255027517,0
18,0.4434305892974194,0.4212590598325484,0.5158294500973809,0
19,0.1516547117873666,0.14407197619799825,1.0,0
20,0.7689108688598383,0.7304653254168463,0.37254641883776257,0
21,0.134438174158693,0.12771626545075834,0.8511799801726192,0
22,0.8545708044535446,0.8118422642308674,0.15322891102199704,0
23,0.5233903080315132,0.4972207926299375,0.6664382293338905,0
24,0.5013099250132766,0.4762444287626128,0.5962242993911168,0
25,0.3689659008523493,0.35051760580973185,0.667741924148979,0
26,0.8693007171728515,0.8258356813142089,0.13557797170017077,0
27,0.9445056386772854,0.8972803567434211,0.13976771193306642,0
28,0.8273958371141528,0.7860260452584451,0.15875534825759172,0
29,0.5870817771029223,0.5577276882477762,0.4954954728994852,0
30,0.15965366313390192,0.15167097997720683,0.9613704164107252,0
31,0.6903051267156617,0.6557898703798786,0.4294655975030936,0
32,0.04690936333877745,0.04456389517183858,1.0,0
33,0.46545660349507456,0.4421837733203208,0.3968446885709389,0
34,0.6792172824915786,0.6452564183669997,0.45224568248466485,0
35,0.39860633206178536,0.37867601545869606,0.8214148345422589,0
36,0.5637426358497287,0.5355555040572423,0.3890834700017729,0
37,0.777392798893087,0.7385231589484326,0.3153895502005562,0
38,0.7441072076724236,0.7069018472888023,0.17934986352127472,0
39,0.934551606553845,0.8878240262261526,0.11406972062320309,1
40,0.6602962150195121,0.6272814042685364,0.5098321119255287,1
41,0.030369690192461066,0.02885120568283801,0.741101971487689,1
42,0.7363061742619764,0.6994908655488775,0.41971192809541946,1
43,0.4627545665138629,0.4396168381881697,0.5572696247731361,1
44,0.7217857161064923,0.6856964303011677,0.31848410903237345,1
45,0.10970929185107015,0.10422382725851663,0.9970590281371179,1
46,0.5118223343523731,0.48623121763475446,0.503599149797018,1
47,0.5302097235921311,0.5036992374125245,0.4335895279740644,1
48,0.6687347336883409,0.6352979970039239,0.3895345559368563,1
49,0.8497676228940922,0.8072792417493876,0.14981378293370415,1
50,0.41589592993308544,0.39510113343643116,0.41605768819857,1
51,0.5935480451181492,0.5638706428622416,0.3429273878030755,1
52,0.3232365027029013,0.3070746775677562,0.922147870148143,1
53,0.6047060342720579,0.574470732558455,0.5396251426015112,1
54,0.5620089899531272,0.5339085404554709,0.4440789584421788,1
55,0.06293616356088017,0.059789355382836154,0.636480891568527,1
56,0.8496943939848869,0.8072096742856425,0.15459349525007574,1
57,0.40182239371321715,0.3817312740275563,0.6440266555908123,1
58,0.5331608658511591,0.5065028225586011,0.6529538846656823,1
59,0.12204073001854987,0.11593869351762237,0.8253491621474185,1
60,0.6156431130474856,0.5848609573951113,0.367591016055652,1
61,0.4664801290071593,0.4431561225568013,0.6649476450511878,1
62,0.9058910235865364,0.8605964724072095,0.10105216197664366,1
63,0.006169623825765348,0.005861142634477081,1.0,1
64,0.11964059925302221,0.1136585692903711,1.0,1
65,0.6205146721022959,0.5894889384971811,0.4997492119953379,1
66,0.8492657442607343,0.8068024570476976,0.12163051323857123,1
67,0.4040542033202399,0.3838514931542279,0.7194261964716322,1
68,0.9146000011982314,0.8688700011383198,0.09534744339339991,1
69,0.35181418639877793,0.33422347707883904,0.5578525572529699,1
70,0.28043143990495606,0.2664098679097082,0.5062355029458174,1
71,0.07369153722281921,0.07000696036167825,0.9849230143333979,1
72,0.57727326603237,0.5484096027307515,0.5356260161140598,1
73,0.4876241103526331,0.4632429048350014,0.4050946694705687,1
74,0.7806903010375318,0.7416557859856552,0.3357224606924887,1
75,0.14382438618578172,0.13663316687649263,1.0,1
76,0.16404249124992237,0.15584036668742623,0.9413710304391181,1
77,0.15706037870378758,0.1492073597685982,0.7355919853170636,1
78,0.20545861418854686,0.1951856834791195,0.9405397228400475,1
79,0.3772169719610138,0.3583561233629631,0.5827375844447316,1
80,0.25034840067503544,0.23783098064128366,0.814739775303919,1
81,0.34789042922597363,0.3304959077646749,0.6202953814668845,1
82,0.7448467283636974,0.7076043919455125,0.38138211720323895,1
83,0.5404013542068364,0.5133812864964946,0.37897546581972247,1
84,0.12796533166968171,0.12156706508619762,0.9091390697302992,1
85,0.05306146352974854,0.05040839035326111,0.7696288022973304,1
86,0.9553800946804563,0.9076110899464334,0.06191565352704859,1
87,0.47085087017735083,0.44730832666848325,0.5473298234006557,1
88,0.32068187595799313,0.30464778216009347,0.9592291789940938,1
89,0.8023986330326286,0.7622787013809972,0.23551810778771273,2
90,0.39860236967968604,0.37867225119570175,0.825856549787204,2
91,0.6565574186324031,0.6237295477007829,0.4984579313997842,2
92,0.4353547498658799,0.4135870123725859,0.4258545910034055,2
93,0.5249534594520573,0.4987057864794544,0.41651207373011906,2
94,0.3881988497471905,0.36878890725983093,0.828985543463185,2
95,0.8128192460581278,0.7721782837552214,0.19507560301552074,2
96,0.6361497013717372,0.6043422163031503,0.4500410137704996,2
97,0.8238373812093855,0.7826455121489162,0.24569388051501823,2
98,0.9272754468081168,0.8809116744677109,0.15043117414489762,2
99,0.53560981716597,0.5088293263076715,0.4773710956973383,2
100,0.5775162577329924,0.5486404448463428,0.32823236962632146,2
101,0.9267397125841608,0.8804027269549527,0.11746816185646819,2
102,0.007259135052845251,0.006896178300202988,1.0,2
103,0.04751143930090658,0.04513586733586125,0.7974809155456116,2
104,0.5671946863056778,0.5388349519903939,0.3061617879932315,2
105,0.12760523541892815,0.12122497364798174,0.8914825308425004,2
106,0.21528132518880294,0.2045172589293628,0.9340045189737589,2
107,0.7762524736143726,0.7374398499336539,0.20101978477053023,2
108,0.8380995173676888,0.7961945414993044,0.27539419733343584,2
109,0.13439191253753058,0.12767231691065403,0.7414493184167039,2
110,0.5311054589886443,0.504550186039212,0.42973844485709145,2
111,0.24635849409575417,0.23404056939096646,0.6714020299106341,2
112,0.8558823775932012,0.8130882587135411,0.11809131903253696,2
113,0.6180280270544967,0.5871266257017718,0.5293547336536225,2
114,0.3253300778703827,0.30906357397686357,0.8506983546669085,2
115,0.674700006300808,0.6409650059857676,0.4941354534108556,2
116,0.8108389841755508,0.7702970349667732,0.2488711853956412,2
117,0.5457540195294818,0.5184663185530076,0.2924170611271502,2
118,0.2413162504056404,0.22925043788535837,0.6365269774740735,2
119,0.34632045617514456,0.3290044333663873,0.9243962547457696,2
120,0.7635674719442755,0.7253890983470618,0.3382826365655978,2
121,0.5103877313890436,0.4848683448195914,0.6331460214762225,2
122,0.6977083455942747,0.662822928314561,0.22537741883726412,2
123,0.7723741443529697,0.7337554371353212,0.32903012334843385,2
124,0.6495445634141956,0.6170673352434858,0.4864992538873539,2
125,0.556423200794754,0.5286020407550163,0.4394914323387469,2
126,0.1746634357382334,0.1659302639513217,1.0,2
127,0.43479859144787686,0.413058661875483,0.6665500254915322,2
128,0.08017014510567723,0.07616163785039336,0.7755573626188794,2
129,0.594644274305202,0.5649120605899418,0.5298560746027624,2
130,0.5410025392025732,0.5139524122424446,0.6628011810863907,2
131,0.5305844184765398,0.5040551975527128,0.3170973174934495,2
132,0.4362835111130174,0.4144693355573665,0.7504631152381591,2
133,0.29622283106457425,0.28141168951134554,0.5832929794546501,2
134,0.3883366600812644,0.36891982707720117,0.3826169850179918,2
135,0.7051733177817258,0.6699146518926394,0.34928842296501583,2
136,0.48368993476390004,0.45950543802570504,0.3712052604490352,2
137,0.03772552855528487,0.03583925212752062,0.9860632349554518,2
138,0.36110527517483615,0.3430500114160943,0.4517324334564734,2
139,0.45655838415905964,0.4337304649511066,0.6222653280375433,2
140,0.772544892403627,0.7339176477834456,0.2618559080291873,2
141,0.593560612144586,0.5638825815373567,0.5054558904633565,2
142,0.5268175631749806,0.5004766850162315,0.594251816152976,2
143,0.1429388531856622,0.1357919105263791,1.0,2
144,0.42454736335164905,0.4033199951840666,0.5448402204137496,2
145,0.338271244888514,0.3213576826440883,0.45573189562303007,2
146,0.949702982328233,0.9022178332118214,0.09020812185559839,2
147,0.1282947943613234,0.12188005464325723,0.8451542163683671,2
148,0.13670006610497507,0.12986506279972632,0.5724970705989308,2
149,0.600558562308927,0.5705306341934806,0.5733677856433023,2
150,0.9057935513024385,0.8605038737373166,0.16421724690262707,2
151,0.8200361750909371,0.7790343663363902,0.2496674468358921,2
152,0.9318274919099195,0.8852361173144235,0.07323082487227685,2
153,0.3123794549278657,0.2967604821814724,0.700261415015326,2
154,0.6013447076922527,0.57127747230764,0.5840590162372388,2
155,0.689170424273449,0.6547119030597766,0.43114536404814724,2
156,0.5443560665063788,0.5171382631810598,0.6609232717850672,2
157,0.36573833512480936,0.34745141836856885,0.5062711920253562,2
158,0.1562529801668859,0.1484403311585416,0.6747100459786598,2
159,0.9397250071869401,0.8927387568275931,0.11462991891111626,2
160,0.06554464918785437,0.062267416728461644,1.0,2
161,0.07684448255059019,0.07300225842306068,0.7595325836099562,2
162,0.13415316117572884,0.1274455031169424,1.0,2
163,0.5969050623995403,0.5670598092795633,0.31649842827783836,2
164,0.7503036420983321,0.7127884599934154,0.3267229550506485,2
165,0.6050563654231755,0.5748035471520168,0.27605027157845163,2
166,0.7500590171946165,0.7125560663348857,0.3335435179812896,2
167,0.003949720780150028,0.003752234741142527,1.0,2
168,0.5600021116434134,0.5320020060612427,0.5534368266873348,2
169,0.7100652652310893,0.6745620019695348,0.4339590835252752,2
170,0.47243659025922013,0.4488147607462591,0.6779863420578981,2
171,0.23720256185680702,0.22534243376396665,0.8127362457501808,2
172,0.16701012371801793,0.15865961753211702,0.7604967277423655,2
173,0.07037593435752457,0.06685713763964833,1.0,2
174,0.2594565405998144,0.24648371356982365,0.5648347048968152,2
175,0.8807244636617744,0.8366882404786856,0.13911096276921364,2
176,0.195101910656126,0.18534681512331969,1.0,2
177,0.7893294291740901,0.7498629577153856,0.19631039413473608,2
178,0.422187524524765,0.4010781482985267,0.7933753254789703,2
179,0.6058033796132609,0.5755132106325979,0.2577730394143484,2
180,0.5278769964449439,0.5014831466226967,0.43341038896901024,2
181,0.5367754972536983,0.5099367223910134,0.6756689274387307,2
182,0.6599441331021739,0.6269469264470652,0.4395015429660871,2
183,0.48092184740139865,0.4568757550313287,0.7377249397262026,2
184,0.30257402379676923,0.28744532260693073,0.862373366191889,2
185,0.4644131192920179,0.44119246332741696,0.623230593388552,2
186,0.6195492466870817,0.5885717843527276,0.4233933888377865,2
187,0.5327588875662616,0.5061209431879484,0.5461922537543067,2
188,0.19549377129605688,0.18571908273125404,0.9305531811697471,2
189,0.28952441424501907,0.2750481935327681,0.4722067357629309,2
190,0.03884895896900149,0.03690651102055142,1.0,2
191,0.7456660129881583,0.7083827123387503,0.27938165752638044,2
192,0.7223743795808876,0.6862556606018432,0.4130742298154662,2
193,0.36395738960360957,0.3457595201234291,0.7820634680044165,2
194,0.3951746141483832,0.375415883440964,0.5575289910665204,2
195,0.4460429107320447,0.42374076519544246,0.7047476956672918,2
196,0.7742245742601599,0.7355133455471519,0.1796637676472482,2
197,0.1899698752821149,0.18047138151800915,1.0,2
198,0.7285356295267529,0.6921088480504152,0.20924458577229785,2
199,0.5570308803252595,0.5291793363089965,0.30874204821279855,2
200,0.1241614389048832,0.11795336695963902,0.8948199425243479,2
201,0.28717354320358857,0.2728148660434091,0.8900545554854469,2
202,0.5729575860487098,0.5443097067462743,0.6354074737601564,2
203,0.8138727713571908,0.7731791327893313,0.29460409994007614,2
204,0.7064593427248141,0.6711363755885734,0.4551604521398724,2
205,0.5797886343926775,0.5507992026730436,0.563441447900256,2
206,0.4588823547032085,0.43593823696804807,0.6091068436234846,2
207,0.5065191804096153,0.4811932213891345,0.44083607325013713,2
208,0.2846538800751751,0.27042118607141635,0.657861911458072,2
209,0.5639039496145802,0.5357087521338512,0.6376113253676987,2
210,0.4080434166652142,0.3876412458319535,0.6457229364809077,2
211,0.532529871306429,0.5059033777411076,0.4400948102928335,2
212,0.008276719655654078,0.007862883672871374,0.772977749566909,2
213,0.49943285982430485,0.4744612168330896,0.6507320517481148,2
214,0.3751530362752103,0.35639538446144975,0.4688845855324209,2
215,0.8357226706312574,0.7939365370996945,0.22723936417796295,2
216,0.41943341888456676,0.3984617479403384,0.475313044072966,2
217,0.080553925656601,0.07652622937377095,0.9281358420931233,2
218,0.12916932830082328,0.12271086188578212,1.0,2
219,0.14887843723937144,0.14143451537740287,0.9719169152646919,2
220,0.14850287911666363,0.14107773516083044,0.9763163401043911,2
221,0.6736971145946021,0.640012258864872,0.23276943144063372,2
222,0.7118572921373539,0.6762644275304862,0.3565890562171657,2
223,0.41266845899402016,0.3920350360443191,0.7985217003669701,2
224,0.8820014935760018,0.8379014188972016,0.20609851022811138,2
225,0.7064690221867216,0.6711455710773855,0.3309883604539388,2
226,0.8284076862727981,0.7869873019591582,0.2413512286182952,2
227,0.6561120345518515,0.6233064328242589,0.3234561043614709,2
228,0.39767654893372967,0.3777927214870432,0.695823043477173,2
229,0.48798027609848893,0.46358126229356444,0.5796787551216422,2
230,0.06583832342729146,0.06254640725592688,1.0,2
231,0.4995698303132489,0.47459133879758647,0.6347576142119923,2
232,0.21591486135468263,0.20511911828694848,0.8596303777417332,2
233,0.055503207563498164,0.05272804718532325,1.0,2
234,0.8381368380919819,0.7962299961873828,0.2378277347222858,2
235,0.5878328153098927,0.5584411745443981,0.4027741578870869,2
236,0.13281857852349435,0.12617764959731964,0.8716656138273028,2
237,0.5471215790095632,0.519765500059085,0.665925941628661,2
238,0.08726675431742469,0.08290341660155345,0.8185726766827439,2
239,0.3274857508220215,0.31111146328092043,0.48610078960521075,2
240,0.7887893057179536,0.7493498404320559,0.1980738541059642,2
241,0.41598989228093736,0.39519039766689046,0.8393122022246653,2
242,0.13116057564140196,0.12460254685933185,0.8024417847588718,2
243,0.9032410344779842,0.858078982754085,0.09773030004392143,2
244,0.8451629709128335,0.8029048223671919,0.22749187784438604,2
245,0.4638149068640906,0.44062416152088607,0.7140285333790883,2
246,0.7011763338826504,0.6661175171885179,0.42302360955115353,2
247,0.34542004409141064,0.3281490418868401,0.9055546848314572,2
248,0.19030556106125676,0.1807902830081939,0.8135830740399137,2
249,0.10922157873389943,0.10376049979720445,0.7316668838515605,2
250,0.5644352094081165,0.5362134489377107,0.6090218925729483,2
251,0.40195259762433727,0.3818549677431204,0.7579057019555757,2
252,0.2103458143490763,0.19982852363162246,0.6999305956660172,2
253,0.7241968149669167,0.6879869742185708,0.2242562899587819,2
254,0.1395149869232092,0.13253923757704875,1.0,2
255,0.7097213300735934,0.6742352635699137,0.2968900853891641,2
256,0.29925897624894876,0.2842960274365013,0.8894983123140239,2
257,0.5064423410129764,0.4811202239623275,0.4505196156854958,2
258,0.22614681577713028,0.21483947498827374,0.7227470181600474,2
259,0.991060688113514,0.9415076537078383,0.06966449782452805,2
260,0.3940164569144332,0.37431563406871154,0.4804018446314692,2
261,0.35163218022569603,0.33405057121441123,0.6102882924323837,2
262,0.034139910074921564,0.03243291457117548,1.0,2
263,0.9222932897637468,0.8761786252755595,0.07553069184218725,2
264,0.42311973294860317,0.401963746301173,0.6695890881937941,2
265,0.7093524370545267,0.6738848152018003,0.4460929012136037,2
266,0.2781582189436238,0.2642503079964426,0.7113963234063417,2
267,0.3418663454387315,0.32477302816679493,0.5161095865741029,2
268,0.1223146277353363,0.11619889634856947,0.9141495779894412,2
269,0.5846990590833642,0.555464106129196,0.39564632024554675,2
270,0.4722558941169968,0.44864309941114694,0.651923521329302,2
271,0.7849076547250877,0.7456622719888333,0.27785268363237015,2
272,0.22479294016997461,0.21355329316147587,0.9599845631954912,2
273,0.26779665836879324,0.2544068254503536,1.0,2
274,0.1569878390870597,0.14913844713270671,0.9618062974079794,2
275,0.06829341666214105,0.064878745829034,0.6372288362574714,2
276,0.5475925921445104,0.5202129625372849,0.41243824743370355,2
277,0.5883339025278103,0.5589172074014197,0.351408489405961,2
278,0.7615334149702983,0.7234567442217833,0.180410871239868,2
279,0.522617474713764,0.49648660097807573,0.4075538224232617,2
280,0.29333639364657654,0.2786695739642477,0.9657460690184605,2
281,0.7178700404254068,0.6819765384041364,0.3786772614409501,2
282,0.4978521261692998,0.4729595198608348,0.4513451159111699,2
283,0.7499978583632221,0.7124979654450609,0.3028375035524374,2
284,0.5702828570102713,0.5417687141597577,0.4100839428713032,2
285,0.14561092731310205,0.13833038094744693,1.0,2
286,0.03445449377213079,0.03273176908352425,1.0,2
287,0.2011297415121769,0.19107325443656806,0.6351999829607791,2
288,0.8988093671870142,0.8538688988276635,0.18816592195175974,2
289,0.9087967653937971,0.8633569271241072,0.12656400405512255,3
290,0.8924188084534442,0.847797868030772,0.14269201766549475,4
291,0.18483002062928222,0.1755885195978181,0.9783128372844363,4
292,0.2149351308092857,0.20418837426882142,0.6517683000404284,4
293,0.3178341127214024,0.30194240708533227,0.5166319612823532,4
294,0.7865481473374898,0.7472207399706152,0.2257599511480035,4
295,0.31330251553753125,0.2976373897606547,0.6089888327412502,4
296,0.872247981084221,0.8286355820300099,0.13999883862595128,4
297,0.5736933013465725,0.5450086362792438,0.43677476635654916,4
298,0.5320529025023993,0.5054502573772793,0.4438519393762941,4
299,0.22048243283589353,0.20945831119409883,1.0,4
300,0.4149128512263185,0.39416720866500254,0.3985033767271521,4
301,0.8062115395526632,0.76590096257503,0.2272800491081422,4
302,0.68319234632081,0.6490327290047695,0.36332007124560955,4
303,0.29158201381163695,0.27700291312105507,0.9428015428059414,4
304,0.3405524813627981,0.3235248572946582,0.9212424277174684,4
305,0.2425395802111881,0.23041260120062868,0.9376778887078038,4
306,0.5303492155400704,0.5038317547630669,0.6345314092036061,4
307,0.7842874271689815,0.7450730558105324,0.25709417679317076,4
308,0.18648196992723845,0.17715787143087652,0.6086453273116956,4
309,0.830506951032053,0.7889816034804503,0.26049917335901707,4
310,0.4764866028375053,0.45266227269563003,0.508001267951907,4
311,0.6644462163167714,0.6312239055009328,0.29981007740573085,4
312,0.5814863722287423,0.5524120536173052,0.3197784639087613,4
313,0.22391758564552136,0.21272170636324528,1.0,4
314,0.31359640867230326,0.2979165882386881,0.8263127905366655,4
315,0.6129441927441615,0.5822969831069533,0.40538984290690094,4
316,0.8628156010608518,0.8196748210078091,0.15129701493266834,4
317,0.9506808172915551,0.9031467764269773,0.09861520141597209,4
318,0.4942596434602238,0.46954666128721256,0.6131971696362629,4
319,0.04691130887517894,0.044565743431419995,0.8100704321964313,4
320,0.7360277416967129,0.6992263546118772,0.33517058598546345,4
321,0.10830214247748948,0.102887035353615,1.0,4
322,0.342604453571116,0.3254742308925602,0.907009980191941,4
323,0.7639949965022507,0.7257952466771381,0.19709677608312196,4
324,0.5623540081860655,0.5342363077767622,0.6264352743860728,4
325,0.6482575862586262,0.6158447069456948,0.34356395518840316,4
326,0.06350622411253282,0.060330912906906176,1.0,4
327,0.6794425881340338,0.6454704587273321,0.37874146861829955,4
328,0.011588202191058388,0.011008792081505469,1.0,4
329,0.5638032516798305,0.5356130890958389,0.6264757841961003,4
330,0.23081823952509664,0.2192773275488418,0.8030334757796086,4
331,0.22675398225436275,0.2154162831416446,0.7987078262996893,4
332,0.49719171605118767,0.47233213024862825,0.5178184653516813,4
333,0.8661662533465687,0.8228579406792402,0.18910160650995714,4
334,0.19142811427260162,0.18185670855897154,0.8847746149692168,4
335,0.3544945683734132,0.3367698399547425,0.5272927288439342,4
336,0.46768626548069436,0.44430195220665963,0.4596510178790415,4
337,0.7911141406654886,0.7515584336322141,0.3474169521427781,4
338,0.09142379151231547,0.08685260193669969,1.0,4
339,0.6984404059218848,0.6635183856257906,0.40710907587336137,4
340,0.1590154512188219,0.1510646786578808,1.0,4
341,0.5107822986862773,0.48524318375196346,0.330446859782031,4
342,0.4011857570735847,0.38112646921990545,0.4825136431836961,4
343,0.6175873571448761,0.5867079892876322,0.36673977834109406,4
344,0.8402465910930241,0.7982342615383728,0.12453602630575336,4
345,0.16672575994767222,0.1583894719502886,0.9484171165172264,4
346,0.5586460352237556,0.5307137334625678,0.6086407110624422,4
347,0.12463783261118162,0.11840594098062254,0.6475422019586718,4
348,0.5362687828499739,0.5094553437074752,0.3417998376228608,4
349,0.6906557932827851,0.6561230036186458,0.3575160255256747,4
350,0.16210015555372181,0.1539951477760357,0.8748161870690926,4
351,0.8032594494948442,0.763096477020102,0.2766107061201487,4
352,0.7268648024584536,0.690521562335531,0.30154122298530256,4
353,0.7794665343035321,0.7404932075883555,0.2511628995563546,4
354,0.5048881590493739,0.47964375109690516,0.533245652907284,4
355,0.3259230470644287,0.30962689471120725,0.5584797406310488,4
356,0.627563408230125,0.5961852378186188,0.3275406327943179,4
357,0.8029611158264822,0.762813060035158,0.19616072900972747,4
358,0.6848365792011707,0.6505947502411121,0.48066979608237215,4
359,0.46693125241409345,0.4435846897933888,0.5805981968814188,4
360,0.4804582102153287,0.45643529970456226,0.3723689233646417,4
361,0.6056843913953026,0.5754001718255375,0.5667136679959444,4
362,0.9619706505897749,0.9138721180602861,0.058601103901660866,4
363,0.21867407576798756,0.20774037197958817,0.6307613873711682,4
364,0.046575882579247455,0.04424708845028508,1.0,4
365,0.5628860485730799,0.5347417461444258,0.6111669376117265,4
366,0.9172193132366878,0.8713583475748534,0.09134336147070524,4
367,0.34347936872282353,0.3263054002866823,0.8426932187042984,4
368,0.8053839279885092,0.7651147315890837,0.29845841672740947,4
369,0.4610463079729707,0.43799399257432214,0.4877492349169266,4
370,0.33682731380164066,0.3199859481115586,0.6682859059669868,4
371,0.10122670475623292,0.09616536951842128,1.0,4
372,0.11037946114165965,0.10486048808457667,1.0,4
373,0.9395579738088535,0.8925800751184109,0.09385340507198403,4
374,0.6506333815890032,0.618101712509553,0.45323114407053217,4
375,0.41613141723622227,0.3953248463744111,0.4593500396802855,4
376,0.4459660204090203,0.42366771938856923,0.5657414270221808,4
377,0.8184446613383553,0.7775224282714375,0.1648714522774717,4
378,0.7704743298878461,0.7319506133934538,0.2889605309166103,4
379,0.044839108201836474,0.04259715279174465,0.6753996650717587,4
380,0.5673281726235607,0.5389617639923827,0.491793672977932,4
381,0.583230401189626,0.5540688811301446,0.33742986778444434,4
382,0.23953134712711233,0.2275547797707567,0.5333671772793893,4
383,0.28142462672710256,0.26735339539074743,0.914717411375692,4
384,0.39265053098254155,0.37301800443341443,0.5075989397161694,4
385,0.27877600023093296,0.2648372002193863,0.7689841282953902,4
386,0.4819685590502137,0.45787013109770297,0.3346889370302051,4
387,0.3201044541392091,0.30409923143224865,0.7493384133889636,4
388,0.07846086478722326,0.0745378215478621,1.0,4
389,0.15165389563038134,0.14407120084886227,0.6418354988061679,4
390,0.33659428178731254,0.3197645676979469,0.6539899912446796,4
391,0.12102548070587249,0.11497420667057887,0.5857705836693401,4
392,0.7516874053740173,0.7141030351053165,0.17876378686065092,4
393,0.21696305460701681,0.20611490187666595,1.0,4
394,0.6732579808487319,0.6395950818062953,0.32407241211262566,4
395,0.3819395066984914,0.3628425313635668,0.8492750941813024,4
396,0.37652688513003196,0.35770054087353037,0.8478318184081766,4
397,0.7967994297111928,0.7569594582256332,0.2583437301676719,4
398,0.4823046975540878,0.4581894626763834,0.7268658211022349,4
399,0.06376640791440082,0.060578087518680775,1.0,4
400,0.6939983052632624,0.6592983900000993,0.24345584602265072,4
401,0.43211338428941654,0.4105077150749457,0.44536921482375447,4
402,0.6223172968488402,0.5912014320063982,0.4798212980670107,4
403,0.167431396001823,0.15905982620173184,1.0,4
404,0.5952666387081132,0.5655033067727075,0.436087043997944,4
405,0.8345562617791698,0.7928284486902112,0.16067058122657957,4
406,0.2656495400055311,0.2523670630052545,0.48544130746249653,4
407,0.2240878118625582,0.21288342126943027,0.9128495755541539,4
408,0.6799043870256472,0.6459091676743648,0.3611444279587156,4
409,0.286686861928129,0.2723525188317225,0.995703681061461,4
410,0.21270867611315936,0.20207324230750137,0.6397798674031495,4
411,0.37040465855646726,0.35188442562864386,0.48583197052120175,4
412,0.6392877760963854,0.6073233872915661,0.4734664534721018,4
413,0.024337176967073753,0.023120318118720066,0.744040926020925,4
414,0.2033527030016627,0.19318506785157954,0.8374321769508121,4
415,0.13634064869369641,0.1295236162590116,0.8618808221807606,4
416,0.48758902820088956,0.46320957679084507,0.7241100187458533,4
417,0.9667760710514887,0.9184372674989142,0.04934679124657891,4
418,0.5116592330313315,0.48607627137976495,0.5227207560139684,4
419,0.5190860259051238,0.49313172460986754,0.3438110200033833,4
420,0.8636780163032466,0.8204941154880843,0.2197146947344417,4
421,0.3959280246121398,0.3761316233815328,0.45604210058333744,4
422,0.012597152171273125,0.011967294562709467,1.0,4
423,0.5864106755264118,0.5570901417500912,0.4714100245375215,4
424,0.3092980267242416,0.2938331253880295,0.5357583845848432,4
425,0.11964473736440706,0.1136625004961867,0.9152003486167428,4
426,0.6421395195884355,0.6100325436090137,0.4691444112314578,4
427,0.604537178774989,0.5743103198362396,0.3859809882941737,4
428,0.5927649267263516,0.563126680390034,0.31589578787395567,4
429,0.07524792693722482,0.07148553059036357,0.5949876425578314,4
430,0.4164000850087651,0.3955800807583268,0.6072302514030863,4
431,0.36535716640965404,0.3470893080891713,0.4794713297287097,4
432,0.11511953276076929,0.10936355612273083,0.611549061226002,4
433,0.46709621434108267,0.44374140362402853,0.5097502373511672,4
434,0.11150986156294088,0.10593436848479383,0.8992736343805021,4
435,0.6947428448012898,0.6600057025612253,0.27808722601134217,4
436,0.6886010560833368,0.6541710032791699,0.2187081081298332,4
437,0.4445503677266726,0.422322849340339,0.7577753032024679,4
438,0.3336257173731506,0.3169444315044931,0.5363697737427664,4
439,0.8693605009398045,0.8258924758928143,0.16948449149433742,4
440,0.578408913381345,0.5494884677122778,0.5137593960000363,4
441,0.2224587133337302,0.2113357776670437,0.8743456327074632,4
442,0.09579794772793485,0.0910080503415381,0.6134632013873581,4
443,0.8095949651312412,0.7691152168746791,0.17103268641760547,4
444,0.5307531081420618,0.5042154527349587,0.6589343363956048,4
445,0.39964354077327613,0.3796613637346123,0.8440159973381572,4
446,0.30071762708835714,0.2856817457339393,0.5684442150335648,4
447,0.7593885343882206,0.7214191076688096,0.16907336263164613,4
448,0.5984990437181633,0.5685740915322551,0.3273961167741942,4
449,0.34778421679321136,0.33039500595355076,0.9161511261811022,4
450,0.2656173635173915,0.2523364953415219,0.7166509807832224,4
451,0.38867200918176426,0.36923840872267605,0.6328437026453293,4
452,0.6397877273287965,0.6077983409623566,0.34832841228489936,4
453,0.04420137914396431,0.04199131018676609,0.6320323200763588,4
454,0.3580157311307024,0.34011494457416724,0.816311950808466,4
455,0.1689321033195114,0.1604854981535358,0.8681628279715078,4
456,0.5484712170881472,0.5210476562337398,0.48929614560875095,4
457,0.38258407067218314,0.36345486713857394,0.6212115402658723,4
458,0.07660309306143182,0.07277293840836022,0.5990861600023683,4
459,0.1989393916108809,0.18899242203033684,0.5244261994570992,4
460,0.33219651226378394,0.31558668665059475,0.4846082480994745,4
461,0.8403608414022306,0.7983427993321189,0.14695759312256376,4
462,0.2622612626385826,0.24914819950665348,0.6378162817095192,4
463,0.09230256424827865,0.08768743603586472,0.655507182274257,4
464,0.489545286907695,0.4650680225623102,0.7182548092810659,4
465,0.28935696810621164,0.2748891197009011,0.6045184711442967,4
466,0.2896670572282316,0.27518370436682,0.771047873827261,4
467,0.011228692367250201,0.010667257748887691,0.649550029816154,4
468,0.8178261607544433,0.776934852716721,0.23497552818363954,5
469,0.6995556027917729,0.6645778226521842,0.30570939725651697,5
470,0.29189196513992427,0.27729736688292805,1.0,5
471,0.471137657655962,0.4475807747731639,0.4644991946604133,5
472,0.7794233485458835,0.7404521811185892,0.22965045991517874,5
473,0.09353424985045684,0.088857537357934,0.7426019325624074,5
474,0.8808880326909554,0.8368436310564076,0.22832288639771034,5
475,0.34654867300357367,0.329221239353395,0.7648398231940488,5
476,0.3848129008398725,0.3655722557978789,0.6984382387921806,5
477,0.8548787593731183,0.8121348214044624,0.1943998425668968,5
478,0.07563731838521212,0.07185545246595151,0.5727660118649756,5
479,0.13646464286384852,0.12964141072065608,1.0,5
480,0.1985345507341514,0.18860782319744382,0.5835073164317325,5
481,0.6415152220310666,0.6094394609295132,0.3706943743930683,5
482,0.3143753401466082,0.29865657313927774,0.9296132300111455,5
483,0.4055255158220913,0.3852492400309867,0.6631764241529909,5
484,0.32710475370512593,0.3107495160198696,0.6564400563309237,5
485,0.8620610944972227,0.8189580397723615,0.2306945533647212,5
486,0.6136679029069046,0.5829845077615594,0.4185335570519976,5
487,0.6086584986791278,0.5782255737451714,0.3229816989404193,5
488,0.6542175599679452,0.6215066819695478,0.2639752860200074,5
489,0.24330963912607256,0.23114415716976894,0.9708272659425723,5
490,0.5086661597423505,0.48323285175523295,0.46844324152440736,5
491,0.5927920620443569,0.563152458942139,0.5830937273255152,5
492,0.8002200876124147,0.7602090832317939,0.16930915294916013,6
493,0.6422086405742717,0.6100982085455581,0.3609020026273655,6
494,0.3458125679742987,0.3285219395755838,0.8408686959143193,6
495,0.07240994814225012,0.0687894507351376,0.7699565308688134,6
496,0.1435455415595722,0.1363682644815936,0.5442009208816281,6
497,0.3891677328770016,0.36970934623315155,0.6863371746497603,6
498,0.6241947308260313,0.5929849942847297,0.39809951177871805,6
499,0.3528875195149313,0.3352431435391847,0.731156039782668,6
500,0.12029396093099665,0.11427926288444681,0.7973238377896384,6
501,0.42186398469723096,0.4007707854623694,0.8216121463862347,6
502,0.7342136315309161,0.6975029499543702,0.21965819450615937,6
503,0.12925761897808535,0.12279473802918107,0.8448028378364032,6
504,0.6990111037623167,0.6640605485742008,0.32067631544186487,6
505,0.3385046477209216,0.3215794153348755,0.8328452081215638,6
506,0.08488109445182551,0.08063703972923424,0.5545620557771631,6
507,0.201148356295363,0.19109093848059486,0.8300847550381154,6
508,0.4367037245230942,0.4148685382969395,0.7157151091932765,6
509,0.010390131063349354,0.009870624510181886,0.8703737575830178,6
510,0.27056170966544746,0.25703362418217507,0.9841011520081305,6
511,0.2894474289638526,0.27497505751566,0.5100975198121233,6
512,0.6336609057073177,0.6019778604219518,0.3044953474889827,6
513,0.10644198311226002,0.10111988395664702,0.8555947958743428,6
514,0.375830387556289,0.3570388681784745,0.7855427609911412,6
515,0.32983824736891887,0.31334633500047293,0.8693063933941253,6
516,0.9246575245715088,0.8784246483429333,0.08219087648202411,6
517,0.26069337740355547,0.24765870853337768,0.7018268946072475,6
518,0.26152141533077145,0.24844534456423287,0.7108579805634314,6
519,0.5670908574450063,0.538736314572756,0.285245866803687,6
520,0.8701324034248067,0.8266257832535663,0.20205524668965522,6
521,0.2816653662074639,0.2675820978970907,0.6220030560469016,6
522,0.09839420728775752,0.09347449692336965,0.9948832396373631,6
523,0.43033993326973086,0.4088229366062443,0.41014421620240127,6
524,0.28005948386108853,0.26605650966803407,0.7630928522366405,6
525,0.5525734101112314,0.5249447396056698,0.6099708476461241,6
526,0.5727177180565579,0.54408183215373,0.39187030358445596,6
527,0.7445915839768994,0.7073620047780544,0.1981255268177768,6
528,0.4650681540592009,0.4418147463562408,0.5136346392214882,6
529,0.8264393553395681,0.7851173875725896,0.2487861044882422,6
530,0.036316816941841634,0.03450097609474955,0.8248478984907729,6
531,0.07631996445249034,0.07250396622986582,0.8089246286051333,6
532,0.1857568579656635,0.1764690150673803,0.9278309092621767,6
533,0.07769281846004256,0.07380817753704043,0.6269465174426418,6
534,0.15267987895700408,0.14504588500915386,1.0,6
535,0.692576499748179,0.6579476747607701,0.28831850595674263,6
536,0.41180490891477073,0.39121466346903216,0.37085257646081543,6
537,0.47547096149015433,0.4516974134156466,0.624979040788053,6
538,0.8314619015621241,0.7898888064840178,0.20370212993056916,6
539,0.5108248055860019,0.48528356530670175,0.7130910002662452,6
540,0.6183583225422635,0.5874404064151503,0.3612594243722707,6
541,0.20667076323148195,0.19633722506990783,0.8594080389393743,6
542,0.20450467169384356,0.19427943810915138,0.7759362503787965,6
543,0.7854321907038678,0.7461605811686745,0.18898919717188636,6
544,0.10094724606366537,0.0958998837604821,0.807246994944455,6
545,0.452834245713946,0.43019253342824865,0.6100136933149279,6
546,0.8575649645267931,0.8146867163004534,0.25384032623014363,6
547,0.3598269948018395,0.3418356450617475,0.89576948743425,6
548,0.24021985942626228,0.22820886645494917,0.8109669583314911,6
549,0.5595870264064182,0.5316076750860973,0.599874894116042,6
550,0.507663797576549,0.4822806076977215,0.5421318063489575,6
551,0.30268477277614425,0.287550534137337,0.6164321780388253,6
552,0.4300989519458679,0.40859400434857446,0.6984929496970104,6
553,0.4703680502662678,0.44684964775295444,0.5070672003853822,6
554,0.5332227003146246,0.5065615652988933,0.37381955099582526,6
555,0.7336305457174245,0.6969490184315532,0.347972716357443,6
556,0.742698145055206,0.7055632378024457,0.23675449307945312,6
557,0.859584589478255,0.8166053600043423,0.20111892284401583,6
558,0.2988297421357434,0.28388825502895626,0.718844552046138,6
559,0.17666244597799155,0.16782932367909195,0.7985381352409991,6
560,0.7580567138818313,0.7201538781877397,0.31687735694265484,6
561,0.985501471368536,0.9362263978001092,0.06763368240405314,6
562,0.1578506512281577,0.1499581186667498,0.6535606289081833,6
563,0.6783873203874331,0.6444679543680614,0.4115858919492928,6
564,0.37274921514082077,0.35411175438377973,0.82894674564209,6
565,0.49284062447718013,0.4681985932533211,0.4006374424093002,6
566,0.307697931213085,0.2923130346524307,0.925987793162428,6
567,0.3722628960672044,0.3536497512638442,0.7117455885410442,6
568,0.6223036767674274,0.591188492929056,0.41059879030806856,6
569,0.1179149659335549,0.11201921763687715,0.8556341405413639,6
570,0.5655107982110673,0.5372352583005139,0.5235428450946689,6
571,0.11596514716443158,0.11016688980621,1.0,6
572,0.6310381017252215,0.5994861966389603,0.2907497224593305,6
573,0.20890386642180453,0.1984586731007143,0.9541141258111159,6
574,0.01640802788141391,0.015587626487343213,1.0,6
575,0.05657762910253893,0.053748747647411985,0.6405686829535344,6
576,0.12821100756030804,0.12180045718229263,0.7100263741718684,6
577,0.6747027263490692,0.6409675900316157,0.35392165310561674,6
578,0.947648786441162,0.9002663471191039,0.0674336758404341,6
579,0.2265503270427868,0.21522281069064744,0.7149466595585904,6
580,0.11398310284309054,0.10828394770093601,1.0,6
581,0.8032742996897939,0.7631105847053041,0.249318175970831,6
582,0.9152716015242593,0.8695080214480463,0.08019314096185967,6
583,0.6589523806642249,0.6260047616310136,0.24367279631176236,6
584,0.6893550165335698,0.6548872657068913,0.411652168543379,6
585,0.018583676508324244,0.01765449268290803,0.6671057605615027,6
586,0.7680012117921471,0.7296011512025397,0.3724478005097019,6
587,0.5218791408496933,0.49578518380720865,0.35767388089172575,6
588,0.6413110691330982,0.6092455156764433,0.47611119991129,6
589,0.2649471870345256,0.2516998276827993,0.8226884254447114,6
590,0.29138144407592925,0.27681237187213276,0.6331725215445808,6
591,0.20491478912035746,0.19466904966433957,0.5588741329641452,6
592,0.6985154114665432,0.6635896408932159,0.27174287199140135,6
593,0.7107982053172685,0.675258295051405,0.25998616706964583,6
594,0.18971923442067826,0.18023327269964434,0.972617494111071,6
595,0.4492513649639857,0.4267887967157864,0.6196288829861544,6
596,0.7756590930926189,0.7368761384379879,0.24811903771413998,6
597,0.6887821029745584,0.6543429978258305,0.27869537055996657,6
598,0.4531487305259424,0.43049129399964525,0.698678440383723,6
599,0.8183197703342178,0.7774037818175068,0.308793568683479,6
600,0.3735146283441594,0.3548388969269514,0.4086691961297765,6
601,0.9398993875324809,0.8929044181558569,0.12488351177636979,6
602,0.35403593236368236,0.33633413574549825,0.7774823366412811,6
603,0.9473460205161671,0.8999787194903587,0.09215721151549744,6
604,0.9173098736002002,0.8714443799201902,0.15151783631975205,6
605,0.86848087527922,0.825056831515259,0.14421283764094836,6
606,0.14212102598543977,0.13501497468616777,1.0,6
607,0.6269797908184159,0.5956308012774951,0.5434421393649788,6
608,0.33711241321162044,0.3202567925510394,0.7453508490583853,6
609,0.1603270188387943,0.15231066789685457,1.0,6
610,0.6509169491448242,0.618371101687583,0.28779591179278974,6
611,0.007249287963216167,0.006886823565055358,1.0,6
612,0.9251683332113334,0.8789099165507667,0.13485237685861823,6
613,0.47065483311426026,0.44712209145854726,0.7451868413853929,6
614,0.2503801697594826,0.23786116127150844,0.6556900500319086,6
615,0.4513982790710568,0.42882836511750394,0.7769792847191804,6
616,0.33813871437096304,0.32123177865241487,0.774192677476132,6
617,0.400732626987276,0.3806959956379122,0.5427981608673028,6
618,0.7229838800356809,0.6868346860338969,0.29967161671431847,6
619,0.8205813065034266,0.7795522411782553,0.2567479950301737,6
620,0.22061447115040433,0.20958374759288412,0.7125881730897324,6
621,0.19253971770348116,0.18291273181830708,0.5375316266448966,6
622,0.7807705114978918,0.7417319859229972,0.15519652804995354,6
623,0.4612407027182072,0.43817866758229684,0.4912270505853368,6
624,0.7589734164236299,0.7210247456024483,0.2604748328017528,6
625,0.0804902439279625,0.07646573173156437,0.6675870622056483,6
626,0.5493518772282364,0.5218842833668246,0.5601514147162973,6
627,0.11818843511662089,0.11227901336078984,0.9811389388735442,6
628,0.36424422826760805,0.34603201685422763,0.489959010586561,6
629,0.42712927550547225,0.40577281173019863,0.8299406047501664,6
630,0.6198961974199596,0.5889013875489616,0.2631909377527097,6
631,0.4026576933033121,0.3825248086381465,0.4492833699515124,6
632,0.587331178657492,0.5579646197246173,0.3604633756332161,6
633,0.17478323250624428,0.16604407088093207,0.9657554398916496,6
634,0.29815314118211605,0.28324548412301026,0.7641616587022927,6
635,0.8435943824636333,0.8014146633404515,0.14378448748506914,6
636,0.6472697585050032,0.614906270579753,0.25423840830315514,6
637,0.4612296380755909,0.4381681561718114,0.5369622961683846,6
638,0.05175826878546009,0.049170355346187085,1.0,6
639,0.9561187651408707,0.9083128268838271,0.11496152464499677,6
640,0.7661526447400692,0.7278450125030657,0.19962581261200524,6
641,0.13185810237578902,0.12526519725699956,0.9909689219628521,6
642,0.29849271550693735,0.2835680797315905,0.9266252932772201,6
643,0.5019410882325835,0.47684403382095436,0.34368620908225883,6
644,0.6861633952436175,0.6518552254814366,0.34751180022185096,6
645,0.48621865856519997,0.46190772563693994,0.533958246514163,6
646,0.38054161506551487,0.3615145343122391,0.8685404155931419,6
647,0.4688844115672666,0.44544019098890325,0.41618528455044473,6
648,0.3473016976234594,0.3299366127422864,0.7301768020906678,6
649,0.26245168268926183,0.24932909855479873,0.9491776138821465,6
650,0.796938764824861,0.757091826583618,0.20031688281519708,6
651,0.42136308878892725,0.4002949343494809,0.5145935760244801,6
652,0.5558761963273938,0.5280823865110241,0.4682763772515814,6
653,0.8421949996253699,0.8000852496441014,0.2420772273204346,6
654,0.6755433047818867,0.6417661395427924,0.23314202687356234,6
655,0.9034490150008735,0.8582765642508298,0.09438246433629349,6
656,0.08928825676538865,0.08482384392711921,1.0,6
657,0.09291497107062821,0.08826922251709679,1.0,6
658,0.7973746877242154,0.7575059533380045,0.2112019744550312,6
659,0.37316096466732707,0.3545029164339607,0.7915529881404257,6
660,0.027559124772033004,0.026181168533431352,0.9602950737008491,6
661,0.5604800685111517,0.5324560650855941,0.35405627435320786,6
662,0.3652518003435503,0.3469892103263728,0.5650583993539968,6
663,0.6492164729544222,0.616755649306701,0.3647313508654426,6
664,0.6782464658568468,0.6443341425640045,0.36228653375903364,6
665,0.12639376367823693,0.12007407549432508,0.8953506228381329,6
666,0.691006982268488,0.6564566331550635,0.47610370362984894,6
667,0.7268223766320695,0.690481257800466,0.2650877044180922,6
668,0.7434856338506575,0.7063113521581246,0.25569496722077967,6
669,0.789170519443272,0.7497119934711084,0.19323026786130196,6
670,0.16628254040970106,0.157968413389216,0.5774711598820155,6
671,0.8061799745614128,0.7658709758333421,0.25017644656149024,6
672,0.06258341884768545,0.059454247905301176,1.0,6
673,0.037718595600843015,0.035832665820800864,1.0,6
674,0.34738971458472767,0.33002022885549126,0.4328795980997111,6
675,0.7464284026167933,0.7091069824859536,0.20139429047272567,6
676,0.35005723585897086,0.3325543740660223,0.7337378245383657,6
677,0.4606419280318405,0.43760983163024847,0.46560998457970354,6
678,0.5878995810572859,0.5585046020044215,0.49153313458046216,6
679,0.8242413842496642,0.783029315037181,0.13191716776258058,7
680,0.1792534732947264,0.17029079962999008,0.49899166238099363,7
681,0.3465976992943314,0.32926781432961477,0.853811954270743,7
682,0.33310618546239734,0.3164508761892775,0.4148516703697826,7
683,0.19474787905762786,0.18501048510474646,0.9867906194075795,7
684,0.08532706272954564,0.08106070959306835,0.6131034090568976,7
685,0.0633459957404451,0.06017869595342284,0.9157001064745681,7
686,0.1374167617273315,0.13054592364096493,1.0,7
687,0.07601441428946197,0.07221369357498887,0.7672487845506977,7
688,0.47505045746168106,0.451297934588597,0.5415892161051362,7
689,0.7466927007748868,0.7093580657361425,0.2048267924578003,7
690,0.37442355861080845,0.355702380680268,0.843548052533196,7
691,0.23011817680826463,0.21861226796785138,1.0,7
692,0.5568049111534468,0.5289646655957744,0.34361304604397436,7
693,0.4283670532323601,0.40694870057074206,0.4219457882502701,7
694,0.15760825289038558,0.1497278402458663,0.5429669711030719,7
695,0.5995163155608422,0.5695404997828001,0.32937238474961306,7
696,0.22576950929140693,0.2144810338268366,0.5107791394309668,7
697,0.6102895892515201,0.5797751097889441,0.5380710211787328,7
698,0.12509351582024905,0.11883884002923659,1.0,7
699,0.10683186679476903,0.10149027345503057,1.0,7
700,0.21546418505442444,0.2046909758017032,0.5610961795801097,7
701,0.4634918537498311,0.44031726106233954,0.5865853463057875,7
702,0.02092921893834749,0.019882757991430113,0.6267284478589777,7
703,0.136763117185804,0.1299249613265138,0.5998801878630252,7
704,0.3113115867609499,0.29574600742290236,0.6644810349940734,7
705,0.6585764823331063,0.625647658216451,0.22719582765220986,7
706,0.6673021244985166,0.6339370182735907,0.4825082400144848,7
707,0.7651992369712007,0.7269392751226407,0.33211081242399415,7
708,0.42247610951745107,0.4013523040415785,0.7620348948177027,7
709,0.24438549980970647,0.23216622481922114,0.9153276033494224,7
710,0.85382779524244,0.811136405480318,0.19189256410584124,7
711,0.724991433513177,0.6887418618375181,0.30961554654021894,7
712,0.24830140863444933,0.23588633820272686,0.9009995093393578,7
713,0.3700578735900649,0.35155497991056167,0.8232969073649062,7
714,0.56604794684526,0.537745549502997,0.3410172752062193,7
715,0.8816925417535294,0.8376079146658529,0.12523731289490783,7
716,0.739321317529474,0.7023552516530003,0.33438581502162723,7
717,0.7974225400440882,0.7575514130418838,0.18743239794380107,7
718,0.7672659787642669,0.7289026798260536,0.301763566469075,7
719,0.20433569976772717,0.1941189147793408,0.8240440122922303,7
720,0.3773613246085736,0.3584932583781449,0.5547333771351047,7
721,0.3385349437222092,0.32160819653609873,0.9484097245294056,7
722,0.39488631704137,0.37514200118930147,0.871523445588932,7
723,0.26237003210356313,0.24925153049838497,0.6002191356138691,7
724,0.14568937033564242,0.13840490181886028,0.7799180460967846,7
725,0.3633513775516195,0.34518380867403853,0.5457202391234828,7
726,0.9131692667383755,0.8675108034014567,0.17468540196684854,7
727,0.7529480979043407,0.7153006930091236,0.2087230307474581,7
728,0.6472703621697499,0.6149068440612624,0.37436539015261855,7
729,0.24058143403800272,0.22855236233610257,0.9348694057820299,7
730,0.6948572567461629,0.6601143939088547,0.3403825305773018,7
731,0.040887942156594644,0.03884354504876491,1.0,7
732,0.1626939405293853,0.15455924350291603,1.0,7
733,0.3836480750448436,0.36446567129260143,0.5289384308373843,7
734,0.8347882294462775,0.7930488179739636,0.13579029717656893,7
735,0.5250477906100781,0.4987954010795742,0.5268448991079688,7
736,0.6672749444859515,0.6339111972616539,0.26252052700845235,7
737,0.37122824656352726,0.3526668342353509,0.7549540138257609,7
738,0.7151015476739144,0.6793464702902187,0.3604241671836138,7
739,0.5407364816883795,0.5136996576039605,0.6798394006062242,7
740,0.5046891711179278,0.47945471256203137,0.6112449341432996,7
741,0.11551534898635285,0.1097395815370352,1.0,7
742,0.301373592202824,0.2863049125926828,0.806327691665158,7
743,0.48932421616392197,0.46485800535572586,0.5149624159797423,7
744,0.30032802682461984,0.28531162548338884,0.9695518745690755,7
745,0.8071876803661796,0.7668282963478706,0.2788031663782291,7
746,0.8408729097047134,0.7988292642194776,0.25409999777399334,7
747,0.31266037201638186,0.29702735341556274,0.7542992985750362,7
748,0.07674476539573057,0.07290752712594403,0.983540252888828,7
749,0.2050261515950751,0.19477484401532133,0.9678919583875154,7
750,0.7441741353423124,0.7069654285751967,0.39662979678472726,7
751,0.0895522461903991,0.08507463388087914,0.9900036916921868,7
752,0.8007171612550777,0.7606813031923239,0.30607935471769837,7
753,0.054717275738256695,0.051981411951343856,1.0,7
754,0.4621862069233785,0.43907689657720955,0.664736884388958,7
755,0.022137964536211644,0.02103106630940106,0.7202450078662632,7
756,0.9129231849276868,0.8672770256813024,0.09644771020637215,7
757,0.4553186079196518,0.43255267752366916,0.6052349509007211,7
758,0.4581711135598741,0.4352625578818804,0.6542751452397043,7
759,0.6811384730786182,0.6470815494246872,0.4905178068200114,7
760,0.54304730314997,0.5158949379924714,0.34641080297825455,7
761,0.008634649262420191,0.008202916799299182,0.6401491441402258,7
762,0.11965086901592596,0.11366832556512965,0.7120943733244706,7
763,0.06902444416988525,0.06557322196139098,0.7667671018608925,7
764,0.9508183606910747,0.903277442656521,0.11052985935844785,7
765,0.7837688389602128,0.7445803970122021,0.2933792941282457,7
766,0.11141759786742883,0.10584671797405738,0.8235896041952329,7
767,0.591773295409728,0.5621846306392416,0.4814804317202653,7
768,0.4516394007892172,0.42905743074975633,0.6634117966228789,7
769,0.8419298529781853,0.799833360329276,0.26079559108852196,7
770,0.32106044873880557,0.3050074263018653,0.86736121483544,7
771,0.9120927260454108,0.8664880897431402,0.18413079626766857,7
772,0.017650546247831727,0.01676801893544014,0.9712563346250463,7
773,0.08429059475546241,0.08007606501768928,1.0,7
774,0.5614941024918666,0.5334193973672733,0.5415706204195571,7
775,0.6839080460288858,0.6497126437274414,0.42297151643023195,7
776,0.7673541965632779,0.7289864867351139,0.3210838993233277,7
777,0.6953886043564537,0.6606191741386309,0.34527433574204835,7
778,0.005168519155614774,0.0049100931978340355,0.6011528048565025,7
779,0.20675445075556254,0.1964167282177844,0.707578042260793,7
780,0.6438716248240038,0.6116780435828036,0.4573712914831096,7
781,0.49457735990624346,0.46984849191093125,0.6234724808467756,7
782,0.29115934606981325,0.27660137876632257,0.6337790563633242,7
783,0.5138603897752616,0.4881673702864985,0.5082153852131163,7
784,0.9039356434475161,0.8587388612751402,0.11260007282115417,7
785,0.5879913912724382,0.5585918217088163,0.5987544938849894,7
786,0.6486951250522672,0.6162603687996538,0.25454158464925564,7
787,0.8561953348543513,0.8133855681116337,0.25847325865531684,7
788,0.559813938070093,0.5318232411665884,0.4909681596709118,7
789,0.4818767938496386,0.45778295415715664,0.47482964564798036,7
790,0.8824793074096571,0.8383553420391742,0.10542447065052679,7
791,0.05796656954548538,0.05506824106821111,0.6610980614853438,7
792,0.18989663113346836,0.18040179957679492,0.5025974179348054,7
793,0.4439435973261716,0.421746417459863,0.5308789941614583,7
794,0.17573626281081892,0.16694944967027797,1.0,7
795,0.24224620100679128,0.2301338909564517,0.8485589249234728,7
796,0.43293068862269973,0.4112841541915647,0.6662135231314825,7
797,0.5609669565325636,0.5329186087059353,0.39843187500907606,7
798,0.3390898941236406,0.32213539941745856,0.6690075026631717,7
799,0.02264841102672719,0.02151599047539083,0.6851324521359027,7
800,0.2648379739023214,0.2515960752072053,0.930556612022493,7
801,0.843872527640585,0.8016789012585557,0.17103670256858033,7
802,0.8349798061229431,0.7932308158167959,0.26863911521332334,7
803,0.8694864767718988,0.8260121529333039,0.22263637275271128,7
804,0.8542925876138089,0.8115779582331184,0.2336823510423257,7
805,0.32692317023085554,0.31057701171931273,0.7245294688196053,7
806,0.8748664858780648,0.8311231615841616,0.19190905008868392,7
807,0.4530714763477439,0.4304179025303567,0.5523829410012735,7
808,0.6982074117240806,0.6632970411378766,0.4077250704227917,7
809,0.40800485027495814,0.3876046077612102,0.5159872105802913,7
810,0.5684674608761411,0.540044087832334,0.47156870627728326,7
811,0.3964473066826811,0.376624941348547,0.7050425321074585,7
812,0.8847452317835601,0.8405079701943821,0.2018537906829653,7
813,0.29266744717194065,0.27803407481334363,0.615259597530336,7
814,0.5699985296023355,0.5414986031222188,0.31476180437318946,7
815,0.14683124371516684,0.1394896815294085,0.882982508533368,7
816,0.6555362868283838,0.6227594724869646,0.45880594310533135,7
817,0.5445765807282668,0.5173477516918534,0.33981659369691036,7
818,0.8153753419699203,0.7746065748714243,0.27310795190430426,7
819,0.5075848037307902,0.48220556354425065,0.6099416656208039,7
820,0.6869582382052049,0.6526103262949445,0.37952978615840444,7
821,0.9538832243031385,0.9061890630879815,0.1295028806582371,7
822,0.8498917254364077,0.8073971391645872,0.11719255443503135,7
823,0.24113439795110878,0.22907767805355334,0.5303488075829819,7
824,0.38475670673265117,0.3655188713960186,0.5189809512705991,7
825,0.9155043962712633,0.8697291764577001,0.15628238517276366,7
826,0.3781470609739941,0.35923970792529436,0.8005595347466123,7
827,0.297309455108789,0.2824439823533495,0.7076424713791764,7
828,0.12846598262403802,0.12204268349283612,1.0,7
829,0.8104293062821389,0.769907840968032,0.1888795680329374,7
830,0.613461618255945,0.5827885373431477,0.2926779924643297,7
831,0.6602506106796142,0.6272380801456334,0.37007708675471757,7
832,0.28675082758054815,0.2724132862015207,0.5336205586264829,7
833,0.05756634703544765,0.05468802968367526,1.0,7
834,0.04787854081389334,0.04548461377319867,1.0,7
835,0.41466393784230327,0.3939307409501881,0.7176439531035763,7
836,0.14689707091578857,0.13955221736999915,0.9540808564071757,7
837,0.5726119268026018,0.5439813304624717,0.4999771944291579,7
838,0.8342653341514756,0.7925520674439018,0.22019362191772332,7
839,0.18047981023651222,0.1714558197246866,1.0,7
840,0.005108570174330602,0.004853141665614072,0.8396217576838152,7
841,0.6419363550215519,0.6098395372704742,0.24547904994858163,7
842,0.23570614312352534,0.22392083596734905,0.4723943544825748,7
843,0.8089175755688055,0.7684716967903652,0.174533052693364,7
844,0.7644025228400417,0.7261823966980396,0.19949372902237467,7
845,0.5700010259527302,0.5415009746550936,0.5543955433366179,7
846,0.6948990446834037,0.6601540924492335,0.4670244480354112,7
847,0.7951987116349503,0.7554387760532028,0.19405838798969666,8
848,0.9280770667558599,0.8816732134180668,0.11048868436522102,8
849,0.4656901745456444,0.44240566581836216,0.580898002738625,8
850,0.4834034541829515,0.4592332814738039,0.4362612701436048,8
851,0.5900743716296477,0.5605706530481653,0.49106095784160897,8
852,0.7966385608490554,0.7568066328066025,0.29265876640330757,8
853,0.13442133682819893,0.127700269986789,1.0,8
854,0.5819940351906518,0.5528943334311193,0.37289500916185137,8
855,0.2380922100199832,0.22618759951898404,0.4865095390617341,8
856,0.6168883597655599,0.5860439417772819,0.3171641671172151,8
857,0.7729810570855694,0.7343320042312909,0.31503258954515573,8
858,0.21302124827895164,0.20237018586500405,0.9712058704284631,8
859,0.3907552224578511,0.37121746133495853,0.5040287011789123,8
860,0.17644185701452805,0.16761976416380164,0.8441906141954291,8
861,0.44058727347508864,0.41855790980133417,0.5444343739600827,8
862,0.0983488133110936,0.09343137264553891,0.850283347123442,8
863,0.1323790483748123,0.12576009595607168,1.0,8
864,0.6327933518098601,0.601153684219367,0.40928130097561627,8
865,0.7698861359750868,0.7313918291763324,0.3443640651830591,8
866,0.7884197428951016,0.7489987557503465,0.26553279999451673,8
867,0.8917409029568444,0.8471538578090021,0.18574815586100457,8
868,0.2642455304347542,0.25103325391301645,0.8140220664155307,8
869,0.9467512699727102,0.8994137064740746,0.09195967028934203,8
870,0.5021383691146079,0.4770314506588774,0.6586775951570732,8
871,0.666601663377353,0.6332715802084854,0.5092071735018069,8
872,0.722050446115698,0.6859479238099131,0.36636905271642256,8
873,0.4263712569290677,0.4050526940826143,0.5808581367587563,8
874,0.3214680968143483,0.30539469197363084,0.4495035896066194,8
875,0.7540849172257786,0.7163806713644897,0.17190129976682741,8
876,0.613134045874284,0.5824773435805698,0.5002305344085055,8
877,0.44814820092258384,0.4257407908764546,0.46478103734120596,8
878,0.39824233151085325,0.37833021493531055,0.7100881842009164,8
879,0.45336933280184183,0.43070086616174974,0.6392211143992176,8
880,0.9138857663766603,0.8681914780578273,0.18340751401822777,8
881,0.3811738699388156,0.3621151764418748,0.5287659116699182,8
882,0.76491003203749,0.7266645304356154,0.2182278120754186,8
883,0.7017467126050896,0.6666593769748351,0.4617393735334217,8
884,0.5211928146792874,0.49513317394532297,0.6870898894006779,8
885,0.47652681661968826,0.4527004757887038,0.5021535212682801,8
886,0.35262149686593436,0.3349904220226376,0.6958595519802219,8
887,0.8106470308113787,0.7701146792708097,0.20019446928224122,8
888,0.6284464861862308,0.5970241618769192,0.4419077318187121,8
889,0.4621220315360993,0.43901592995929434,0.3644586135137139,8
890,0.07008659397693068,0.06658226427808414,1.0,8
891,0.2615858407407952,0.24850654870375544,0.9852871601151455,8
892,0.30158482198075776,0.28650558088171985,0.8134511693611507,8
893,0.7495463992111434,0.7120690792505862,0.3565468940888661,8
894,0.4967202345086802,0.47188422278324615,0.7169235424815561,8
895,0.39346777605756655,0.3737943872546882,0.50960879556531,8
896,0.8100230602186478,0.7695219072077154,0.18282431587612694,8
897,0.0670581592486663,0.06370525128623299,0.9635421448004287,8
898,0.015251898686143295,0.01448930375183613,0.7868397074381758,8
899,0.7819047342520763,0.7428094975394725,0.2430496115688596,8
900,0.8597779834557557,0.8167890842829679,0.18137092186673945,8
901,0.01267281644969342,0.012039175627208748,0.682511253581839,8
902,0.7975532246046301,0.7576755633743986,0.30761701656929585,8
903,0.5337566526117522,0.5070688199811646,0.6346782019023198,8
904,0.44594945471644654,0.4236519819806242,0.40336251596672823,8
905,0.4444556141634619,0.4222328334552888,0.5639730926592919,8
906,0.5782871099016741,0.5493727544065904,0.33776476378463466,8
907,0.5453622654239266,0.5180941521527302,0.4863067261904963,8
908,0.8650886457741626,0.8218342134854544,0.12404216820297571,8
909,0.11713080243265062,0.11127426231101809,1.0,8
910,0.5787299357002607,0.5497934389152476,0.35419989442636624,8
911,0.26997140027398564,0.25647283026028633,0.7660479275259172,8
912,0.6202369918774202,0.5892251422835492,0.3182646500831629,8
913,0.834939665330388,0.7931926820638685,0.20901461822185827,8
914,0.08169889846101681,0.07761395353796596,0.9454765771009117,8
915,0.8010852297608757,0.7610309682728319,0.2678611366582232,8
916,0.8408823258815475,0.7988382095874701,0.2046958265372159,8
917,0.6813530081773532,0.6472853577684855,0.23953992738106866,8
918,0.8832176918379671,0.8390568072460687,0.1755825335335217,8
919,0.18593283040010736,0.176636188880102,0.6908401687373826,8
920,0.4823645086655106,0.45824628323223504,0.7440398084303723,8
921,0.6146939812338641,0.5839592821721709,0.40933997396049226,8
922,0.4776035695827129,0.45372339110357723,0.44760865807683897,8
923,0.746991261879509,0.7096416987855335,0.3811341681221342,8
924,0.23340356872759124,0.22173339029121167,0.5403455349945949,8
925,0.7130237224990419,0.6773725363740898,0.20617242000642072,8
926,0.5372560286855891,0.5103932272513096,0.3990352544809167,8
927,0.112570246979293,0.10694173463032836,0.857278645592374,8
928,0.7501131105093195,0.7126074549838535,0.23985914132978908,8
929,0.2660522201657824,0.2527496091574933,0.543971488723562,8
930,0.5183031135043121,0.4923879578290965,0.4598301626999219,8
931,0.479700094203682,0.45571508949349787,0.4320583635414713,8
932,0.7983948765123237,0.7584751326867074,0.28762335436621345,8
933,0.7981634886020826,0.7582553141719784,0.18562284929531175,8
934,0.38540425638487985,0.36613404356563584,0.7371246821534818,8
935,0.43403296100368566,0.41233131295350134,0.6416162067824412,8
936,0.2682625244947173,0.25484939826998143,0.6501928078670624,8
937,0.13164177037646058,0.12505968185763755,1.0,8
938,0.4675870686161728,0.4442077151853641,0.3951504513413089,8
939,0.019290009274816975,0.018325508811076127,1.0,8
940,0.6003802536461419,0.5703612409638348,0.4249945536468015,8
941,0.8184625429896928,0.7775394158402081,0.16245893835646363,8
942,0.6750507915854809,0.6412982520062068,0.45896778534442595,8
943,0.38603157761210954,0.366729998731504,0.6899880452025726,8
944,0.26216240266250157,0.24905428252937648,0.5620668529690078,8
945,0.636874657991725,0.6050309250921387,0.2372729312198415,8
946,0.6713988945432702,0.6378289498161066,0.3910014543048222,8
947,0.19058127416991943,0.18105221046142345,0.581675000504273,8
948,0.6179913019791897,0.5870917368802302,0.27797303044629307,8
949,0.0987058819826867,0.09377058788355236,1.0,8
950,0.49376765052565597,0.46907926799937316,0.46388414826676455,8
951,0.9755967479625577,0.9268169105644297,0.06935168615272794,8
952,0.526420594212834,0.5000995645021923,0.6803747619329017,8
953,0.5114125537844991,0.48584192609527416,0.521327527158268,8
954,0.5928027843496722,0.5631626451321885,0.29801337006338535,8
955,0.030070190492804693,0.028566680968164455,1.0,8
956,0.2760414847403414,0.26223941050332433,0.7156242409074799,8
957,0.283911776478876,0.26971618765493216,0.5465026949931158,8
958,0.033322608792260594,0.031656478352647566,0.6161364172836388,8
959,0.8208619026885049,0.7798188075540796,0.14872546261831915,8
960,0.004054121768907009,0.0038514156804616583,1.0,8
961,0.33794319285671054,0.321046033213875,0.6773508921779453,8
962,0.826107947264887,0.7848025499016427,0.2887896640066586,8
963,0.1573332302773326,0.14946656876346595,0.891529782504079,8
964,0.36586536792180535,0.34757209952571505,0.3985950323576796,8
965,0.03070909231006785,0.029173637694564457,1.0,8
966,0.2862877767399951,0.27197338790299536,0.7034438638409123,8
967,0.6197953222368024,0.5888055561249623,0.31554474000942,8
968,0.2935934076165926,0.27891373723576296,0.734433338722144,8
969,0.7582084544167285,0.720298031695892,0.3013696964883222,8
970,0.45334488271228174,0.43067763857666763,0.4627448211696551,8
971,0.12644995077514168,0.12012745323638459,0.9693135787086502,8
972,0.502723513392906,0.4775873377232607,0.501127388962403,8
973,0.9039434896911211,0.8587463152065651,0.16684998846801358,8
974,0.05802602875094588,0.05512472731339858,1.0,8
975,0.039231424920227555,0.037269853674216175,0.8877365167398017,8
976,0.6973115474009913,0.6624459700309417,0.2901068393466007,8
977,0.05250253583611732,0.04987740904431145,1.0,8
978,0.03015970762390061,0.02865172224270558,1.0,8
979,0.5600358423642438,0.5320340502460316,0.6345231554177586,8
980,0.4767630647677839,0.4529249115293947,0.5155962640878877,8
981,0.633083307714969,0.6014291423292205,0.2590085682610417,8
982,0.32527066577360064,0.3090071324849206,0.7508712505235012,8
983,0.7796688592392493,0.7406854162772868,0.3067061029052751,8
984,0.4401262340045001,0.4181199223042751,0.5445026227646048,8
985,0.5715080130153599,0.5429326123645919,0.49636670410179345,8
986,0.036705771955507394,0.034870483357732025,0.9871060111583342,8
987,0.11431231369402729,0.10859669800932592,0.6171212289011493,8
988,0.12735105573070635,0.12098350294417103,0.6405777134720952,8
989,0.07473954519674424,0.07100256793690703,0.820118578691923,8
990,0.7140526358767421,0.6783500040829049,0.35109885358373855,8
991,0.7975386349823675,0.7576617032332491,0.2811118957695106,8
992,0.5666691618871721,0.5383357037928135,0.4448493304179502,8
993,0.1856564299056744,0.17637360841039068,0.7806901188216636,8
994,0.5305115642848293,0.5039859860705878,0.691296490957476,8
995,0.4032750186127506,0.38311126768211307,0.548711978147217,8
996,0.294210563549342,0.2795000353718749,0.985681966352783,8
997,0.29937518408617425,0.2844064248818655,0.7005554622865613,8
998,0.666026239932257,0.632724927935644,0.3109504005928192,8
999,0.2956143482768872,0.28083363086304286,0.8082709262881703,8
1000,0.44126225551679094,0.4191991427409514,0.4543408515520827,8
1001,0.3052874401016352,0.2900230680965534,0.8168575948603054,8
1002,0.33149450852197826,0.3149197830958793,0.7207893249624655,8
1003,0.6334931874087812,0.6018185280383421,0.48149128785957573,8
1004,0.5575299161396785,0.5296534203326946,0.3479644674456419,8
1005,0.7223078558202733,0.6861924630292596,0.21787954095599438,8
1006,0.1746220298372535,0.16589092834539082,0.6013481869141878,8
1007,0.05200428371763156,0.04940406953174998,0.7667191396464662,8
1008,0.27792815988252867,0.2640317518884022,0.6693839363205603,8
1009,0.7602361607854685,0.722224352746195,0.1865466951649455,8
1010,0.06815261713505008,0.06474498627829757,0.6810415169537565,8
1011,0.08894196975465066,0.08449487126691813,0.7142175866470756,8
1012,0.0014724853828221006,0.0013988611136809955,0.6250957876342562,8
1013,0.1955102723889674,0.18573475876951903,1.0,8
1014,0.1471882331837347,0.13982882152454795,0.9807153928012793,8
1015,0.13028380600813766,0.12376961570773078,0.6258119869283321,8
1016,0.6181972590518314,0.5872873960992399,0.553449194965419,8
1017,0.14094737523332607,0.13390000647165975,0.5563704093615668,8
1018,0.07498108501868607,0.07123203076775177,0.8019784665252377,8
1019,0.1581321749956197,0.15022556624583872,1.0,8
1020,0.0630929360224373,0.05993828922131544,0.9180587466118434,8
1021,0.18056437011099843,0.1715361516054485,0.9342178621038562,8
1022,0.18533564338031522,0.17606886121129944,0.7106324652677898,8
1023,0.17419940807209505,0.16548943766849028,0.8708912965145312,8
1024,0.10017416512870608,0.09516545687227078,0.8608951938575479,8
1025,0.569459920888418,0.5409869248439971,0.3184609270308684,8
1026,0.6729163207805646,0.6392705047415363,0.34726691581582886,8
1027,0.6790501524739339,0.6450976448502371,0.4205366686876653,8
1028,0.48858713933306674,0.46415778236641336,0.4503551676263384,8
1029,0.08944872630083522,0.08497628998579346,0.9496370976181292,8
1030,0.08471307555826382,0.08047742178035062,0.9157819841409129,8
1031,0.8044987850620331,0.7642738458089314,0.23965356673011948,8
1032,0.6635906469437457,0.6304111145965584,0.41157907861260756,8
1033,0.03065995319876724,0.029126955538828877,0.6187410882852058,8
1034,0.043896022759869195,0.041701221621875735,0.7224714889485963,8
1035,0.3173337079296291,0.30146702253314767,0.5803100371592358,8
1036,0.41509126783150807,0.39433670443993263,0.8327257256462299,8
1037,0.732373919043385,0.6957552230912157,0.2572719824883989,8
1038,0.8024175681822339,0.7622966897731221,0.3204107375081801,8
1039,0.514340915928807,0.4886238701323667,0.6480178641556704,8
1040,0.2739809305025955,0.2602818839774657,0.4666074773998286,8
1041,0.5197027845328898,0.49371764530624523,0.41150391775284023,8
1042,0.0671489317526873,0.06379148516505292,1.0,8
1043,0.48763936033616584,0.46325739231935753,0.6405105025834191,8
1044,0.6521199102626214,0.6195139147494902,0.4722700215911269,8
1045,0.21692331179112723,0.20607714620157086,0.6265278546252315,8
1046,0.6123105689009135,0.5816950404558678,0.3115789705494685,8
1047,0.07707092810573613,0.07321738170044932,0.6038433107082247,8
1048,0.6911238469149668,0.6565676545692184,0.44898632080930406,8
1049,0.02196162748013756,0.02086354610613068,1.0,8
1050,0.8015449449962886,0.7614676977464742,0.20680574740454552,8
1051,0.31813048571587593,0.3022239614300821,0.8477116178877033,8
1052,0.1759746957337578,0.1671759609470699,0.5809206940606765,8
1053,0.13471650996435655,0.12798068446613872,0.5992294939417684,8
1054,0.2961094689462538,0.2813039954989411,0.6812522474066065,8
1055,0.35202742591464253,0.3344260546189104,0.7481006175984752,8
1056,0.5655304064098758,0.5372538860893821,0.47171076739816825,8
1057,0.017129665638180976,0.016273182356271926,0.7316106499068672,8
1058,0.6634538105485959,0.6302811200211661,0.28102156120727123,8
1059,0.3226627374519315,0.3065296005793349,0.7181362903898548,8
1060,0.6082194476757604,0.5778084752919723,0.4897548606779577,8
1061,0.13880099642415408,0.13186094660294637,0.6253942281270962,8
1062,0.622047785473843,0.5909453962001509,0.43108462286137406,8
1063,0.17860500503026674,0.1696747547787534,0.8134756810383617,8
1064,0.37846862703701223,0.3595451956851616,0.5351681388286691,8
1065,0.4283202254942087,0.40690421421949824,0.5983810279162268,8
1066,0.4464748263199889,0.42415108500398946,0.5088132874132152,8
1067,0.24551812699359826,0.23324222064391834,0.6392825082927448,8
1068,0.40861213430330223,0.3881815275881371,0.6380156627856353,8
1069,0.10057858298985436,0.09554965384036164,0.8714774994452184,8
1070,0.6763486509332655,0.6425312183866022,0.35153535816469156,8
1071,0.6658652175254853,0.6325719566492111,0.38391565539139305,8
1072,0.8476876344694281,0.8053032527459566,0.1355473328708527,8
1073,0.821802335960657,0.7807122191626241,0.2563844703386437,8
1074,0.4979964534823943,0.4730966308082746,0.680355433062057,8
1075,0.10362750152971069,0.09844612645322515,1.0,8
1076,0.1707682872916197,0.1622298729270387,0.8079870935979067,8
1077,0.6448136337655774,0.6125729520772986,0.3315630184094437,8
1078,0.4552861626834915,0.4325218545493169,0.6183083615847483,8
1079,0.6681483327298302,0.6347409160933387,0.4648696847937672,8
1080,0.3045896381497878,0.2893601562422984,0.47753006026327316,8
1081,0.9144313781513368,0.86870980924377,0.14906379945759507,8
1082,0.2854240371205234,0.2711528352644972,0.8464042684853236,8
1083,0.3064848356866966,0.29116059390236176,0.6461980915896349,8
1084,0.4351731281310023,0.41341447172445217,0.3565913450445721,8
1085,0.4636108607357307,0.44043031769894414,0.6660671212569206,8
1086,0.38857599996387504,0.3691471999656813,0.47469504701766635,8
1087,0.31592502563612357,0.3001287743543174,0.8075168558188792,8
1088,0.36303420107446427,0.34488249102074103,0.4709381830971675,8
1089,0.2857534741165286,0.2714658004107022,0.44026761144076826,8
1090,0.8166610388384848,0.7758279868965605,0.24427569829489643,8
1091,0.062118545623056076,0.05901261834190327,1.0,8
1092,0.2550922087653273,0.24233759832706092,0.5027386615064596,8
1093,0.21128073785610546,0.2007167009633002,0.7277861137166408,8
1094,0.28075898626944396,0.26672103695597177,1.0,8
1095,0.2603198259952007,0.24730383469544065,0.8580233668992476,8
1096,0.33925322631460403,0.3222905649988738,0.8176823724613801,8
1097,0.2140184080607805,0.2033174876577415,0.7697041323630498,8
1098,0.028239774017170458,0.026827785316311935,0.9587810866106975,8
1099,0.3519320997573753,0.3343354947695065,0.45620075060453813,8
1100,0.05464415400692069,0.05191194630657465,1.0,8
1101,0.5340702040343333,0.5073666938326166,0.3530240554411571,8
1102,0.051926359792966344,0.04933004180331802,1.0,8
1103,0.6709668593230832,0.637418516356929,0.4116594620667274,8
1104,0.4414783823458752,0.41940446322858144,0.664942768979821,8
1105,0.004483677833887102,0.004259493942192746,0.9677637820754561,8
1106,0.3296792043387294,0.3131952441217929,0.6954894583146692,8
1107,0.7910977587454536,0.7515428708081809,0.23009569173170108,8
1108,0.07852045586531167,0.07459443307204608,0.7930360931143391,8
1109,0.10084935538419233,0.09580688761498271,0.7430394723449175,8
1110,0.4713414353513409,0.4477743635837738,0.6233126072457117,8
1111,0.3261870778361136,0.3098777239443079,0.6910757412118854,8
1112,0.9104817234371247,0.8649576372652684,0.09817492839562045,8
1113,0.9870246181832533,0.9376733872740906,0.04862557544841859,8
1114,0.1278234106200251,0.12143224008902385,1.0,8
1115,0.15375447658935684,0.146066752759889,1.0,8
1116,0.2887526966865894,0.27431506185225996,0.7973814777979663,8
1117,0.4571080647959111,0.4342526615561155,0.6199151036805896,8
1118,0.2333158823887186,0.22165008826928265,0.8046029822299365,8
1119,0.5192581015457096,0.4932951964684241,0.622103692440638,8
1120,0.4220545633978179,0.400951835227927,0.6569548306485568,8
1121,0.3420439748942642,0.32494177614955094,0.7548152328008396,8
1122,0.09649178892442556,0.09166719947820427,0.8256256407041246,8
1123,0.3996660415181264,0.3796827394422201,0.4346161031397206,8
1124,0.5159658415331067,0.4901675494564513,0.4269222070025658,8
1125,0.2408051340390577,0.22876487733710482,0.9740366405565154,8
1126,0.8075446978245565,0.7671674629333286,0.18391093176823325,8
1127,0.3646574782644163,0.3464246043511955,0.711326991875787,8
1128,0.6944343932786693,0.6597126736147358,0.43081897815815423,8
1129,0.5159112983704359,0.4901157334519141,0.5680513454900541,8
1130,0.00014629896276566887,0.0001389840146273854,0.7648289107864568,8
1131,0.9230924350161629,0.8769378132653547,0.12801246092923146,8
1132,0.8312721965779402,0.7897085867490431,0.2422027805524163,8
1133,0.7040642419311066,0.6688610298345512,0.24598334116953371,8
1134,0.8428372110240545,0.8006953504728518,0.2167316637191087,8
1135,0.9993191533560443,0.9493531956882421,0.03337976705658135,8
1136,0.33530277974301537,0.3185376407558646,0.8012690393831412,8
1137,0.4118664990570934,0.3912731741042387,0.6260683711041196,8
1138,0.5702574580495792,0.5417445851471002,0.6111292692536276,8
1139,0.4172042346446131,0.3963440229123824,0.7213204775905165,8
1140,0.9204101083605706,0.874389602942542,0.1285931007248383,8
1141,0.44481159168240614,0.4225710120982858,0.5106050372163258,8
1142,0.5098796812619666,0.48438569719886826,0.3688298614357642,8
1143,0.6559078987065928,0.6231125037712631,0.46027986118872327,8
1144,0.20259766174627666,0.19246777865896283,0.4884416883293772,8
1145,0.011164711957369075,0.01060647635950062,0.7946505943147925,8
1146,0.8004287238235549,0.7604072876323771,0.24728358709234682,8
1147,0.8433944136869576,0.8012246930026097,0.15700269447117476,8
1148,0.9034800021530882,0.8583060020454337,0.1338924822356761,8
1149,0.7726518535597258,0.7340192608817394,0.2310654422550333,8
1150,0.8444219967798986,0.8022008969409037,0.13696806236540626,8
1151,0.11500334225794288,0.10925317514504573,0.6341555122712174,8
1152,0.71600325295341,0.6802030903057396,0.34386077112978675,8
1153,0.5464776394735457,0.5191537574998684,0.40327973590285876,8
1154,0.646260811813183,0.6139477712225238,0.2343081275738174,8
1155,0.6369758786006944,0.6051270846706597,0.5378166771646082,8
1156,0.07623368316050824,0.07242199900248282,0.77155654144549,8
1157,0.36689223928708825,0.3485476273227338,0.7862576916379925,8
1158,0.7441463055491188,0.7069389902716627,0.40149983238318027,8
1159,0.735803767359685,0.6990135789917007,0.38675168242611196,8
1160,0.3501932248472724,0.33268356360490875,0.7507488358200023,8
1161,0.343708110015576,0.3265227045147972,0.6107791363004261,8
1162,0.894578228111578,0.8498493167059991,0.09939520358324608,8
1163,0.3726118435900034,0.3539812514105032,0.6183098568019342,8
1164,0.8626234505944609,0.8194922780647378,0.2244709197767245,9
1165,0.5694786263558483,0.5410046950380559,0.4356906800213913,9
1166,0.4831465341096309,0.45898920740414934,0.5795230914072881,9
1167,0.26544492946710224,0.2521726829937471,0.5596281658033321,9
1168,0.3549276836893149,0.3371812995048491,0.7809304147421848,9
1169,0.4297557035234723,0.4082679183472987,0.523487639434346,9
1170,0.2537757053535992,0.24108692008591925,0.5961302401041525,9
1171,0.1599092963738245,0.15191383155513327,0.9175988043244934,9
1172,0.010094480220058658,0.009589756209055725,0.8138401837208986,9
1173,0.0602170237785451,0.05720617258961784,1.0,9
1174,0.023325888706762835,0.022159594271424693,0.6981768750905659,9
1175,0.3891171505359251,0.3696612930091288,0.4033394489343802,9
1176,0.4396153455870894,0.4176345783077349,0.7612274126084084,9
1177,0.5596106720611662,0.5316301384581079,0.44390863491657623,9
1178,0.23392852207047699,0.22223209596695312,0.9239715844006993,9
1179,0.06757179022209059,0.06419320071098605,1.0,9
1180,0.29421351227940296,0.2795028366654328,0.9756976912910298,9
1181,0.7969544150662906,0.7571066943129761,0.27987208070169667,9
1182,0.7386230721244027,0.7016919185181826,0.3437106626842731,9
1183,0.14040650022540668,0.13338617521413634,1.0,9
1184,0.7645742482768008,0.7263455358629607,0.21340831450125744,9
1185,0.008167449511444415,0.007759077035872194,0.9135230974770451,9
1186,0.5692195281114752,0.5407585517059015,0.35544476245279294,9
1187,0.37160680680422936,0.35302646646401786,0.44500727332975665,9
1188,0.5552505171326133,0.5274879912759827,0.40726904589271157,9
1189,0.3533163159028653,0.335650500107722,0.4212290331163794,9
1190,0.3124109153778362,0.2967903696089444,0.867805444872291,9
1191,0.5758872528749018,0.5470928902311567,0.6302499191405595,9
1192,0.31763543811963507,0.3017536662136533,0.6054448141430222,9
1193,0.47378303335274846,0.450093881685111,0.6283805304424779,9
1194,0.4019856928618288,0.3818864082187373,0.47593505976607003,9
1195,0.6822882222464061,0.6481738111340857,0.26733939683918195,9
1196,0.2898838936872012,0.2753896990028411,0.8403344851492802,9
1197,0.713697118076544,0.6780122621727168,0.39041834320674756,9
1198,0.5874295071443054,0.5580580317870901,0.39942823327370514,9
1199,0.1385717572546008,0.13164316939187076,1.0,9
1200,0.6150877464413753,0.5843333591193065,0.40636764684916393,9
1201,0.19713210895623984,0.18727550350842784,0.641773516500089,9
1202,0.25212312074771204,0.23951696471032644,0.7806894207563538,9
1203,0.6842583048462536,0.6500453896039409,0.27290047848603577,9
1204,0.01194904641202635,0.011351594091425032,0.7740469874352787,9
1205,0.8663698654707144,0.8230513721971786,0.14387879628805492,9
1206,0.5266190412178565,0.5002880891569637,0.6100494821307805,9
1207,0.15623875641008442,0.14842681858958018,0.8430127742404817,9
1208,0.3162757572895607,0.30046196942508263,0.6808007318410486,9
1209,0.55387860535237,0.5261846750847514,0.4477221824178546,9
1210,0.18303674789048743,0.17388491049596305,0.6994641715631017,9
1211,0.1334505336557934,0.12677800697300373,0.7977627069922802,9
1212,0.02254800346385325,0.02142060329066059,0.8108716137974671,9
1213,0.40935935328319234,0.3888913856190327,0.7898869991313525,9
1214,0.7288330682887082,0.6923914148742728,0.2791326213458848,9
1215,0.47108945634544347,0.4475349835281713,0.7229566258548803,9
1216,0.5203570710889366,0.4943392175344897,0.42818755288155846,9
1217,0.36280753423836065,0.3446671575264426,0.6820053946390745,9
1218,0.8495863522258627,0.8071070346145695,0.2209762251324093,9
1219,0.7009698091227645,0.6659213186666263,0.21818158494491396,9
1220,0.7733145896571929,0.7346488601743332,0.3318130236623453,9
1221,0.011476897766071905,0.01090305287776831,1.0,9
1222,0.4333148737141638,0.41164913002845555,0.7134826259656698,9
1223,0.573629224455188,0.5449477632324287,0.29589977034037707,9
1224,0.032823071191420854,0.03118191763184981,1.0,9
1225,0.6151168543549809,0.5843610116372318,0.40345375216418844,9
1226,0.16483355955515938,0.1565918815774014,0.8149730337719489,9
1227,0.0739644052904552,0.07026618502593243,1.0,9
1228,0.2436923962008274,0.231507776390786,0.6899915017965104,9
1229,0.22492145592534074,0.2136753831290737,0.48499740750953513,9
1230,0.9215419762710373,0.8754648774574854,0.13331858297890062,9
1231,0.20667728513226225,0.19634342087564913,0.8159423386904513,9
1232,0.35534797954738234,0.3375805805700132,0.7096141985207836,9
1233,0.5728336471756545,0.5441919648168718,0.5619466135419774,9
1234,0.507080385772763,0.48172636648412487,0.5234106297899488,9
1235,0.48975320216490936,0.46526554205666387,0.3287933830778246,9
1236,0.46705027057452114,0.44369775704579506,0.7510959757322371,9
1237,0.8712285043099134,0.8276670790944177,0.11130426794154934,9
1238,0.43633590380379605,0.41451910861360625,0.637308875671107,9
1239,0.5106104695089181,0.48507994603347215,0.35971080619829265,9
1240,0.7734620119671194,0.7347889113687633,0.23213148009048834,9
1241,0.8706144589213622,0.827083735975294,0.16792046997254273,9
1242,0.08152220916092633,0.07744609870288001,1.0,9
1243,0.38121371724205527,0.3621530313799525,0.8613331218033162,9
1244,0.9391109901669371,0.8921554406585902,0.12987652421384838,9
1245,0.34405815231573045,0.3268552446999439,0.8381767151901669,9
1246,0.7665296022131095,0.728203122102454,0.35168079620344656,9
1247,0.7702181391759332,0.7317072322171365,0.23516780655190514,9
1248,0.6839614575460344,0.6497633846687327,0.2373170199136952,9
1249,0.6932156576420521,0.6585548747599494,0.33468838434826725,9
1250,0.12501710502738567,0.11876624977601638,0.561561835227588,9
1251,0.7628189766498757,0.7246780278173819,0.32377340090903084,9
1252,0.634291604271245,0.6025770240576827,0.2694051796236956,9
1253,0.6094124954265259,0.5789418706551995,0.37840355889131694,9
1254,0.7521913072478053,0.7145817418854149,0.19202242843381606,9
1255,0.7696363561027278,0.7311545382975915,0.3303377139445757,9
1256,0.08278679002488176,0.07864745052363767,0.6812493546311594,9
1257,0.703919339581669,0.6687233726025855,0.29765673462691183,9
1258,0.20694620249016754,0.19659889236565917,0.7646676311943114,9
1259,0.7606361492000425,0.7226043417400404,0.19881586596849898,9
1260,0.1449033525122579,0.137658184886645,1.0,9
1261,0.21665592704378064,0.2058231306915916,0.6047442216723175,9
1262,0.11647195498962458,0.11064835724014334,0.8006374325916659,9
1263,0.3175210293802543,0.30164497791124156,0.8981582617882986,9
1264,0.20480444641353526,0.19456422409285848,0.6226875907193111,9
1265,0.8372258935815207,0.7953645989024446,0.14655869807601354,9
1266,0.37527606673406816,0.35651226339736475,0.7589229928550718,9
1267,0.7467185669644633,0.7093826386162401,0.36785375344651194,9
1268,0.5191894385494416,0.49322996662196944,0.3707550873977357,9
1269,0.28427741192987765,0.2700635413333838,0.4866804521095781,9
1270,0.31204353526325995,0.29644135850009695,0.6817708608826712,9
1271,0.2422632875781016,0.2301501231991965,0.6003037858571086,9
1272,0.3546838021009959,0.33694961199594614,0.4727101946764406,9
1273,0.49501201555715285,0.4702614147792952,0.39617870219857915,9
1274,0.2176486520340341,0.2067662194323324,0.9278449606769434,9
1275,0.7028003025367543,0.6676602874099166,0.43910772196203746,9
1276,0.8061243665894381,0.7658181482599662,0.3175930277507797,9
1277,0.7796027438937857,0.7406226066990964,0.3028570288100717,9
1278,0.5544288081178205,0.5267073677119294,0.43016492297215664,9
1279,0.7181143243634897,0.6822086081453151,0.38362277969045594,9
1280,0.29084006374116894,0.2762980605541105,0.5925546779682362,9
1281,0.422670954997322,0.40153740724745585,0.4543626317152881,9
1282,0.7259678580670936,0.689669465163739,0.3995505098581407,9
1283,0.12656971852430965,0.12024123259809416,1.0,9
1284,0.43845180582049303,0.41652921552946837,0.6218598381721383,9
1285,0.7208513284555748,0.684808762032796,0.30258734124582964,9
1286,0.09507255576167588,0.09031892797359208,0.7774155808555622,9
1287,0.09187416946550771,0.08728046099223231,1.0,9
1288,0.7620185324394615,0.7239176058174884,0.17181997800160922,9
1289,0.6976193183711171,0.6627383524525612,0.3915624494521986,9
1290,0.7695164680976879,0.7310406446928035,0.3405607744010121,9
1291,0.2476037391548029,0.23522355219706276,0.656862982278709,9
1292,0.4683908891959772,0.44497134473617833,0.4887793696983111,9
1293,0.9179629546506173,0.8720648069180864,0.1781052307998127,9
1294,0.9997592351841226,0.9497712734249164,0.056131236377509164,9
1295,0.29585277821652123,0.2810601393056952,0.834604428918127,9
1296,0.1983953946241135,0.18847562489290784,0.7022411408929865,9
1297,0.06821406102861033,0.06480335797717982,0.8286283496486947,9
1298,0.5672746436526342,0.5389109114700025,0.4485322769258033,9
1299,0.46236802978509906,0.4392496282958441,0.6102322003635536,9
1300,0.5835496345727563,0.5543721528441184,0.5477192287225012,9
1301,0.03912981280490102,0.03717332216465597,0.7192346605009275,9
1302,0.7572655711682353,0.7194022926098236,0.3903543095618176,9
1303,0.7307857067957618,0.6942464214559737,0.2560930291717207,9
1304,0.07181168236917217,0.06822109825071355,0.929165848649139,9
1305,0.47185418586155303,0.44826147656847537,0.5230308015283671,9
1306,0.576541402222511,0.5477143321113854,0.3981950024674673,9
1307,0.9395089602211838,0.8925335122101246,0.10068388894318006,9
1308,0.2592088581043325,0.24624841519911583,0.5534295909013761,9
1309,0.7399327353484914,0.7029360985810668,0.3525700737342218,9
1310,0.12462566288625088,0.11839437974193832,0.8549028221793205,9
1311,0.14620476159387752,0.13889452351418363,1.0,9
1312,0.5698789192570837,0.5413849732942294,0.5566647366184759,9
1313,0.47242257212344163,0.4488014435172695,0.7555120194440799,9
1314,0.44598625109343937,0.4236869385387674,0.6531912263838653,9
1315,0.34869512492706733,0.33126036868071396,0.9272183986666767,9
1316,0.6223253089796746,0.5912090435306909,0.34451092559291513,9
1317,0.6003785529582462,0.5703596253103338,0.332736158869394,9
1318,0.7479524267463418,0.7105548054090246,0.38998942498242695,9
1319,0.5519632500676978,0.5243650875643129,0.3495137589298745,9
1320,0.024115772436283017,0.022909983814468866,1.0,9
1321,0.4069015488317598,0.38655647139017174,0.8433518221644225,9
1322,0.7289094230580653,0.692463951905162,0.4272293572394913,9
1323,0.362257345976858,0.34414447867801506,0.8296375984983556,9
1324,0.49414356823178957,0.4694363898202001,0.6646781723179552,9
1325,0.07349324621269127,0.0698185839020567,0.9935702001226812,9
1326,0.45837764564218775,0.4354587633600783,0.38528432377373856,9
1327,0.27590878159404336,0.2621133425143412,0.5882089410738557,9
1328,0.7284956247361761,0.6920708434993673,0.22384372934770125,9
1329,0.16817166771301412,0.1597630843273634,1.0,9
1330,0.7491092097398768,0.7116537492528829,0.22320190011805363,9
1331,0.7981400995500487,0.7582330945725463,0.21077538181645647,9
1332,0.35219601938538175,0.33458621841611264,0.5386266801117918,9
1333,0.05045183626392169,0.047929244450725605,0.9566347825314021,9
1334,0.8925538184198936,0.8479261274988988,0.1825490052215212,9
1335,0.9129798306977962,0.8673308391629063,0.17324702398537922,9
1336,0.43653897190420904,0.4147120233089986,0.6899386867577143,9
1337,0.7630790057282603,0.7249250554418473,0.3465586086573644,9
1338,0.18379353488149514,0.17460385813742038,0.7252000421516691,9
1339,0.7444272460997763,0.7072058837947874,0.28514738976389553,9
1340,0.6763663576832117,0.6425480397990512,0.2972840258783362,9
1341,0.4121959551095042,0.39158615735402896,0.6239527586168104,9
1342,0.09440183629773415,0.08968174448284744,0.8137714973850575,9
1343,0.6264969413834365,0.5951720943142647,0.2658562591538207,9
1344,0.5817817993519686,0.5526927093843702,0.311857077587912,9
1345,0.45534756606495336,0.43258018776170565,0.6829317590014955,9
1346,0.4541576768613151,0.4314497930182493,0.5998640930268935,9
1347,0.08266828853459525,0.07853487410786548,0.91888176160526,9
1348,0.40174156053921495,0.3816544825122542,0.727900822871156,9
1349,0.07306014564811766,0.06940713836571177,1.0,9
1350,0.5413344806465379,0.514267756614211,0.35660884868378023,9
1351,0.2594732851874067,0.24649962092803634,1.0,9
1352,0.8050066733593984,0.7647563396914284,0.293374261604177,9
1353,0.33233999593243724,0.31572299613581534,0.5277964156993488,9
1354,0.28613890120310037,0.27183195614294536,0.8710550869427286,9
1355,0.590399807519547,0.5608798171435696,0.5715864698943368,9
1356,0.7425547344358228,0.7054269977140316,0.3204804459678151,9
1357,0.09132772256975723,0.08676133644126936,0.7023745177656597,9
1358,0.2508149394472209,0.23827419247485984,0.6040274455341943,9
1359,0.258493879685074,0.24556918570082026,0.7053639959311736,9
1360,0.07568536006388858,0.07190109206069414,1.0,9
1361,0.5608357710752023,0.5327939825214422,0.34982070220120265,9
1362,0.7385598999766179,0.7016319049777869,0.37815863647774917,9
1363,0.11809685907138201,0.1121920161178129,1.0,9
1364,0.4051131115006876,0.3848574559256532,0.7843658320669282,9
1365,0.7091035546907332,0.6736483769561965,0.23352955222660227,9
1366,0.5435525780736065,0.5163749491699261,0.5313763160782959,9
1367,0.6808842639736922,0.6468400507750075,0.4943229155085968,9
1368,0.44971078465919245,0.4272252454262328,0.6491753389319244,9
1369,0.8392424357162181,0.7972803139304072,0.14340139868206941,10
1370,0.009174368613985613,0.008715650183286332,0.8954413623291023,10
1371,0.6225000992411515,0.5913750942790938,0.4136565863928422,10
1372,0.3357809510046231,0.3189919034543919,0.49147732444019765,10
1373,0.003638384888318212,0.0034564656439023014,1.0,10
1374,0.2631784920122906,0.2500195674116761,0.8031381013643734,10
1375,0.9703754789317938,0.921856704985204,0.06684401399498494,10
1376,0.9163568851361588,0.8705390408793507,0.10223355640683006,10
1377,0.13363010305313439,0.12694859790047766,0.8176695276785134,10
1378,0.5286880852619055,0.5022536809988102,0.4525575357474458,10
1379,0.9237527736410567,0.8775651349590038,0.15880103261372008,10
1380,0.6937964838734637,0.6591066596797905,0.36181084240964595,10
1381,0.7755477336986472,0.7367703470137148,0.3250082928282053,10
1382,0.40136550511936764,0.38129722986339926,0.571240302150315,10
1383,0.15987878260921284,0.1518848434787522,0.869773854217501,10
1384,0.3275419757950236,0.3111648770052724,0.45608109259302043,10
1385,0.6267748032788977,0.5954360631149528,0.37606793032560726,10
1386,0.40811386072131706,0.3877081676852512,0.3741444439222223,10
1387,0.40945121536170254,0.3889786545936174,0.3728979104733707,10
1388,0.1456096082284875,0.13832912781706314,0.6965784960146613,10
1389,0.168868410539975,0.16042499001297625,0.8487371664692385,10
1390,0.2538959428639615,0.2412011457207634,0.618430932712764,10
1391,0.6145917528209853,0.583862165179936,0.506506376080187,10
1392,0.9767277701038324,0.9278913815986407,0.0631766060729388,10
1393,0.2237706942817369,0.21258215956765006,0.651657292354314,10
1394,0.5074803417859286,0.48210632469663217,0.3314894452485155,10
1395,0.01744173410511307,0.016569647399857418,0.9276981257778478,10
1396,0.6427538148250386,0.6106161240837866,0.4825879141664478,10
1397,0.5196030053267633,0.4936228550604251,0.5913041316799512,10
1398,0.7517238496375969,0.714137657155717,0.24869249365520665,10
1399,0.4269154298562986,0.40556965836348363,0.3627764237144521,10
1400,0.3631654520802537,0.345007179476241,0.40526981351893127,10
1401,0.31358991458091073,0.2979104188518652,0.5959774754139047,10
1402,0.2752275076406196,0.2614661322585886,0.5735590638080729,10
1403,0.22693302898656284,0.2155863775372347,0.8994125819257781,10
1404,0.87532651123108,0.8315601856695259,0.10981112175878892,10
1405,0.022517957816725703,0.021392059925889415,1.0,10
1406,0.4534618268628598,0.4307887355197168,0.4017057923514625,10
1407,0.7571810553783661,0.7193220026094478,0.38299434793028525,10
1408,0.6069859220204487,0.5766366259194262,0.5730891467350923,10
1409,0.15048945430155689,0.14296498158647902,0.9387662896091932,10
1410,0.6579823135055567,0.6250831978302789,0.4894384608658486,10
1411,0.35204226929790594,0.3344401558330106,0.8959246448375281,10
1412,0.03089268087254822,0.029348046828920806,1.0,10
1413,0.4319115670338056,0.41031598868211533,0.4869325732737441,10
1414,0.7145958626181637,0.6788660694872555,0.44834162724675153,10
1415,0.4313185265340791,0.40975260020737514,0.5426276938052267,10
1416,0.9453712752096501,0.8981027114491676,0.12428128265726365,10
1417,0.34838025458281485,0.3309612418536741,0.8711324810890648,10
1418,0.2987341906448545,0.28379748111261177,0.5422590108507063,10
1419,0.3005909287899918,0.28556138235049217,0.935195796728917,10
1420,0.11826201590543758,0.1123489151101657,1.0,10
1421,0.029096247485369386,0.027641435111100916,1.0,10
1422,0.8411073705809662,0.7990520020519178,0.2754960665750003,10
1423,0.6642453241230842,0.63103305791693,0.28387268471853017,10
1424,0.9516335092056216,0.9040518337453405,0.09722835133600813,10
1425,0.09229011555077571,0.08767560977323692,1.0,10
1426,0.7063946261280689,0.6710748948216655,0.4254806350524362,10
1427,0.6782158387260588,0.6443050467897559,0.3433288041969665,10
1428,0.8075825913935228,0.7672034618238467,0.19570745234728132,10
1429,0.8136955020481385,0.7730107269457315,0.18867130124958056,10
1430,0.5126721254372593,0.48703851916539626,0.5894119541574714,10
1431,0.2973261482248467,0.28245984081360437,0.48797343998767256,10
1432,0.11640944256679554,0.11058897043845577,0.8729618997234688,10
1433,0.7512326606371548,0.713671027605297,0.26963589789429115,10
1434,0.005501254193720902,0.005226191484034856,1.0,10
1435,0.6748168609377807,0.6410760178908916,0.28595315178027914,10
1436,0.19305152469502593,0.18339894846027463,0.7233738184099842,10
1437,0.29422867461612795,0.27951724088532154,0.7169146333563817,10
1438,0.589332396293663,0.5598657764789798,0.3847379987966745,10
1439,0.4216048944464387,0.4005246497241168,0.5382153130513613,10
1440,0.9435194942892221,0.896343519574761,0.0851979505828608,10
1441,0.8161441818338245,0.7753369727421333,0.2673049832615987,10
1442,0.18991877247744113,0.18042283385356905,0.8826339347151975,10
1443,0.7260655472111909,0.6897622698506313,0.30468001906774617,10
1444,0.2981622133392242,0.283254102672263,0.5939498488706606,10
1445,0.2834518225351861,0.26927923140842674,0.6631316832299347,10
1446,0.5515103371502378,0.5239348202927259,0.3522388077668053,10
1447,0.6716270371384673,0.6380456852815439,0.3294680864667219,10
1448,0.580533277058553,0.5515066132056253,0.3341858935742315,10
1449,0.7713590086036018,0.7327910581734217,0.3580189435511187,10
1450,0.12913061779597879,0.12267408690617984,1.0,10
1451,0.7243896307920628,0.6881701492524596,0.22951025187827037,10
1452,0.7327181352644582,0.6960822285012352,0.24746678488380963,10
1453,0.6217676996807364,0.5906793146966995,0.34025641919641947,10
1454,0.21894582122934958,0.20799853016788208,0.937614894649259,10
1455,0.26323989586197555,0.2500779010688768,0.5189271512446494,10
1456,0.6325854395294546,0.6009561675529818,0.43680189931830576,10
1457,0.5343789202543195,0.5076599742416036,0.44568993182220024,10
1458,0.6861798058745407,0.6518708155808137,0.27602798777043736,10
1459,0.5539171757703758,0.526221316981857,0.45421169345067675,10
1460,0.17128441587673515,0.1627201950828984,1.0,10
1461,0.25951331378185577,0.24653764809276296,0.7182204712650232,10
1462,0.01391182961312763,0.01321623813247125,0.7893622677671464,10
1463,0.27405850261387754,0.26035557748318366,0.573442327777508,10
1464,0.6419457131470299,0.6098484274896784,0.2572709387604435,10
1465,0.13822503609213543,0.13131378428752866,0.9731672483712741,10
1466,0.2856824094547144,0.27139828898197865,0.6941250522273322,10
1467,0.5591758541237096,0.5312170614175241,0.5620133857372938,10
1468,0.5638916599704249,0.5356970769719036,0.5267162135148266,10
1469,0.37014901539860595,0.35164156462867563,0.45649246359271295,10
1470,0.8068588112540295,0.766515870691328,0.2080547007608612,10
1471,0.7235096322941901,0.6873341506794806,0.3964561050663091,10
1472,0.3874602942007737,0.368087279490735,0.6701051947698662,10
1473,0.5408164871067158,0.51377566275138,0.6342841112239055,10
1474,0.20383096540489717,0.1936394171346523,0.736050413100925,10
1475,0.5695519920844455,0.5410743924802233,0.3216879514875445,10
1476,0.2810804156668272,0.2670263948834858,0.8769588835711237,10
1477,0.054857421027125874,0.05211454997576958,0.6996992861773795,10
1478,0.47472084712385865,0.45098480476766567,0.5961749874800011,10
1479,0.5821883125931486,0.5530788969634912,0.5653108803576153,10
1480,0.7819029910199224,0.7428078414689263,0.24420834935108268,10
1481,0.2443149011413546,0.23209915608428686,0.8292673361373594,10
1482,0.8945450562194159,0.8498178034084451,0.15701572786163887,10
1483,0.42103416098887153,0.3999824529394279,0.5450300553054296,10
1484,0.8095250584333573,0.7690488055116894,0.18976906587823472,10
1485,0.8814409713778835,0.8373689228089892,0.09859122290928023,10
1486,0.02023984447846612,0.019227852254542814,1.0,10
1487,0.34646990172685316,0.3291464066405105,0.8589795220745621,10
1488,0.4012490483671504,0.3811865959487929,0.5039688262053597,10
1489,0.5941489030656166,0.5644414579123358,0.4780508284501962,10
1490,0.7336138936882074,0.696933199003797,0.20636271214282637,10
1491,0.6719448233250125,0.6383475821587619,0.2251054429666279,10
1492,0.3902349095327699,0.37072316405613137,0.8471685004573442,10
1493,0.4863837706820068,0.4620645821479064,0.42018539884164036,10
1494,0.43776331576793925,0.4158751499795423,0.49648000936761333,10
1495,0.39495490963093655,0.3752071641493897,0.806886057883387,10
1496,0.029687097959559792,0.0282027430615818,1.0,10
1497,0.29399614620229475,0.27929633889218,0.5955896291309589,10
1498,0.5092285202476572,0.4837670942352743,0.4363371544364825,10
1499,0.13284152787666464,0.1261994514828314,1.0,10
1500,0.7188617033554736,0.6829186181876999,0.19793847156901467,10
1501,0.7587269475580899,0.7207906001801854,0.17861643126537774,10
1502,0.5508194663604249,0.5232784930424036,0.49707697205969636,10
1503,0.45779670635497577,0.43490687103722697,0.714648516033018,10
1504,0.03841357679377006,0.03649289795408156,1.0,10
1505,0.10284594953272838,0.09770365205609195,1.0,10
1506,0.6452445494730548,0.612982321999402,0.40077616593838894,10
1507,0.42214054719630467,0.40103351983648944,0.4201040689563825,10
1508,0.39636354973206217,0.37654537224545903,0.6644866329008733,10
1509,0.8100414449515592,0.7695393727039812,0.14941451200893108,10
1510,0.29419468247232594,0.2794849483487096,0.7477826601231449,10
1511,0.49617418285254883,0.4713654737099214,0.7290987087619089,10
1512,0.1538910721309729,0.14619651852442425,0.7157574992181307,10
1513,0.6466286725420121,0.6142972389149114,0.23841775575918958,10
1514,0.014947470823074228,0.014200097281920517,1.0,10
1515,0.3586021529036852,0.3406720452585009,0.5029621295098354,10
1516,0.43318803932332156,0.41152863735715545,0.5660847081601748,10
1517,0.7624290986237764,0.7243076436925875,0.17031223482953498,10
1518,0.7273482687966528,0.6909808553568202,0.4294018663865335,10
1519,0.20828423927495276,0.19787002731120512,0.6476630875325261,10
1520,0.20818680549479884,0.1977774652200589,0.7063747441289373,10
1521,0.8193413667933377,0.7783742984536708,0.2199989459267274,10
1522,0.7365402744354173,0.6997132607136464,0.25211792760331486,10
1523,0.08202954143692187,0.07792806436507578,0.8503868180012212,10
1524,0.4905346152253408,0.46600788446407376,0.33420351973519113,10
1525,0.8096212459239773,0.7691401836277785,0.20148743641126643,10
1526,0.6217871230651799,0.5906977669119209,0.4113487976192385,10
1527,0.32079188226559263,0.304752288152313,0.7550209093599052,10
1528,0.6500963029939667,0.6175914878442683,0.5212317935982437,10
1529,0.7137255042112394,0.6780392290006774,0.31799771545696986,10
1530,0.9992343266927091,0.9492726103580735,0.06310766641918836,10
1531,0.6113319922650055,0.5807653926517552,0.3567377384796419,10
1532,0.02014344475413803,0.019136272516431126,1.0,10
1533,0.7746253269573318,0.7358940606094652,0.18532645669805572,10
1534,0.17836261254694386,0.16944448191959666,1.0,10
1535,0.20681088511798523,0.19647034086208595,0.9191641797568908,10
1536,0.06681886676619896,0.06347792342788901,1.0,10
1537,0.8933951323901489,0.8487253757706414,0.1431822798311203,10
1538,0.2194782286972723,0.20850431726240867,0.9813801230853556,10
1539,0.6389284411163473,0.6069820190605298,0.4960603508867493,10
1540,0.6040191585877526,0.5738182006583649,0.5695354012800387,10
1541,0.7899760140887123,0.7504772133842766,0.26246476100119337,10
1542,0.06807558734683558,0.0646718079794938,0.6871918935940498,10
1543,0.1772001746266347,0.16834016589530296,0.7810023503575996,10
1544,0.27287254279409,0.2592289156543855,0.6115781690888662,10
1545,0.8922574041536354,0.8476445339459536,0.10582061093763928,10
1546,0.3746741101417593,0.3559404046346713,0.7492759951097528,10
1547,0.6777432979188746,0.6438561330229308,0.42293927793766545,10
1548,0.8487241199505597,0.8062879139530317,0.13805503200768998,10
1549,0.5235108440432693,0.4973353018411058,0.33001365947461464,10
1550,0.022565526571262914,0.021437250242699768,1.0,10
1551,0.21178178983087062,0.20119270033932707,0.948107031790196,10
1552,0.5327415947948164,0.5061045150550756,0.5416028393193931,10
1553,0.05998072900101295,0.0569816925509623,0.6863220203514306,10
1554,0.4900248614685978,0.46552361839516787,0.6832884447555505,10
1555,0.11937639667816081,0.11340757684425277,1.0,10
1556,0.09021364948257168,0.0857029670084431,0.5609465067404453,10
1557,0.07149352189380148,0.06791884579911141,0.6230937567158094,10
1558,0.5735636407237781,0.5448854586875892,0.491545875201544,10
1559,0.269557352474677,0.2560794848509431,0.6553692473665057,10
1560,0.6756527041063606,0.6418700689010425,0.42684353601383773,10
1561,0.19947969820006697,0.1895057132900636,0.9238501124579371,10
1562,0.4804909217837065,0.45646637569452114,0.36240165563255894,10
1563,0.40810832232370764,0.38770290620752224,0.5362531938878242,10
1564,0.14664928991470405,0.13931682541896884,0.923145384868389,10
1565,0.6834253672743594,0.6492540989106415,0.2822182972239514,10
1566,0.7946913227051323,0.7549567565698757,0.30954135907245967,10
1567,0.8418802676236593,0.7997862542424763,0.18072113710987497,10
1568,0.8461839707511611,0.803874772213603,0.15406956075928024,10
1569,0.6917221490712153,0.6571360416176545,0.36252241789316303,10
1570,0.41192906031797033,0.3913326073020718,0.45300669910795177,10
1571,0.7320413497187802,0.6954392822328411,0.3318686240327315,10
1572,0.005744251742869061,0.005457039155725608,0.7605605136162207,10
1573,0.10900463823672878,0.10355440632489234,1.0,10
1574,0.30511878964488287,0.28986285016263874,0.7820268206968285,10
1575,0.5862473641044285,0.556934995899207,0.4208535069690411,10
1576,0.08151255392111326,0.07743692622505759,1.0,10
1577,0.8961167150861091,0.8513108793318036,0.10017032889527605,10
1578,0.8348146746748715,0.7930739409411278,0.284156508963868,10
1579,0.4866933921985077,0.4623587225885823,0.6879659696164818,10
1580,0.15603874413227134,0.14823680692565777,0.566651907825455,10
1581,0.8992999414082108,0.8543349443378002,0.10310451332708455,10
1582,0.042604263987493035,0.04047405078811838,1.0,10
1583,0.6834395992425472,0.6492676192804198,0.3786699996363361,10
1584,0.09075926299603265,0.08622129984623102,1.0,10
1585,0.6657439571845779,0.632456759325349,0.32348437065290203,10
1586,0.4004100975651126,0.38038959268685696,0.5705490646181994,10
1587,0.5516544738682386,0.5240717501748267,0.3014177892874325,10
1588,0.8525835624165435,0.8099543842957163,0.18863442067059671,10
1589,0.6119552308707785,0.5813574693272395,0.4093792892040501,10
1590,0.5892096448834434,0.5597491626392712,0.3643468256690625,10
1591,0.2927458042501966,0.2781085140376867,0.7723221914189128,10
1592,0.995502572839122,0.9457274441971659,0.05901226479594274,10
1593,0.3639546017466787,0.34575687165934477,0.647763595133783,10
1594,0.5583440451083587,0.5304268428529407,0.28782453368702704,10
1595,0.20992941447459934,0.19943294375086937,1.0,10
1596,0.7055035083118649,0.6702283328962716,0.30865856810283643,10
1597,0.6350221899060398,0.6032710804107377,0.276710558279992,10
1598,0.06718722111433491,0.06382786005861817,1.0,10
1599,0.3579505006972162,0.3400529756623554,0.5048691123629336,10
1600,0.8241461714725207,0.7829388628988946,0.24684123379941125,10
1601,0.8831085827582793,0.8389531536203653,0.16409186727125197,10
1602,0.10887345097470064,0.1034297784259656,0.5846986972095636,10
1603,0.5791739331135709,0.5502152364578924,0.4421668476233415,10
1604,0.776877591440084,0.7380337118680798,0.33693383974566776,10
1605,0.522116543208912,0.49601071604846636,0.3072714409731099,10
1606,0.2978112586692559,0.2829206957357931,0.9898841717466226,10
1607,0.5280881755053675,0.5016837667300991,0.6365166407310192,10
1608,0.04063371236712731,0.038602026748770946,1.0,10
1609,0.592542689650494,0.5629155551679692,0.5104395281108576,10
1610,0.39429725156566214,0.374582388987379,0.8486046861546646,10
1611,0.6002685244807318,0.5702550982566952,0.49976236719594364,10
1612,0.9186703241414064,0.8727368079343361,0.14264288023915334,10
1613,0.850832971677085,0.8082913230932307,0.2070587245506322,10
1614,0.1419848271945387,0.13488558583481175,0.7127088134383641,10
1615,0.6273678266107093,0.5959994352801739,0.40425594019326366,10
1616,0.8403480596793356,0.7983306566953687,0.14574140616013634,10
1617,0.2953568838082958,0.28058903961788095,0.8549935953459645,10
1618,0.8583407923449006,0.8154237527276555,0.23964035241221407,10
1619,0.8741955661138825,0.8304857878081884,0.1498758807628536,10
1620,0.23137093977267748,0.2198023927840436,0.6166728359078273,10
1621,0.593906906882029,0.5642115615379275,0.2979500872521291,10
1622,0.07055741638806297,0.06702954556865982,1.0,10
1623,0.7720650113927608,0.7334617608231228,0.19707826815440765,10
1624,0.14137249433680388,0.13430386961996368,0.6448178560148897,10
1625,0.7494512805305543,0.7119787165040266,0.3333898590838107,10
1626,0.2734830403458399,0.2598088883285479,0.6581522066879301,10
1627,0.29829670928841884,0.2833818738239979,0.8935996312147049,10
1628,0.7238562498681715,0.687663437374763,0.3989868658902136,10
1629,0.32322259643343676,0.3070614666117649,0.681817934813667,10
1630,0.5491885577755371,0.5217291298867602,0.35297513926290847,10
1631,0.3409171735321213,0.32387131485551524,0.8376942371971217,10
1632,0.8130268006510847,0.7723754606185305,0.285728492196731,10
1633,0.6929415392787681,0.6582944623148297,0.45022208815494774,10
1634,0.8022222653867404,0.7621111521174033,0.1854593825589463,11
1635,0.296426740512024,0.28160540348642277,0.4596210235768409,11
1636,0.33350893652884406,0.3168334897024018,0.5232162761293291,11
1637,0.31107731249983367,0.295523446874842,0.8545577356870294,11
1638,0.6491568794903729,0.6166990355158543,0.469872703387907,11
1639,0.6883800946681756,0.6539610899347668,0.24234033612667402,11
1640,0.10189633609723704,0.09680151929237518,0.8068138028791806,11
1641,0.40795190330561226,0.38755430814033165,0.729833150151958,11
1642,0.6213945842472534,0.5903248550348906,0.44299946229525,11
1643,0.3514466362747015,0.33387430446096644,0.7420697464238305,11
1644,0.5463903271356826,0.5190708107788984,0.5265031294417648,11
1645,0.7007758094296206,0.6657370189581395,0.29454792565524873,11
1646,0.6782458582414157,0.6443335653293449,0.2944066896217941,11
1647,0.6529509336046453,0.620303386924413,0.4147022673204748,11
1648,0.4227135655330716,0.401577887256418,0.417659763313533,11
1649,0.3186123747078877,0.3026817559724933,0.5468647426565815,11
1650,0.29275195659827363,0.27811435876835994,0.5694989607548683,11
1651,0.7102498891241689,0.6747373946679603,0.2294060046273548,11
1652,0.018890663702717903,0.017946130517582006,1.0,11
1653,0.8615322205604634,0.8184556095324402,0.23728045010342053,11
1654,0.19814632689910833,0.1882390105541529,0.6261795504151619,11
1655,0.8905762706240062,0.8460474570928059,0.1827117875110866,11
1656,0.6395204786484349,0.607544454716013,0.3793389428098543,11
1657,0.1617041726227888,0.15361896399164934,1.0,11
1658,0.14493805942661278,0.13769115645528213,0.8213596640705265,11
1659,0.8868791907450656,0.8425352312078123,0.20419149046068713,11
1660,0.7485507708175526,0.711123232276675,0.1756515879790783,11
1661,0.07114917739666579,0.0675917185268325,0.6934553090750943,11
1662,0.7472436875609072,0.7098815031828618,0.27469992510960456,11
1663,0.0566179079309352,0.05378701253438844,1.0,11
1664,0.3015178290250823,0.28644193757382813,0.5504910760295625,11
1665,0.4875283928942493,0.46315197324953683,0.3742954495421902,11
1666,0.2615872553102516,0.24850789254473904,0.5094146230403935,11
1667,0.2735941580801527,0.25991445017614506,0.9885949872168353,11
1668,0.08736817290350386,0.08299976425832867,0.727666468613518,11
1669,0.5540403324717568,0.5263383158481689,0.42964727234369576,11
1670,0.5468033054433332,0.5194631401711666,0.5067526448174804,11
1671,0.878926777085603,0.8349804382313227,0.14678395969640073,11
1672,0.7632041354824378,0.7250439287083159,0.3093300518130805,11
1673,0.43229872422915727,0.4106837880176994,0.8232241926879597,11
1674,0.8405128904557505,0.7984872459329629,0.1988107688388175,11
1675,0.8422406163521639,0.8001285855345556,0.2609016034110713,11
1676,0.3532713155887295,0.335607749809293,0.7021981141754386,11
1677,0.5518861736072225,0.5242918649268613,0.35428540053866375,11
1678,0.5166547209511546,0.49082198490359685,0.5559747075508613,11
1679,0.7137694123780797,0.6780809417591757,0.4222340946996953,11
1680,0.42363310473537463,0.4024514494986059,0.3934929409170021,11
1681,0.6485250395684085,0.616098787589988,0.34207138538397386,11
1682,0.8480461277360567,0.8056438213492538,0.24675633148495807,11
1683,0.7197998792034412,0.6838098852432691,0.4199182366170187,11
1684,0.7982763483725335,0.7583625309539067,0.2776232705965976,11
1685,0.4587341241319923,0.43579741792539267,0.4987552950300565,11
1686,0.5157706402038837,0.48998210819368954,0.462939948687865,11
1687,0.7569892983505502,0.7191398334330227,0.37328918056428806,11
1688,0.5611029489124959,0.533047801466871,0.4281323930322642,11
1689,0.808506292210341,0.7680809775998239,0.1964847037628171,11
1690,0.38195706365547233,0.3628592104726987,0.8783830582312606,11
1691,0.4291410732243948,0.40768401956317507,0.6601301579992631,11
1692,0.5859769086597152,0.5566780632267294,0.5014053916982663,11
1693,0.5814568217354293,0.5523839806486579,0.4970354198174606,11
1694,0.6517801373305073,0.6191911304639819,0.41107365526653644,11
1695,0.508082166206305,0.4826780578959897,0.5247585995054973,11
1696,0.14946077811379302,0.14198773920810337,0.6948017198936816,11
1697,0.149184113214447,0.14172490755372463,0.603603486199259,11
1698,0.6706900327939578,0.6371555311542598,0.4810922021364532,11
1699,0.4492506284155136,0.4267880969947379,0.5006838238520263,11
1700,0.7450928134297496,0.7078381727582621,0.31637091861837907,11
1701,0.6801849016237735,0.6461756565425848,0.4119020620155001,11
1702,0.544782694366231,0.5175435596479194,0.44768394901824393,11
1703,0.01767892250354988,0.016794976378372385,1.0,11
1704,0.8361256256615067,0.7943193443784313,0.2164944533431767,11
1705,0.05931543847710774,0.05634966655325235,0.5794333700670684,11
1706,0.3159409634798848,0.3001439153058906,0.7255424201502766,11
1707,0.40698530529002275,0.3866360400255216,0.6009753108700994,11
1708,0.08798096377089518,0.08358191558235041,1.0,11
1709,0.8751981211789829,0.8314382151200337,0.18004200812801474,11
1710,0.47438901464504674,0.4506695639127944,0.3682732859824864,11
1711,0.5611332749512642,0.533076611203701,0.5979867770030378,11
1712,0.4702315367679694,0.4467199599295709,0.7154751055002938,11
1713,0.4221303057928602,0.4010237905032172,0.6447553620510309,11
1714,0.8663968309683604,0.8230769894199423,0.24461815104022738,11
1715,0.10185394253969587,0.09676124541271107,1.0,11
1716,0.46002913971821485,0.4370276827323041,0.45559995089375155,11
1717,0.7367562490467696,0.6999184365944311,0.33064160778892987,11
1718,0.8545951395436683,0.8118653825664849,0.11604600790505712,11
1719,0.42778108652020713,0.4063920321941968,0.5899892297237374,11
1720,0.2539179947805591,0.24122209504153114,0.5648511950730363,11
1721,0.19400864536000453,0.1843082130920043,1.0,11
1722,0.4016322629631248,0.38155064981496856,0.667980567115605,11
1723,0.05173534998519773,0.04914858248593784,1.0,11
1724,0.6787696561423989,0.644831173335279,0.45243348428012453,11
1725,0.756484476505617,0.7186602526803362,0.248876678450348,11
1726,0.36539973421723904,0.3471297475063771,0.6177501715658134,11
1727,0.13332412578542968,0.12665791949615818,0.9231817794933423,11
1728,0.23567705216756754,0.22389319955918915,0.6481667852134028,11
1729,0.4475218566776957,0.42514576384381086,0.6334876549373855,11
1730,0.691808142749896,0.6572177356124012,0.23853090840132907,11
1731,0.4646209448212159,0.44138989758015507,0.6036639030319494,11
1732,0.4056455454791256,0.3853632682051693,0.40209489401165277,11
1733,0.46081531838887335,0.43777455246942965,0.722371909913242,11
1734,0.7339868635621012,0.6972875203839961,0.21916668475479806,11
1735,0.1554769775929179,0.14770312871327199,1.0,11
1736,0.6981057611384425,0.6632004730815203,0.3059321391723578,11
1737,0.8958741841289749,0.8510804749225261,0.1800322016715008,11
1738,0.3386910396425089,0.32175648766038345,0.70667070356694,11
1739,0.6199129854303759,0.5889173361588571,0.3067251539109656,11
1740,0.4080116089383171,0.3876110284914012,0.8448850197341512,11
1741,0.3468432798010263,0.32950111581097496,0.7267011698731255,11
1742,0.8070818150401181,0.7667277242881122,0.20508166620910517,11
1743,0.17935134583280185,0.17038377854116174,1.0,11
1744,0.8428954371803594,0.8007506653213414,0.2584168951744039,11
1745,0.5382023959932026,0.5112922761935424,0.6200697180355932,11
1746,0.21402114526835245,0.2033200880049348,0.9863407191418428,11
1747,0.06594729103415646,0.06264992648244863,0.6889293861892674,11
1748,0.40132357385478257,0.38125739516204343,0.6526271964959053,11
1749,0.02023360952677888,0.019221929050439936,1.0,11
1750,0.39142253020960344,0.37185140369912323,0.6659092933096264,11
1751,0.8968192971314684,0.851978332274895,0.1434366666012287,11
1752,0.34883325669849247,0.3313915938635678,0.8745535836533354,11
1753,0.461696356532121,0.4386115387055149,0.4825657806070401,11
1754,0.3817824736482167,0.3626933499658059,0.5026131136620415,11
1755,0.07093099772443162,0.06738444783821004,0.8774615244390888,11
1756,0.04980213435928716,0.0473120276413228,1.0,11
1757,0.03251727726102346,0.030891413397972283,0.6116487628875249,11
1758,0.820663025129715,0.7796298738732292,0.1554695096447503,11
1759,0.8258416625559926,0.7845495794281929,0.29566740352468723,11
1760,0.43124444395235656,0.40968222175473873,0.5940403343211131,11
1761,0.180700254000725,0.17166524130068875,0.6750544792867791,11
1762,0.44342037476341345,0.42124935602524277,0.6794801051841789,11
1763,0.10014528997711154,0.09513802547825596,0.7643695932928427,11
1764,0.45130547442102387,0.42874020069997265,0.6121994320097195,11
1765,0.25701465270766244,0.2441639200722793,0.5049555376041308,11
1766,0.3983235880462639,0.37840740864395067,0.6418618999162262,11
1767,0.7696413706353249,0.7311593021035586,0.21593880029362986,11
1768,0.41819103408983105,0.3972814823853395,0.8341019577856698,11
1769,0.9009966484745683,0.8559468160508398,0.11984403476385802,11
1770,0.25196618769365026,0.23936787830896772,0.6935150960951189,11
1771,0.7398319177212542,0.7028403218351915,0.3510541427970531,11
1772,0.5228765586377428,0.49673273070585566,0.3261883974637529,11
1773,0.8030098758137083,0.7628593820230228,0.2014819720399993,11
1774,0.8512196244261933,0.8086586432048836,0.1268413500784163,11
1775,0.046022455593415716,0.04372133281374493,0.9247965464470256,11
1776,0.7263764575944616,0.6900576347147385,0.3435280031576138,11
1777,0.18765635411761797,0.17827353641173707,0.5837711562632154,11
1778,0.2894107280465584,0.27494019164423045,0.6760943756396893,11
1779,0.25536500211605273,0.24259675201025008,0.6126854820069664,11
1780,0.6289312463390353,0.5974846840220835,0.25460388758711483,11
1781,0.2203241412925538,0.2093079342279261,1.0,11
1782,0.7287542188811577,0.6923165079370998,0.4208846791184239,11
1783,0.7996572267890478,0.7596743654495954,0.1459568244273897,11
1784,0.3876824808484246,0.36829835680600337,0.4502510723444773,11
1785,0.08494822271412796,0.08070081157842156,0.700435777075512,11
1786,0.6426492935694218,0.6105168288909507,0.4027323315176808,11
1787,0.5296075470560313,0.5031271697032297,0.49283621787177684,11
1788,0.17205856274425813,0.1634556346070452,0.9503583400563717,11
1789,0.3320921166814909,0.31548751084741633,0.639132436431106,11
1790,0.720807749909761,0.6847673624142729,0.4126263321830602,11
1791,0.38625833782218677,0.3669454209310774,0.855869944819563,11
1792,0.27600823787673906,0.2622078259829021,0.9461814718458096,11
1793,0.22519263538585996,0.21393300361656695,1.0,11
1794,0.05504087426055746,0.052288830547529586,1.0,11
1795,0.8459478851312789,0.803650490874715,0.1369001723621271,11
1796,0.8972874082206193,0.8524230378095883,0.11136690547380024,11
1797,0.591271455792385,0.5617078830027658,0.5449079504645117,11
1798,0.09003875736952552,0.08553681950104924,1.0,11
1799,0.05764743867701,0.05476506674315949,1.0,11
1800,0.3671927559983481,0.3488331181984307,0.8610935017204183,11
1801,0.3599631323920914,0.3419649757724868,0.8248254422384258,11
1802,0.4434520106808312,0.4212794101467896,0.743568702999872,11
1803,0.07865377132069235,0.07472108275465772,0.6787657220232675,11
1804,0.3786979904372538,0.35976309091539105,0.6852048983468088,11
1805,0.6865234313853773,0.6521972598161084,0.43451107770702546,11
1806,0.6552301883966959,0.6224686789768611,0.2703668772967077,11
1807,0.4195719431793387,0.3985933460203718,0.7332432229204118,11
1808,0.5553161680577214,0.5275503596548353,0.30579952405588745,11
1809,0.06755084732255331,0.06417330495642565,0.8818170203630354,11
1810,0.47882215023753405,0.4548810427256573,0.339338093535004,11
1811,0.04976961588964943,0.04728113509516695,1.0,11
1812,0.6747392030869339,0.6410022429325872,0.4666060182199761,11
1813,0.5276689010561942,0.5012854560033845,0.576745703627315,11
1814,0.34350240484668193,0.32632728460434784,0.4356236432623434,11
1815,0.14152356722270296,0.1344473888615678,1.0,11
1816,0.8771391233784837,0.8332821672095594,0.1615063305062534,11
1817,0.13299948438820697,0.1263495101687966,1.0,11
1818,0.14083016456299557,0.1337886563348458,1.0,11
1819,0.6085500558309378,0.5781225530393909,0.3004287711012177,11
1820,0.3932890915703075,0.3736246369917921,0.5269400515207631,11
1821,0.6369861876805986,0.6051368782965686,0.35819606007264365,11
1822,0.790936604458048,0.7513897742351456,0.16294688534705679,12
1823,0.15957480427040777,0.15159606405688736,1.0,12
1824,0.13525225462839335,0.12848964189697368,1.0,12
1825,0.47710692216458,0.45325157605635097,0.4598598661462038,12
1826,0.7690425529608397,0.7305904253127976,0.3096722526464884,12
1827,0.48796891578267504,0.4635704699935413,0.6773878686166012,12
1828,0.6537134651465707,0.6210277918892422,0.41328928994948694,12
1829,0.23377210650251098,0.22208350117738543,0.5242171012005293,12
1830,0.7378452230340938,0.7009529618823891,0.22149654261017326,12
1831,0.28604056063776834,0.27173853260587993,0.6737184899242964,12
1832,0.039541739362959266,0.0375646523948113,1.0,12
1833,0.5790306417776319,0.5500791096887503,0.4688193839785302,12
1834,0.19692572196378696,0.1870794358655976,0.9287201565626237,12
1835,0.26678291314007113,0.2534437674830676,0.7696040769878014,12
1836,0.6156798639149756,0.5848958707192269,0.35877381177690193,12
1837,0.390469825198935,0.37094633393898824,0.453803494541233,12
1838,0.5110173147211876,0.4854664489851282,0.5458502335743377,12
1839,0.8104974488044085,0.769972576364188,0.14223262306851087,12
1840,0.09747720540238602,0.09260334513226672,0.5916997194925909,12
1841,0.44111330484098177,0.41905763959893266,0.3901844406124071,12
1842,0.4609007271231467,0.4378556907669894,0.6484530064197767,12
1843,0.27124705305779395,0.25768470040490427,0.5671310702963273,12
1844,0.18548119278866462,0.1762071331492314,0.5834146844896753,12
1845,0.7267537178837276,0.6904160319895412,0.4058714084765362,12
1846,0.38847784588430206,0.36905395359008697,0.5656610177253019,12
1847,0.43071171136002406,0.40917612579202284,0.6732018962774028,12
1848,0.6892473576907825,0.6547849898062433,0.43482859436383303,12
1849,0.38651457108926934,0.3671888425348059,0.6274591766016377,12
1850,0.5327968653216443,0.506157022055562,0.5009280690425871,12
1851,0.050432522232302435,0.04791089612068731,0.7468514653698836,12
1852,0.5057363897071689,0.48044957022181045,0.4945185763597588,12
1853,0.07967278335227986,0.07568914418466585,0.7881174099934026,12
1854,0.7952994824809344,0.7555345083568876,0.20089106081439514,12
1855,0.30216400538070276,0.2870558051116676,0.9416044081676195,12
1856,0.1586885430486989,0.15075411589626395,0.8580250391151423,12
1857,0.3642245962432517,0.3460133664310891,0.49189094799733785,12
1858,0.4475880803131638,0.42520867629750564,0.6574406727747875,12
1859,0.38418259478369565,0.36497346504451084,0.39775466078656363,12
1860,0.725855177045109,0.6895624181928536,0.20817332341181274,12
1861,0.11609109897081925,0.11028654402227828,0.5398116010464176,12
1862,0.6802741254942433,0.646260419219531,0.34987164148809297,12
1863,0.6439838134391559,0.611784622767198,0.39931537867177763,12
1864,0.8171555711272895,0.776297792570925,0.14476845581077874,12
1865,0.7972741926224004,0.7574104829912803,0.1482669684542366,12
1866,0.45662830665591486,0.4337968913231191,0.5296817706395905,12
1867,0.31461972263282,0.298888736501179,0.7286137871022639,12
1868,0.39094997809490983,0.37140247919016434,0.6187331344229153,12
1869,0.9967117590910068,0.9468761711364565,0.054008423173551326,12
1870,0.5967333720735004,0.5668967034698253,0.40822579301125295,12
1871,0.46022452586357343,0.43721329957039473,0.4517035682616294,12
1872,0.10399294021685945,0.09879329320601647,0.5943101247925127,12
1873,0.11783023498334731,0.11193872323417994,1.0,12
1874,0.5366516817649029,0.5098190976766577,0.5376373761410735,12
1875,0.3421184640081839,0.3250125408077747,0.44211885799196987,12
1876,0.6988905723125585,0.6639460436969306,0.29806212516366615,12
1877,0.35545237494339704,0.3376797561962272,0.6212605262190838,12
1878,0.7467367610955563,0.7093999230407785,0.29350635638712236,12
1879,0.9401240548634222,0.8931178521202511,0.10127215891269263,12
1880,0.12823370212659557,0.1218220170202658,0.7117112744650164,12
1881,0.26625851529533817,0.2529455895305712,0.5646436666429928,12
1882,0.34301471254821275,0.3258639769208021,0.6610107855114447,12
1883,0.3248458344158217,0.3086035426950306,0.5083564270595079,12
1884,0.7696212387580158,0.731140176820115,0.33557427153154207,12
1885,0.412313498253946,0.39169782334124864,0.5923963690097358,12
1886,0.9236140746064236,0.8774333708761024,0.127761012961966,12
1887,0.552880617408884,0.5252365865384397,0.6096290930127929,12
1888,0.09684117337252171,0.09199911470389562,0.9577187976581627,12
1889,0.8245502288366978,0.7833227173948629,0.22621324109939325,12
1890,0.711422311411398,0.6758511958408281,0.30522389008518525,12
1891,0.10721535098344928,0.10185458343427681,1.0,12
1892,0.06128421608211824,0.05822000527801233,1.0,12
1893,0.2928577006295877,0.2782148155981083,0.4985149610325523,12
1894,0.40565666456425925,0.38537383133604625,0.4804254870067797,12
1895,0.18072183234428987,0.17168574072707538,0.9989449396471205,12
1896,0.5857398292574701,0.5564528377945966,0.3274512652252061,12
1897,0.7936235795489913,0.7539424005715417,0.32495512872666454,12
1898,0.021904369284919557,0.020809150820673576,0.7923259814504389,12
1899,0.289774499927657,0.27528577493127415,0.7911067690398949,12
1900,0.5329935609055129,0.5063438828602372,0.5254597476919668,12
1901,0.8184100263543264,0.77748952503661,0.23637979256084166,12
1902,0.4715546493333528,0.4479769168666851,0.5561615312067537,12
1903,0.36981958526861824,0.35132860600518734,0.895102391235858,12
1904,0.23470964731802174,0.22297416495212063,0.9146032027703074,12
1905,0.21796603637927428,0.20706773456031055,0.8339130646894521,12
1906,0.6515824988930603,0.6190033739484072,0.2752279442308044,12
1907,0.18830833335177694,0.17889291668418808,0.5937894178190488,12
1908,0.028766134876056813,0.02732782813225397,1.0,12
1909,0.36513822158738163,0.3468813105080125,0.8837372310800705,12
1910,0.0536392553283337,0.05095729256191701,1.0,12
1911,0.5029253901944004,0.47777912068468037,0.6169247121040023,12
1912,0.4385744785391667,0.4166457546122083,0.5776633622313533,12
1913,0.11816754670378316,0.112259169368594,1.0,12
1914,0.5769990822912138,0.5481491281766531,0.5091925026791417,12
1915,0.5108301800528751,0.48528867105023127,0.33435121354851477,12
1916,0.6378307053054042,0.605939170040134,0.5447174148107979,12
1917,0.8097159363020395,0.7692301394869375,0.2665615190872126,12
1918,0.052242241144046096,0.04963012908684379,1.0,12
1919,0.9482295023069233,0.9008180271915771,0.10170701280871705,12
1920,0.10888244826484424,0.10343832585160202,0.8930590338773959,12
1921,0.11555366856936629,0.10977598514089797,0.8874277007079682,12
1922,0.7168373378906926,0.680995470996158,0.2775010281615726,12
1923,0.2059558953026792,0.19565810053754523,1.0,12
1924,0.7435845071511131,0.7064052817935574,0.22319130660208542,12
1925,0.689327453938377,0.6548610812414581,0.4548067466319774,12
1926,0.05904914211567759,0.05609668500989371,0.6846019154294041,12
1927,0.957199285473066,0.9093393211994126,0.07777892498293519,12
1928,0.6875720851856988,0.6531934809264138,0.3757338542862327,12
1929,0.5739494696255433,0.5452519961442661,0.5239306145700248,12
1930,0.8988877566777799,0.8539433688438909,0.1028351127178856,12
1931,0.06637981615516919,0.06306082534741073,1.0,12
1932,0.3145034137046227,0.29877824301939154,0.5947323841854124,12
1933,0.5323337632903298,0.5057170751258132,0.6617758909385701,12
1934,0.04137953013074175,0.03931055362420466,1.0,12
1935,0.5477721701752996,0.5203835616665345,0.29362722459942747,12
1936,0.004047997534597706,0.00384559765786782,0.8300580204072004,12
1937,0.266822549468567,0.2534814219951386,1.0,12
1938,0.13579143469028496,0.1290018629557707,0.709509542177405,12
1939,0.5739426219564471,0.5452454908586247,0.5390130584444542,12
1940,0.3925120632492701,0.3728864600868066,0.5513385771369841,12
1941,0.12514144037574176,0.11888436835695466,0.6762329544481975,12
1942,0.46725790841913417,0.44389501299817746,0.7427989885565429,12
1943,0.1993823013635442,0.189413186295367,0.7338161718501689,12
1944,0.4653146334555195,0.4420489017827435,0.358727881402756,12
1945,0.5777876538998686,0.5488982712048752,0.3498091706888495,12
1946,0.09289259201582623,0.08824796241503491,0.9674162207802788,12
1947,0.22134430782667822,0.2102770924353443,0.7751825200997852,12
1948,0.7704132863571475,0.7318926220392901,0.35192697585120347,12
1949,0.1308426772928589,0.12430054342821595,1.0,12
1950,0.9924350019800713,0.9428132518810677,0.03789157711643738,12
1951,0.6561027253422105,0.6232975890750999,0.4400329307661628,12
1952,0.016992263657958768,0.01614265047506083,1.0,12
1953,0.0013285235158840836,0.0012620973400898794,0.9638647254622131,12
1954,0.8570282736019377,0.8141768599218407,0.20909326942161757,12
1955,0.8287366177020187,0.7872997868169177,0.2897476560868988,13
1956,0.748004305652242,0.7106040903696298,0.29380956639777184,13
1957,0.26615412614887635,0.2528464198414325,0.9331963640172622,13
1958,0.17879362997409762,0.16985394847539273,0.5728644688131059,13
1959,0.5981538279538019,0.5682461365561118,0.5837868404455071,13
1960,0.8782253751832346,0.8343141064240729,0.16924494855373132,13
1961,0.021965556008511543,0.020867278208085965,0.5988920017994518,13
1962,0.05878269634994462,0.055843561532447385,0.8034606276994292,13
1963,0.8422651803457442,0.8001519213284569,0.22338747383555013,13
1964,0.5028360492191691,0.47769424675821065,0.4000310878759507,13
1965,0.17477447024461337,0.1660357467323827,1.0,13
1966,0.1331327544030963,0.12647611668294148,0.608783544755377,13
1967,0.21483036229169203,0.20408884417710743,0.9044773879309114,13
1968,0.7580828381763086,0.7201786962674932,0.2630036038937077,13
1969,0.06509844380576348,0.0618435216154753,1.0,13
1970,0.921009003142306,0.8749585529851907,0.17373314035306953,13
1971,0.9200302812168473,0.8740287671560049,0.14936974257319055,13
1972,0.39816092471106707,0.3782528784755137,0.7977260321321599,13
1973,0.715966537135292,0.6801682102785274,0.2949186663085399,13
1974,0.4402881857692949,0.41827377648083014,0.5935658716710832,13
1975,0.07583814251980216,0.07204623539381205,0.9665619655680203,13
1976,0.2710054816488218,0.25745520756638074,0.8478808626404177,13
1977,0.3642347056395329,0.34602297035755625,0.5263416072656514,13
1978,0.7861283816679432,0.746821962584546,0.16547760220544352,13
1979,0.5372664605887397,0.5104031375593027,0.6394905881649352,13
1980,0.035595317507491384,0.03381555163211681,1.0,13
1981,0.7306346834052295,0.6941029492349681,0.37916082877791757,13
1982,0.43775503417461525,0.41586728246588445,0.568843676475055,13
1983,0.809198381769224,0.7687384626807627,0.18183147751689674,13
1984,0.49598283555430095,0.47118369377658587,0.6782854874947478,13
1985,0.14044848351753303,0.13342605934165638,1.0,13
1986,0.46465086331550987,0.44141832014973437,0.35384120449249823,13
1987,0.6746809189745115,0.6409468730257859,0.3329807963976454,13
1988,0.08494380692356109,0.08069661657738303,0.9816637275547228,13
1989,0.18163586131688728,0.1725540682510429,0.4974595608461122,13
1990,0.8361749112507878,0.7943661656882484,0.21994740321493267,13
1991,0.6786604265648926,0.644727405236648,0.39844876722287226,13
1992,0.33803423721282494,0.3211325253521837,0.9329996705937936,13
1993,0.9024413326614813,0.8573192660284072,0.14595728510981032,13
1994,0.10666265931976737,0.101329526353779,0.5855066164739386,13
1995,0.5815378848485128,0.5524609906060871,0.5027736031776873,13
1996,0.000955453535370902,0.0009076808586023569,0.9543966434246306,13
1997,0.7773793339630076,0.7385103672648572,0.22343964135119207,13
1998,0.7569614355275645,0.7191133637511862,0.33343892921220997,13
1999,0.274648434965893,0.26091601321759833,0.4594865335358533,13
