step,coherence,ethical,symbolic,entropy,effective_archetype,memory_influence
0,0.5780493528798158,0.6705372493405864,0.6194642057242782,0.4379122227559274,1.0,0.0
1,0.707945920772641,0.8212172680962636,0.7961093087012625,0.25237048236508297,1.0,0.7014048883518367
2,0.5546949044633255,0.6434460891774576,0.5842526623850637,0.4929461155889623,1.0,0.7039366991641538
3,0.4808425691775928,0.5577773802460078,0.4703286654070321,0.5613021018966983,1.0,0.7058627392579238
4,0.8135514222553697,0.9437196498162289,0.9060549032324201,0.19977983279768402,1.0,0.7071337544430063
5,0.7416343085551443,0.8602957979239675,0.8347693282573158,0.29872689442778444,1.0,0.7092060448200915
6,0.7996922276888663,0.927642984119085,0.8935076118644931,0.14925090321735257,1.0,0.7115600189098005
7,0.5571735135667617,0.6463212757374437,0.5880203403849231,0.33786505767917663,1.0,0.7142382744431164
8,0.6342236980017852,0.735699489682071,0.7005744175854592,0.4267778052670661,1.0,0.7165866907033818
9,0.688826559624126,0.7990388091639863,0.7727177966352003,0.3967238310646293,1.0,0.718824705817003
10,0.3806251139822385,0.44152513221939677,0.3202732840310385,0.6811828151169249,1.0,0.7210619067010666
11,0.5909834650473763,0.6855408194549566,0.638641590168867,0.4416522683092964,1.0,0.7227819288307089
12,0.6864211056817191,0.7962484825907943,0.7697027977523621,0.39522793682705365,1.0,0.7243908355498103
13,0.6747951322620097,0.7827623534239314,0.7549096228554415,0.33537376274064334,1.0,0.7260332608610499
14,0.4997116856155033,0.5796655553139839,0.4995531127814209,0.4248567678852061,1.0,0.7276815678417369
15,0.6307425143179286,0.7316613166087973,0.6957297763675455,0.41284813801139214,1.0,0.7291181259819739
16,0.5790097540325587,0.6716513146777682,0.6208968935841749,0.5242967937960576,1.0,0.7305169848831434
17,0.7786455439497816,0.9032288309817468,0.8733727175899522,0.23609038624061238,1.0,0.7318238646579811
18,0.6123206353557746,0.7102919370126987,0.6696610200240447,0.44856976163766515,1.0,0.7332467175101163
19,0.8737448990154095,1.0,0.9542251711858731,0.15274872107980317,1.0,0.7346081586000837
20,0.672485663770202,0.7800833699734344,0.7519280099291827,0.3981438057132134,1.0,0.7361471847357022
21,0.6044842073273733,0.7012016804997531,0.6583650018394269,0.5116628388731946,1.0,0.7376651577565019
22,0.5691424887359621,0.660205286933716,0.6061160665198088,0.5245467621575794,1.0,0.7391047882761788
23,0.6779523021915673,0.7864246705422182,0.7589627833915974,0.4042261045825607,1.0,0.7404436202952598
24,0.6317589003566008,0.732840324413657,0.6971470271591091,0.3856203891340104,1.0,0.741771085927605
25,0.6198392552081717,0.7190135360414793,0.6803857826108801,0.37758632377837653,1.0,0.7430519630295886
26,0.4753117480136293,0.5513616276958101,0.46178172712439164,0.5656390731517642,1.0,0.7442799175459718
27,0.7632524995860115,0.8853728995197734,0.8578134222551785,0.23332455380439937,1.0,0.7453612592808254
28,0.7448719024648695,0.8640514068592486,0.8383089923539422,0.18394959094599095,1.0,0.7464933323968949
29,0.7014200587978456,0.813647268205501,0.7882408381172087,0.24552123671999254,1.0,0.7476574703315466
30,0.6073918920793957,0.704574594812099,0.6625699863333754,0.3490057576503371,1.0,0.748822238233219
31,0.48062889758579846,0.5575295211995263,0.46999824144209834,0.46835948058037297,1.0,0.7499307263896415
32,0.647993433116303,0.7516723824149115,0.7194659585047499,0.3994208978606713,1.0,0.7509146525530317
33,0.8347934243506158,0.9683603722467145,0.9242089910215839,0.171758932012351,1.0,0.7518745771085205
34,0.6458261430019485,0.7491583258822604,0.7165219613944727,0.29856720014647464,1.0,0.7529097897363514
35,0.5153170497209155,0.5977677776762621,0.5237298296529874,0.5125856399197611,1.0,0.7539149008605744
36,0.5473669526463921,0.634945665069815,0.5730775147239917,0.5316968953457057,1.0,0.7548255059310336
37,0.5484636668027999,0.6362178534912479,0.5747532597623658,0.46536716261603844,1.0,0.7556635104994158
38,0.5420677388610498,0.6287985770788178,0.5649656521488967,0.5505825225693212,1.0,0.7564339953585397
39,0.614683182533921,0.7130324917393484,0.6730432461637812,0.4664093902514119,1.0,0.7571382074443357
40,0.6888417085379579,0.7990563819040313,0.7727367339893237,0.32094255909759734,1.0,0.7578129698010343
41,0.7551475333597836,0.8759711386973491,0.8493369658834238,0.18745089636483678,1.0,0.758492129340048
42,0.6230902997893687,0.7227847477556678,0.6849873632907564,0.2801151995837442,1.0,0.7592027975921156
43,0.5697751970033605,0.6609392285238983,0.607067777308895,0.4785836316005824,1.0,0.7598863363376432
44,0.7261359475779404,0.842317699190411,0.8173957574181101,0.331724658773983,1.0,0.7605220128042771
45,0.4566205547102875,0.5296798434639336,0.4330242237960795,0.541744011865276,1.0,0.761175022988015
46,0.5543880516499403,0.6430901399139308,0.5837857750013484,0.5461464137359,1.0,0.7617378015492171
47,0.7553628347065825,0.8762208882596358,0.849564667992398,0.27863167005614436,1.0,0.7622535043212186
48,0.6736530656060317,0.7814375561029968,0.7534369296577716,0.4102272055991233,1.0,0.7628001671393567
49,0.6362028930626173,0.7379953559526362,0.7033166966313079,0.44273048782912255,1.0,0.7633449502205656
50,0.45321321347917215,0.5257273276358397,0.42780940072952733,0.4405511489205267,1.0,0.7638738470889329
51,0.5648352161856629,0.6552088507753691,0.5996236541391325,0.5515675391790295,1.0,0.7643227318055168
52,0.42623551823015643,0.4944332011469815,0.38694374365538237,0.4439249401085237,1.0,0.7647351102452586
53,0.4711854443393005,0.5465751154335886,0.4554145336409861,0.4221872706945065,1.0,0.7650658754249071
54,0.6693118465350277,0.7764017419806323,0.7478076329349951,0.31059856767033894,1.0,0.7653350235660382
55,0.5337058801182368,0.6190988209371548,0.5521208105777287,0.4813208765307303,1.0,0.7656111243326401
56,0.6304855053364787,0.7313631861903154,0.6953710415502198,0.42412810676232265,1.0,0.765849844832825
57,0.6810593337055982,0.7900288270984941,0.7629255728238716,0.3217326786841379,1.0,0.766083889417406
58,0.47249663527182156,0.5480960969153131,0.4574368390974925,0.659066246357301,1.0,0.7663290079761245
59,0.5655273189649395,0.6560116899993299,0.6006684242249163,0.5293535047152702,1.0,0.766520625591533
60,0.6974528939895228,0.8090453570278465,0.7833986091757594,0.3275401590069549,1.0,0.7666897947432572
61,0.7748116805773326,0.898781549469706,0.8695634723106138,0.24209026296387753,1.0,0.7668766652822714
62,0.7039499614807926,0.8165819553177195,0.7913055890248739,0.21858093486266478,1.0,0.767102430444939
63,0.6967342673317152,0.8082117501047897,0.7825167417758174,0.2658809146006527,1.0,0.7673442644651951
64,0.5828252462834548,0.6760772856888076,0.626575303695645,0.3286339070350819,1.0,0.7675989420566929
65,0.4355745823372117,0.5052665155111656,0.4009952352437926,0.5255340276373366,1.0,0.7678339154574867
66,0.6689809293228536,0.7760178780145103,0.7473765090016642,0.24397963437508557,1.0,0.7680099820929167
67,0.7820333265303803,0.9071586587752413,0.8767023585628322,0.2313148096807794,1.0,0.7681931633356819
68,0.47661671296519204,0.5528753870396228,0.46379713514982623,0.4641834112829417,1.0,0.7684128067760463
69,0.5070605284986299,0.5881902130584108,0.5109426827290594,0.5488717348890875,1.0,0.7685869284855613
70,0.5762944473405625,0.6685015589150525,0.6168428928484141,0.358797655557917,1.0,0.768725834880936
71,0.5406896905628767,0.6272000410529371,0.5628523747988096,0.5729978624165649,1.0,0.7688489795182833
72,0.47188893004024896,0.5473911588466889,0.4564994337233457,0.6312802412489732,1.0,0.7689482561324318
73,0.6316269089809192,0.7326872144178664,0.6969631071315744,0.3021183046859609,1.0,0.769007968896663
74,0.591555197851442,0.6862040295076728,0.6394831937195526,0.4082831186402921,1.0,0.7690691487092303
75,0.4513853095108077,0.523606959032537,0.42501606697047783,0.5173401764033013,1.0,0.7691220474565118
76,0.8132845249109204,0.9434100488966678,0.905818553414778,0.13802889986324618,1.0,0.769133885061936
77,0.6688369093273714,0.7758508148197509,0.7471887886435526,0.3271260989065759,1.0,0.7691915184797076
78,0.6181339383699785,0.7170353685091752,0.6779632987875109,0.32164127671303944,1.0,0.7692590564128723
79,0.6080072226781899,0.7052883783067003,0.6634578150531512,0.35271755503389146,1.0,0.7693243546308663
80,0.6424443446509625,0.7452354397951165,0.711905947873825,0.4567102927024241,1.0,0.7693852071535433
81,0.34741812662421295,0.40300502688408707,0.2743385314513235,0.7956693459585361,1.0,0.769449461446739
82,0.6171930029832906,0.7159438834606172,0.676624109691736,0.37165104938505156,1.0,0.7694521261083513
83,0.6609793702459277,0.7667360694852762,0.7368660269235354,0.3513884683444171,1.0,0.7694549918608224
84,0.7104285898790624,0.8240971642597126,0.7990708779734924,0.2933834801454803,1.0,0.769467428773204
85,0.6542748332257624,0.7589588065418845,0.7279344173054444,0.2639346536592319,1.0,0.7694993940835035
86,0.4878345678483448,0.56588809870408,0.48114939198858003,0.5015197060181227,1.0,0.7695380860022217
87,0.655489005740621,0.7603672466591204,0.7295602056044661,0.3028219584687083,1.0,0.7695486901344135
88,0.6954297442270526,0.8066985033033811,0.7809121966624588,0.22855637535181433,1.0,0.7695669540448107
89,0.5561641748434094,0.645150442818355,0.5864868512558274,0.4745373348978453,1.0,0.7696005465635325
90,0.8336977551441278,0.9670893959671883,0.9233040473179197,0.17666327363278625,1.0,0.7696208019067718
91,0.613959182628041,0.7121926518485275,0.6720079414785263,0.39923398407409094,1.0,0.7696832879177629
92,0.49980523838117896,0.5797740765221676,0.49969811951468357,0.42619779705387373,1.0,0.7697428140790668
93,0.804374327146705,0.9330742194901779,0.8978092646935283,0.1883181941870446,1.0,0.7697773982135101
94,0.6497176995067807,0.7536725314278657,0.7218001170047071,0.354350408039782,1.0,0.7698466030083013
95,0.7468869122865457,0.8663888182523931,0.8404962917348844,0.24573094549762942,1.0,0.769919335783985
96,0.7365923177633922,0.8544470886055351,0.8291950603977885,0.24630456251892752,1.0,0.7700135931759315
97,0.549324050880749,0.6372158990216689,0.5760671257488891,0.35056926028131774,1.0,0.7701263303126588
98,0.6848153110382186,0.7943857608043337,0.767681284038346,0.28006236574172183,1.0,0.7702221617432825
99,0.47768433337590843,0.5541138267160538,0.46544655769935606,0.481734591174787,1.0,0.7703265026174391
100,0.795124726701852,0.9223446829741484,0.889249201272769,0.2511940437759103,1.0,0.770401586388114
101,0.452498489593531,0.524898247928496,0.42671682641772724,0.6126704027583328,1.0,0.7705134912129565
102,0.5840113790128167,0.6774531996548675,0.6283361116993769,0.315141754979154,1.0,0.7705760583554416
103,0.4868406388526113,0.5647351410690292,0.4796103456318649,0.4620632747985737,1.0,0.770642025449071
104,0.7187178011515596,0.8337126493358092,0.8088306206514757,0.35423251503736813,1.0,0.7707070931824331
105,0.6929989421478779,0.8038787728915385,0.777909685529854,0.3001459139788999,1.0,0.7707531388319956
106,0.5157674185376023,0.5982902055036188,0.5244268483871748,0.5460840746116064,1.0,0.7707890487461179
107,0.5904257431672489,0.6848938620740088,0.6378200924515312,0.4865346179212568,1.0,0.7707727748971693
108,0.7381478963683037,0.8562515597872324,0.8309228844104652,0.18410603104257364,1.0,0.7707629746650172
109,0.6010449560203698,0.697212148983629,0.6533711186794962,0.44824735695517365,1.0,0.7707721747955356
110,0.5775288180804073,0.6699334289732726,0.6186871376773007,0.3821797526931266,1.0,0.7707652982334899
111,0.5966500612014014,0.6921140709936258,0.6469587151950508,0.31069214225460406,1.0,0.7707940706350432
112,0.4205285929610683,0.4878131678348393,0.37841490729367805,0.547305347748547,1.0,0.7708229998518576
113,0.5295790208813516,0.6143116642223679,0.5457640963982111,0.3668058192563606,1.0,0.7708032005398779
114,0.7272681512212568,0.843631055416658,0.8186888834662246,0.33805886198178464,1.0,0.7707578563072093
115,0.664534209981532,0.7708596835785773,0.7415557640438943,0.3957609676646859,1.0,0.7707548325653295
116,0.5541366592406908,0.6427985247192014,0.5834032004085288,0.39857646667553864,1.0,0.7707579820409256
117,0.7186348395347236,0.8336164138602795,0.8087339257070936,0.2221570764156877,1.0,0.7707565598751913
118,0.3219784002647535,0.3734949443071141,0.24094855059338538,0.6582655757398175,1.0,0.7707443784476342
119,0.8468070798222537,0.9822962125938144,0.9339105520361362,0.12717172583228048,1.0,0.7706803008605876
120,0.6803180936840646,0.789168988673515,0.7619825310080774,0.24698599492442483,1.0,0.7706132967936976
121,0.6443715109086595,0.7474709526540452,0.714539755699388,0.4477334944674757,1.0,0.7705497126861987
122,0.5344022325993456,0.6199065898152409,0.5531923712112399,0.6007465989342784,1.0,0.7704952158165694
123,0.7314139676265076,0.8484402024467489,0.8233918530907256,0.2920768912177804,1.0,0.7704361006069245
124,0.6617744850338901,0.7676584026393126,0.7379177744031296,0.24732612264132323,1.0,0.7703883819533471
125,0.5065856564895713,0.5876393615279029,0.5102068453259679,0.36825386241243285,1.0,0.770347497664619
126,0.6578717976015722,0.7631312852178239,0.7327401586230959,0.4095956243795948,1.0,0.7702874542567834
127,0.8383391293022202,0.9724733899905755,0.9271143094526768,0.2041783833670774,1.0,0.7702620729601086
128,0.5738792205338862,0.665699895819308,0.6132281788895299,0.4407211745029614,1.0,0.7702509686956832
129,0.7266169152303333,0.8428756216671868,0.8179455447467002,0.34407742376775063,1.0,0.7702094188764428
130,0.704652946893511,0.8173974183964728,0.7921539722497194,0.28318043205075016,1.0,0.7701736509859376
131,0.5125631746017791,0.5945732825380639,0.5194665200824299,0.6020866707675916,1.0,0.7701564631220139
132,0.7444031421347925,0.8635076448763594,0.8377984223213752,0.19681524158345604,1.0,0.770145539063871
133,0.8009407848135909,0.9290913103837656,0.894661002491952,0.23493197803448054,1.0,0.7701522964750955
134,0.3429566095830897,0.3978296671163841,0.26836378908042735,0.6825897564560738,1.0,0.7701527576888667
135,0.5228942295593427,0.6065573062888376,0.5354473568067477,0.42276678337789386,1.0,0.7700986885502095
136,0.4459213788710914,0.5172687994904661,0.4166851324908448,0.6379644682530501,1.0,0.7700476053780828
137,0.5493309635906319,0.6372239177651331,0.5760776791430618,0.5133366869762384,1.0,0.7699797944978404
138,0.49446688151876034,0.5735815825617621,0.4914242133286435,0.37022921529785924,1.0,0.769914174057427
139,0.6606179338443309,0.7663168032594239,0.7363874038549769,0.3790170859323173,1.0,0.7698419540759045
140,0.6819897007501368,0.7911080528701587,0.7641071348899797,0.3392365364348654,1.0,0.7697801689490635
141,0.4901164347866981,0.5685350643525698,0.48468359083690504,0.37210371319257923,1.0,0.7697190040146259
142,0.6672330477889679,0.7739903354352028,0.7450946264981959,0.3640286054104517,1.0,0.7696119684304783
143,0.833305896997377,0.9666348405169575,0.9229795777638702,0.19006096255329016,1.0,0.7695160896084949
144,0.4646937731134359,0.5390447768115857,0.44541702329806093,0.5258655744613054,1.0,0.7694705226771701
145,0.5952910743389963,0.6905376462332358,0.6449690371086333,0.2989889812366914,1.0,0.7693792631623815
146,0.7757823887589081,0.8999075709603336,0.8705320840389732,0.23814679437500413,1.0,0.7693157021265695
147,0.7442239337278558,0.8632997631243128,0.8376030575527111,0.2909974458033054,1.0,0.7692938989025118
148,0.49167182061393916,0.5703393119121695,0.48709318689380365,0.5584728197484143,1.0,0.7692707447729994
149,0.6338332265790957,0.7352465428317511,0.7000323574146674,0.26301238432696994,1.0,0.7692155286432738
150,0.6853734956145121,0.7950332549128342,0.7683847726499444,0.30714164610266675,1.0,0.7691615424574729
151,0.6766163381718295,0.7848749522793224,0.7572509156998147,0.23738127781135046,1.0,0.7691509647080306
152,0.410726769554831,0.47644305268360404,0.3638791146578674,0.57533169214521,1.0,0.7691608248930288
153,0.6071839087346398,0.7043333341321822,0.6622697357239856,0.32501244425597076,1.0,0.7691675976977157
154,0.7307318605884997,0.8476489582826597,0.8226215492059603,0.24602020958146914,1.0,0.7691986470418531
155,0.45245248172883146,0.5248448788054445,0.42664651148095123,0.5918187016389439,1.0,0.7692398205081961
156,0.5433063584658697,0.630235375820409,0.5668638113922551,0.39015393620924144,1.0,0.7692651331588385
157,0.6978052710192943,0.8094541143823816,0.7838305022871832,0.2261192326520835,1.0,0.7692739941835252
158,0.6621961616900249,0.768147547560429,0.7384749018659373,0.378863804173705,1.0,0.7692856036461875
159,0.595860095213624,0.691197710447804,0.6458025216861767,0.36132585628013225,1.0,0.7693310107397253
160,0.6431158877872867,0.7460144298332526,0.7128247186882859,0.25048947704697283,1.0,0.7693805155201817
161,0.7135000069885785,0.8276600081067512,0.8027102891861594,0.3638309301857121,1.0,0.7694187544961081
162,0.7957058763486338,0.9230188165644153,0.889794433678754,0.1718634281242571,1.0,0.7694448102015106
163,0.7777460669677737,0.9021854376826176,0.872482944015352,0.2764249876161277,1.0,0.7694866003004273
164,0.6954606786701752,0.8067343872574034,0.7809503006159761,0.2853846422023231,1.0,0.769541718820311
165,0.3634023937369997,0.4215467767349197,0.29613746716572786,0.46031388662447736,1.0,0.7696154581624277
166,0.3520919643765771,0.40842667867682947,0.2806498308883013,0.5771075284276598,1.0,0.769673994330333
167,0.48545795625904375,0.5631312292604909,0.47746975735567687,0.44154311681238173,1.0,0.7696737343995108
168,0.41513934635379796,0.48156164177040567,0.3704044699722644,0.5783564453286256,1.0,0.7696200986999644
169,0.6649537567445296,0.7713463578236545,0.7421071254786714,0.3635757859666287,1.0,0.7695570061454142
170,0.6366089982549503,0.7384664379757424,0.703878281200064,0.43665916318584935,1.0,0.7695242271485849
171,0.49571906924647374,0.5750341203259096,0.4933648106611881,0.6326700644069964,1.0,0.7695032881408252
172,0.49862233583547116,0.5784019095691466,0.4978646289884021,0.4653316371819469,1.0,0.7694748825914612
173,0.7310101196888746,0.8479717388390947,0.8229359526571256,0.18967959667424508,1.0,0.7694521412216213
174,0.7877858639813442,0.9138316022183594,0.8822781067103915,0.2209333256911596,1.0,0.769447971070804
175,0.45985927955630435,0.5334367642853131,0.43798990093310053,0.6780111020885706,1.0,0.7694792475444145
176,0.7014412761967231,0.8136718803881989,0.7882666163832193,0.24987182755832155,1.0,0.769511111038425
177,0.7338675990189869,0.8512864148620249,0.8261514146359945,0.31879199874771125,1.0,0.7695218868428466
178,0.6237989272109867,0.7236067555647447,0.6859874260556357,0.4376568847732211,1.0,0.7695440448972801
179,0.7187022734239877,0.8336946371718259,0.8088125240093664,0.24880908492625087,1.0,0.7695665579080719
180,0.9204754334329628,1.0,0.9850061751978691,0.09320793655687452,1.0,0.7696083206376743
181,0.5832349473995615,0.6765525389834914,0.6271837454541076,0.39719184063820634,1.0,0.7696988760813692
182,0.6245948672706314,0.7245300460339326,0.6871094432919692,0.33592431469096456,1.0,0.7698291618894928
183,0.6689860619724072,0.7760238318879924,0.7473831980694124,0.2589440822918557,1.0,0.7699568714589446
184,0.7153463284336746,0.8298017409830627,0.8048849737404723,0.2501200412332152,1.0,0.7700821909458235
185,0.44722117927397126,0.5187765679578067,0.4186642997682857,0.4303266985080394,1.0,0.770204636041036
186,0.7747849038230543,0.8987504884347431,0.8695367136167598,0.21153823446836975,1.0,0.7702861381256807
187,0.7095908855921459,0.8231254272868893,0.7980735557271217,0.2869782414467737,1.0,0.7704168462082615
188,0.7161033870079724,0.830679928929248,0.8057738270762295,0.35589669552572756,1.0,0.7705533713867381
189,0.4497728341400968,0.5217364876025123,0.42255450120363613,0.58971148702364,1.0,0.7706895220655611
190,0.7525696862314936,0.8729808360285326,0.8465999139073709,0.25668910783679255,1.0,0.7708024377826928
191,0.657132852306953,0.7622741086760655,0.7317555116058947,0.44119682763817625,1.0,0.7708973629759062
192,0.6892752380856028,0.7995592761792993,0.7732784131059418,0.36852922624510454,1.0,0.7709972116738653
193,0.7176908619911146,0.8325213999096931,0.8076322774899483,0.30813843564145693,1.0,0.7711281695108325
194,0.6768565340078763,0.7851535794491366,0.7575590469194259,0.262729800495834,1.0,0.7712395955889628
195,0.5899187528941091,0.6843057533571667,0.637072877905618,0.45989602972458166,1.0,0.7713525638749594
196,0.48663903869231123,0.564501284883081,0.4792982085384823,0.4284520938798171,1.0,0.7714338888436854
197,0.7119443367784682,0.8258554306630232,0.8008703203742802,0.2034031624073442,1.0,0.7714677824731166
198,0.7527380346448224,0.8731761201879941,0.8467792635646959,0.22494580046839338,1.0,0.7715299309451268
199,0.5854938566686785,0.6791728737356671,0.6305338018300453,0.48533686135780135,1.0,0.7716024410532257
200,0.6708039792945185,0.7781326159816415,0.7497480615078412,0.3119611084514858,1.0,0.7716921815722744
201,0.6803806938245235,0.7892416048364473,0.7620622311520396,0.3625091470758774,1.0,0.7717568521412184
202,0.5823081627086074,0.6754774687419847,0.6258070264826152,0.3695426542266282,1.0,0.7718606013898555
203,0.7735152168025583,0.8972776514909677,0.8682654314559279,0.234146751733551,1.0,0.7719609315820988
204,0.6866797129829223,0.79654846706019,0.7700276968780166,0.36002852765591253,1.0,0.7721098532926058
205,0.6577198829116596,0.7629550641775252,0.7325378431171066,0.36421430804359867,1.0,0.7722485404959272
206,0.8219869793182806,0.9535048960092056,0.9134189108706583,0.12763908203487395,1.0,0.7723767168524864
207,0.7536436018565283,0.874226578153573,0.8477425593739776,0.24712067333589968,1.0,0.7725561674392893
208,0.655615207201652,0.7605136403539164,0.7297289814117129,0.43125098742786216,1.0,0.7727596137230524
209,0.6400723626019197,0.742483940618227,0.7086523025011655,0.3029763513236217,1.0,0.7729421007342525
210,0.6007784174382865,0.6969029642284125,0.6529832010689894,0.3104334657833454,1.0,0.7731261380683012
211,0.7522528199538951,0.8726132711465184,0.846262112062119,0.2568857372055791,1.0,0.773308839210213
212,0.5453389512315997,0.6325931834286558,0.5699759557506524,0.5209883181151714,1.0,0.7735140678144428
213,0.6282281271633788,0.7287446275095195,0.6922139591236475,0.45124802176563233,1.0,0.7737356054250344
214,0.4981864215502076,0.5778962489982409,0.49718897266458006,0.41998816734992306,1.0,0.773968253746439
215,0.6107670890642408,0.7084898233145195,0.6674309813800605,0.4124318545985395,1.0,0.7741526879068606
216,0.7127574718231928,0.8267986673149038,0.8018329248104521,0.2585281379082184,1.0,0.7743219109607046
217,0.6755728424108239,0.7836644971965558,0.7559105030402922,0.40544984643093196,1.0,0.7745146090691981
218,0.6524484539291597,0.7568402065578254,0.7254820423223699,0.24992800524308562,1.0,0.7746937750749544
219,0.7048097143003406,0.8175792685883951,0.7923429723148621,0.239870142364698,1.0,0.7749270507101977
220,0.5675471712881227,0.6583547186942225,0.6037141341570549,0.35609478571759107,1.0,0.7751277685505897
221,0.6322799390888587,0.7334447293430761,0.6978726782099252,0.4380572091421952,1.0,0.7753021660897387
222,0.6653139702641693,0.7717642055064364,0.7425801519591704,0.2910846310137798,1.0,0.7754691552197857
223,0.40222521194935035,0.46658124586124644,0.3513970042691432,0.4586303299160567,1.0,0.7756546987887109
224,0.6012478498177027,0.6974475057885353,0.6536663226041346,0.3415367134744461,1.0,0.7757754220745464
225,0.7971656176347228,0.9247121164562786,0.8911595692946929,0.2410917904923431,1.0,0.775881628867468
226,0.29222277203095326,0.3389784155559058,0.20409256423284194,0.5978581237913527,1.0,0.776036953849608
227,0.8686171907076744,1.0,0.9505084536731108,0.15518837410065753,1.0,0.7761218022576812
228,0.5390562755030757,0.6253052795835679,0.5603455765157841,0.527813074979017,1.0,0.7762095552645651
229,0.690109218561585,0.8005266935314387,0.7743189856601804,0.31748635565932426,1.0,0.7762884075511371
230,0.7457958386228875,0.8651231728025496,0.8393134254715975,0.27619389679546896,1.0,0.7763583228837114
231,0.5132277121022026,0.5953441460385551,0.5204954831713482,0.4350495027056165,1.0,0.7764335464768197
232,0.6111138396718274,0.7088920540193199,0.66792913249083,0.46014697833276025,1.0,0.776506632978885
233,0.6206836084050852,0.7199929857498989,0.6815830090007373,0.4852338415050292,1.0,0.776553534811445
234,0.6369673288556887,0.738882101472599,0.7043734891670305,0.33430729293675615,1.0,0.7765665832972746
235,0.7053767917227286,0.8182370783983652,0.7930260620931113,0.36308069858125575,1.0,0.7766321622579984
236,0.46241640447430227,0.5364030291901907,0.44191625317126526,0.5182477085171573,1.0,0.77672862071109
237,0.3853688297977928,0.4470278425654397,0.3270310955856882,0.6521025977984107,1.0,0.7768251545151972
238,0.3982610402546214,0.46198280669536085,0.34561943578127224,0.5733285843164371,1.0,0.7768892791210986
239,0.47239586356642277,0.5479792017370505,0.45728138177631356,0.6844367335513999,1.0,0.7769341629373954
240,0.46036209802412803,0.5340200337079886,0.43876156994447374,0.5285201889935611,1.0,0.7769438202665533
241,0.6782669346327627,0.7867896441740048,0.7593652515520691,0.3736299997740778,1.0,0.7769132949073456
242,0.8991448537819894,1.0,0.9716308035309342,0.10652007563249319,1.0,0.7769175523988867
243,0.6473066567346051,0.750875721812142,0.7185342720273227,0.4399651628952717,1.0,0.7769634262907601
244,0.8557750285091469,0.9926990330706105,0.940891812395892,0.15611280462492594,1.0,0.7769744441026303
245,0.8085237733847521,0.9378875771263125,0.9015679351075399,0.20570370515290617,1.0,0.7770555260061154
246,0.5945889582083896,0.6897231915217321,0.6439398344952983,0.334357416024452,1.0,0.7771725573383241
247,0.6854228060400982,0.795090455006514,0.7684468785233299,0.28227627551202933,1.0,0.7772534629130675
248,0.6801048878597058,0.7889216699172589,0.7617110062911152,0.3652391702215008,1.0,0.7773213571175849
249,0.5881600568517765,0.6822656659480608,0.6344776353601839,0.31215733447188876,1.0,0.7774211324480709
250,0.5918784176649191,0.6865789644913063,0.6399587413335315,0.5086337590551097,1.0,0.7775096933480916
251,0.6739129666856668,0.7817390413553736,0.7537723746159111,0.259642648626989,1.0,0.7775787683070805
252,0.6046911640381714,0.7014417502842789,0.6586648161993569,0.4829293431434198,1.0,0.7776452844104323
253,0.8521113421381388,0.988449156880241,0.9380664195076057,0.12424355985795892,1.0,0.7777447186216906
254,0.7578438767358535,0.8790988970135902,0.8521786402497018,0.17271623697091457,1.0,0.7778852567446238
255,0.913691956320951,1.0,0.9808715407962569,0.08157397224063807,1.0,0.7780264588867756
256,0.6462498713076811,0.7496498507169101,0.7170984254672975,0.3397748898061175,1.0,0.7782464480700892
257,0.6694492765685195,0.7765611608194827,0.7479865951093774,0.2437591576663051,1.0,0.7784783674102151
258,0.7336871523814279,0.8510770967624565,0.8259490733967098,0.29184820777021236,1.0,0.7786982250911361
259,0.7674277742222946,0.8902162180978618,0.8621036047451451,0.2920437553643006,1.0,0.7789243554199539
260,0.7183411302931134,0.8332757111400116,0.8083914358023334,0.3242921996658942,1.0,0.7791745840211286
261,0.3257584244092894,0.37787977231477576,0.2458037570719902,0.7962029864736984,1.0,0.7794308463079191
262,0.6618815105743766,0.767782552266277,0.7380592213736824,0.2961233289460819,1.0,0.7796096272412417
263,0.41613601361960867,0.48271777579874614,0.37188257492240306,0.6790616657361453,1.0,0.7797589563607252
264,0.6845635587913839,0.7940937281980054,0.7673637191911433,0.2831826112234048,1.0,0.7798387157970217
265,0.5206561637527358,0.6039611499531736,0.5319886238430181,0.41111198941874016,1.0,0.7799141209686509
266,0.4374874661290418,0.5074854607096886,0.40388678645156106,0.5341214190208351,1.0,0.7800155696637341
267,0.5604528257629096,0.6501252778849752,0.5929949264283617,0.3715466379430559,1.0,0.7801293460882803
268,0.7423089694798781,0.8610784045966587,0.8355095005312142,0.23831858607038925,1.0,0.7802532082966009
269,0.5467926055389698,0.6342794224252051,0.572199496452425,0.46830695125976407,1.0,0.7804322451708345
270,0.3683952774474431,0.42733852183903404,0.30306781176978104,0.7643149368293108,1.0,0.780584641931624
271,0.6578610424548859,0.7631188092476677,0.7327258371325789,0.44167219926313983,1.0,0.7806841883198445
272,0.6708894380212164,0.778231748104611,0.7498590193919601,0.42339387205847717,1.0,0.7808099338715961
273,0.44604865085137557,0.5174164349875957,0.4168788500721765,0.41083592042742345,1.0,0.7809629151351885
274,0.6150954625429415,0.7135107365498121,0.6736323310787012,0.34322424848397426,1.0,0.7810600138964823
275,0.48759399664480696,0.5656090361079762,0.4807768581812575,0.4170858022217058,1.0,0.7811231154226783
276,0.8760803739802259,1.0,0.9558950262621311,0.13829328910807548,1.0,0.7811893161521646
277,0.4627511315068676,0.5367913125479664,0.44243056674020687,0.6983168690052302,1.0,0.7812849658973671
278,0.5428823329136971,0.6297435061798887,0.5662141417918387,0.385706273023876,1.0,0.7813289451860614
279,0.5826998527097699,0.6759318291433332,0.6263890324228414,0.42843799200818716,1.0,0.7813570401091214
280,0.8226216309404828,0.9542410918909602,0.9139646575332581,0.18284528072278441,1.0,0.781359811748761
281,0.5621773540692266,0.652125730720303,0.595606104210413,0.4488022297326605,1.0,0.7813448865547628
282,0.7913494055669599,0.9179653104576736,0.8856829497554359,0.21006638698547686,1.0,0.781326618749785
283,0.4038592464079361,0.46847672583320593,0.35378658352068104,0.7139723932226061,1.0,0.78133891479585
284,0.7168225215233879,0.8315141249671301,0.8066166189459032,0.24549386447413066,1.0,0.7813031191337314
285,0.5929214217737521,0.6877888492575525,0.6414921092659066,0.5255921988212899,1.0,0.7812686630562324
286,0.7451256323533231,0.8643457335298549,0.8385850807424678,0.18309562160860218,1.0,0.7812614667047084
287,0.5208537011679629,0.6041902933548371,0.532293983972795,0.6000789205396857,1.0,0.7812491475748655
288,0.6005834791490078,0.6966768358128491,0.6526994090215702,0.39236168561827284,1.0,0.7812032253257217
289,0.5626593990135557,0.6526849028557247,0.5963353712862882,0.31908867988029654,1.0,0.7811378871606376
290,0.6687152079648029,0.7757096412391714,0.7470301170988842,0.28302966230311244,1.0,0.781094828722183
291,0.6910798036260083,0.8016525722061697,0.7755275869311138,0.2990080729198713,1.0,0.7810379682307944
292,0.2537872456825325,0.29439320499173777,0.16023416587022832,0.9275196130981506,1.0,0.7809889240053847
293,0.6754422172920509,0.7835129720587791,0.7557425060775227,0.4186198686314602,1.0,0.7808629632681047
294,0.8100363106144548,0.9396421203127677,0.9029255407194369,0.14663195771969342,1.0,0.7807331765968972
295,0.33242099497471284,0.3856083541706669,0.2544530934347771,0.5702470428566456,1.0,0.7806312558856152
296,0.7162386180030567,0.8308367968835458,0.8059324256929667,0.26366082967991517,1.0,0.7804860431992463
297,0.5533510362837517,0.6418872020891521,0.5822072061265012,0.5589863627768604,1.0,0.7803865148177442
298,0.6024966151455541,0.6988960735688429,0.6554815970881359,0.49366959954230955,1.0,0.7802614254935982
299,0.6567191220099026,0.761794181531487,0.7312036201321052,0.2964105812455895,1.0,0.7801130453936668
300,0.5656587826101885,0.6561641878278188,0.6008668102252729,0.36769364257161513,1.0,0.7799819372444947
301,0.6019879945139618,0.6983060736361958,0.6547425791397994,0.32305080298399297,1.0,0.7798358362043945
302,0.8000109197454418,0.9280126669047126,0.8938024478810342,0.18227090481563177,1.0,0.7796800075096215
303,0.6562039273677892,0.7611965557466356,0.7305157859826411,0.40134996668247314,1.0,0.7795680401719582
304,0.6872901158607138,0.797256534398428,0.7707938458218694,0.265533808838457,1.0,0.7794383158223266
305,0.6297806174947315,0.7305455162938886,0.6943864094009387,0.460325416054173,1.0,0.7793125930757021
306,0.6794705428227579,0.7881858296743992,0.7609024243242484,0.35162309193676733,1.0,0.7791856129437011
307,0.5880293232399882,0.6821140149583864,0.6342845177128553,0.44918967657286263,1.0,0.779036789257091
308,0.4492485917601353,0.5211283664417571,0.4217547355466934,0.447760721771354,1.0,0.7788626197109282
309,0.46440118373296063,0.5387053731302344,0.4449670537826406,0.5952866909325492,1.0,0.7786565292603708
310,0.5743163427158825,0.6662069575504238,0.6138829898368581,0.3070894353262617,1.0,0.7784250007111337
311,0.6010003415612075,0.6971603962110008,0.6533061961402556,0.4082465308135164,1.0,0.7781956548449238
312,0.7710825148415424,0.8944557172161893,0.8658162553890452,0.2894791630558025,1.0,0.7779459639085894
313,0.5444784967577013,0.6315950562389336,0.568658922827136,0.5350021818192785,1.0,0.7777443975417948
314,0.5140069833068273,0.5962481006359197,0.5217019543765685,0.3553812830907587,1.0,0.7775338032325312
315,0.4935953297757281,0.5725705825398447,0.49007360942655287,0.4351525132592926,1.0,0.7773323744536615
316,0.5260352395569065,0.6102008778860115,0.5402977307957273,0.5404551149481925,1.0,0.777115897621486
317,0.4394808582263396,0.509797795542554,0.40690459877295415,0.40560591170566473,1.0,0.7768723050924679
318,0.79095846304175,0.9175118171284301,0.8853112517783819,0.26898124117328476,1.0,0.7765935237821671
319,0.6316174910316191,0.7326762895966783,0.6969499824551767,0.38332845587638453,1.0,0.7763480377128156
320,0.5015066547735879,0.581747719537362,0.5023353038549887,0.3827966065016982,1.0,0.7760967416253561
321,0.5808559456332235,0.6737928969345394,0.6236471891490682,0.4257056849033921,1.0,0.775841097127548
322,0.5827155320630718,0.6759500171931634,0.6264123252950877,0.5344330487023561,1.0,0.775583865645852
323,0.6824915271769206,0.791690171525228,0.7647434815413106,0.3786796682025801,1.0,0.7753194833897309
324,0.4950603011951955,0.5742699493864268,0.49234385604587133,0.5367259074095991,1.0,0.7751134805380342
325,0.67058022885739,0.7778730654745725,0.7494574580040103,0.26748794937111087,1.0,0.7748945440131365
326,0.6572278719277639,0.7623843314362062,0.7318822018852713,0.35966596285838043,1.0,0.7746593902140058
327,0.8140175434938567,0.9442603504528738,0.9064671797794162,0.23130116063200473,1.0,0.7744969919468303
328,0.6508320119245682,0.7549651338324992,0.7233047538010972,0.3934858410180595,1.0,0.7743296376911715
329,0.65381258676668,0.7584226006493489,0.7273145092933555,0.3435441021977695,1.0,0.7741874236957385
330,0.5143765309952673,0.5966767759545101,0.5222740328257528,0.3854433400775869,1.0,0.7740429427264454
331,0.7481955032545121,0.8679067837752341,0.8419103079201893,0.23895970032030275,1.0,0.7738611407108581
332,0.6244124286956222,0.7243184172869218,0.6868523828299876,0.29362678575612566,1.0,0.7737270869581458
333,0.8318004728841348,0.9648885485455966,0.921729005742233,0.1952418522405366,1.0,0.7735994485640392
334,0.5732000293709534,0.664912034070306,0.6122102294047334,0.5047353583385435,1.0,0.7735136403573619
335,0.6425220813174843,0.7453256143282819,0.712012357244691,0.31281563479060015,1.0,0.7734189282829778
336,0.5820033818461668,0.6751239229415537,0.6253539973636582,0.36793584889146774,1.0,0.7733157437229523
337,0.717520932589354,0.8323242818036507,0.8074336906894853,0.1986757549581454,1.0,0.7732371803556544
338,0.6829523591852632,0.7922247366549054,0.7653272445806056,0.29151810277222195,1.0,0.7732207612678779
339,0.7711318403658576,0.8945129348243949,0.8658660901269353,0.16140983254227648,1.0,0.7732560791901423
340,0.749656549384182,0.8696015972856512,0.8434830440713031,0.32366463211737373,1.0,0.7733441100505627
341,0.5083029868876361,0.5896314647896579,0.5128677816047453,0.41166297087660575,1.0,0.7734815729864152
342,0.7071780522047342,0.8203265405574918,0.7951897514071984,0.2598537831025775,1.0,0.773584318523598
343,0.5587899509468385,0.6481963430983327,0.5904738994469082,0.5091794061290296,1.0,0.7736494276703814
344,0.6797643717635278,0.7885266712456923,0.7612770942743459,0.2474494669824389,1.0,0.7736966505357196
345,0.8923002026658674,1.0,0.9671021778465315,0.11404961109078228,1.0,0.7737107747968833
346,0.6619501036578422,0.7678621202430971,0.7381498600049308,0.42826619190729875,1.0,0.7737395550874828
347,0.6953814650697842,0.8066424994809497,0.780852722767184,0.22249386403841898,1.0,0.7737795969755452
348,0.48968450927056817,0.5680340307538592,0.4840145329688121,0.6217632875961019,1.0,0.7738202301655912
349,0.4449064325554196,0.5160914617642868,0.4151409032704931,0.4405075111087887,1.0,0.7738253686917895
350,0.6184726000959324,0.7174282161112817,0.6784448583918683,0.4089714968710536,1.0,0.7738045674098288
351,0.5468487914280641,0.6343445980565544,0.5722854021910475,0.3356828608216266,1.0,0.7737891771191643
352,0.5568774805984178,0.6459778774941647,0.5875706902640749,0.5502511411563935,1.0,0.7737513769856734
353,0.5173819937956178,0.6001631128029167,0.526925144612653,0.5865776427327818,1.0,0.7737061043931681
354,0.8953572416969218,1.0,0.9691393096321337,0.10054246263309094,1.0,0.7736019386957362
355,0.4571368544037088,0.5302787511083022,0.43381525949429767,0.4059828865158175,1.0,0.7735256503749204
356,0.4973577705155401,0.5769350137980266,0.495904603864545,0.6218474990806535,1.0,0.773369470785384
357,0.42663368280322334,0.4948950720517391,0.3875404857861119,0.6123844911305811,1.0,0.7731911760053909
358,0.7053577757983399,0.8182150199260744,0.7930031707206886,0.2256148316111297,1.0,0.7729745232619201
359,0.8259196500402955,0.958066794046743,0.9167820986047999,0.16915543405851663,1.0,0.7727592708129682
360,0.610730393127598,0.7084472560280138,0.6673782493643167,0.34321139947808454,1.0,0.7725610044751323
361,0.5102933945828805,0.5919403377161414,0.5159512407228299,0.34708229016508785,1.0,0.7723493161947417
362,0.46317398880953864,0.5372818270190649,0.44308040809580573,0.43496932108372005,1.0,0.7721771948573939
363,0.6302986622434363,0.7311464482023863,0.6951101535181421,0.3021758460495948,1.0,0.771974469806249
364,0.7353390824224021,0.8529933356099866,0.8277978563107806,0.19892327061401333,1.0,0.7718163757833905
365,0.6271669884901394,0.7275137066485619,0.6907260588299309,0.3010395553973546,1.0,0.7716721641754716
366,0.6634079069491409,0.7695531720610035,0.7400733674477074,0.4148560053030093,1.0,0.7715514508642429
367,0.7237525710764748,0.8395529824487109,0.814661366739581,0.2533434382092299,1.0,0.7714750246316987
368,0.5427936748400144,0.6296406628144168,0.5660782859216954,0.45615540086314244,1.0,0.7714302851402872
369,0.5178506288507898,0.6007067294669163,0.5276501217975965,0.5011354593558494,1.0,0.7713509750805829
370,0.2743089839607942,0.31819842139452126,0.18311344059435564,0.7477768057221618,1.0,0.7712688347668659
371,0.6441877161353963,0.7472577507170598,0.7142889451436022,0.2717953150310756,1.0,0.7711722231297329
372,0.4602874171052233,0.5339334038420591,0.43864694592679787,0.49357129893188806,1.0,0.7710760486429762
373,0.6905939737121742,0.8010890095061222,0.7749229422314776,0.38074275932402474,1.0,0.7709448510270573
374,0.5239988839537828,0.6078387053863882,0.5371537005287663,0.33730815689289456,1.0,0.7708616074977311
375,0.9269296259523535,1.0,0.988839575294697,0.05400227352457476,1.0,0.7707644638901385
376,0.6535294269500446,0.7580941352620518,0.7269345106034668,0.38851257361276664,1.0,0.7707493150040492
377,0.8235472873714282,0.9553148533508569,0.9147585730094028,0.14275039282216764,1.0,0.770694561414077
378,0.5187981121986609,0.6018058101504468,0.529115642550425,0.4273971972703572,1.0,0.7707063937398597
379,0.656629669375573,0.7616904164756647,0.7310842396466999,0.32309775690678727,1.0,0.7707135359361401
380,0.6046064457312395,0.7013434770482379,0.6585420959442365,0.3538194617123458,1.0,0.770733771233532
381,0.5009322458071216,0.5810814051362612,0.5014449783847789,0.3701882987044722,1.0,0.7707141567386645
382,0.41272132936509476,0.47875674206351,0.3668248627239898,0.7298773538786549,1.0,0.7706841065591558
383,0.5375730146229386,0.6235846969626089,0.5580674903287755,0.5542622560685053,1.0,0.770586804831316
384,0.6031394131771293,0.69964171928547,0.6564148984934379,0.4422098432884013,1.0,0.7705164906335902
385,0.8687399711782422,1.0,0.9505982624720635,0.10069860594318741,1.0,0.7704278229022936
386,0.6718738744186563,0.7793736943256414,0.751135812768662,0.2519113568070804,1.0,0.7703914625418289
387,0.6962180345028406,0.8076129200232952,0.7818823512720285,0.3597687370808519,1.0,0.7703430076757498
388,0.7296755294150677,0.8464236141214787,0.8214259338895664,0.3221107138691367,1.0,0.7703275720356535
389,0.6499920227673628,0.753990746410141,0.7221708100663233,0.4442275767008097,1.0,0.7703358360338077
390,0.6588372196698411,0.7642511748170158,0.7340245298783687,0.33960903090549205,1.0,0.7703595719842933
391,0.5559020956727065,0.6448464309803397,0.5860884968099265,0.3508205604287045,1.0,0.7703808178183711
392,0.9889636870023277,1.0,1.0,0.011551275576781943,1.0,0.7703770942899949
393,0.816938864346566,0.9476490826420167,0.9090367184768104,0.14507477976744315,1.0,0.7705058142269077
394,0.6040457473563692,0.7006930669333883,0.6577295513234048,0.4357050875117793,1.0,0.7706561419621828
395,0.8113235106964006,0.9411352724078248,0.9040756479520289,0.19548141710630437,1.0,0.7707648815640133
396,0.7376216454692534,0.855641108744334,0.8303391638313611,0.33207929462137803,1.0,0.7709565614306186
397,0.667129653839201,0.7738703984534733,0.7449593964835917,0.4072492827544941,1.0,0.7711463398461698
398,0.7827380720526077,0.9079761635810251,0.8773907237917392,0.2698133849807484,1.0,0.7713509050604144
399,0.9203620695160587,1.0,0.9849379730498535,0.08067707577283735,1.0,0.771581776780475
400,0.8658328791358789,1.0,0.9484610690788811,0.1348672069996225,1.0,0.7718531780794848
401,0.5946336028298563,0.6897749792826334,0.6440053022141468,0.2936911969953077,1.0,0.7721704686768991
402,0.4395477828084873,0.5098754280578452,0.407005995635902,0.6746258072240109,1.0,0.7724769167658876
403,0.5798314258915114,0.6726044540341533,0.6221215668706317,0.2956775582324093,1.0,0.7727092880475579
404,0.7243161326125863,0.8402067138306002,0.8153094264114511,0.202177148982233,1.0,0.7729209411405124
405,0.7514400070673162,0.8716704081980868,0.8453942288070355,0.19844733147478166,1.0,0.7731329093236935
406,0.33231558919826876,0.3854860834699918,0.25431535490907464,0.6425238983828526,1.0,0.7733604171515023
407,0.5892069980823896,0.683480117775572,0.6360231700660449,0.5336027419382006,1.0,0.7735186118528243
408,0.5583160040366869,0.6476465646825569,0.5897548009039961,0.49783542121576874,1.0,0.7736722726945784
409,0.891005856396601,1.0,0.9662325589111351,0.13067793869834002,1.0,0.7738409558452897
410,0.5732453163844976,0.6649645670060172,0.6122781236305035,0.43411208878555535,1.0,0.7740813673425591
411,0.7503212023519775,0.870372594728294,0.8441964046476369,0.2597893216239599,1.0,0.7743143737101706
412,0.7236311753476268,0.8394121634032472,0.8145216479997416,0.3521403349271887,1.0,0.7745672676416963
413,0.8288279295971266,0.9614403983326669,0.9192408172211808,0.18723524139707773,1.0,0.7748040335141673
414,0.45763965484914737,0.530861999625011,0.43458582222043113,0.40537854678031177,1.0,0.7750848793083752
415,0.5407963399885859,0.6273237543867597,0.5630159781515809,0.43016588782716353,1.0,0.7753471536096346
416,0.5583204241236874,0.6476516919834775,0.5897615084479303,0.45725667396398495,1.0,0.7756100558636944
417,0.7878372068260758,0.9138911599182481,0.8823274299165529,0.1978260607134007,1.0,0.7758708823833544
418,0.4407091135631745,0.5112225717332824,0.4087663237432689,0.5041389639022,1.0,0.7761865882501726
419,0.4775200296223101,0.5539232343618797,0.46519268371085465,0.4597344795891399,1.0,0.77642977805808
420,0.5965214940143466,0.6919649330566422,0.6467706178927494,0.469684707053521,1.0,0.7766379346286967
421,0.622622868551699,0.722242527519971,0.6843271135504094,0.3274171495028675,1.0,0.7768569491732582
422,0.5731928863847621,0.664903748206324,0.6121995203959935,0.3127695289218695,1.0,0.7770769113276081
423,0.5984710841988193,0.6942264576706305,0.6496198286646757,0.5161266096092715,1.0,0.7772885605411055
424,0.6906546029360129,0.801159339405775,0.774998434567476,0.39082603845650216,1.0,0.7774787365984619
425,0.7245045345921327,0.840425260126874,0.8155258696690693,0.242180807311035,1.0,0.7776984143484109
426,0.7144169010442634,0.8287236052113456,0.8037914798649539,0.2968237285652187,1.0,0.7779212081408937
427,0.8276789331976333,0.9601075625092548,0.9182723124084309,0.12290756379409772,1.0,0.778147612144843
428,0.6755038795165258,0.78358450023917,0.7558218155048393,0.3919413216818735,1.0,0.7783696830788205
429,0.6656721799920128,0.7721797287907349,0.7430502166531358,0.4320619676594673,1.0,0.7785895328209451
430,0.6573283315849852,0.7625008646385829,0.7320161209211257,0.2571633787131206,1.0,0.7788049217975868
431,0.6671739481201472,0.7739217798193708,0.7450173328137947,0.4271906326573986,1.0,0.7790395804290352
432,0.6091595011119332,0.7066250212898426,0.6651184392944173,0.4508868206520953,1.0,0.779252615421616
433,0.6050588127333109,0.7018682227706406,0.6591972262128297,0.38736236380449635,1.0,0.7794565138374543
434,0.8113721619633497,0.9411917078774857,0.904119023174025,0.22798122127687295,1.0,0.7796134818019904
435,0.608191724107001,0.7055023999641212,0.6637238825002971,0.2930208110319342,1.0,0.7798086117114569
436,0.5563276780679985,0.6453401065588784,0.5867353356195706,0.5195038749582627,1.0,0.7799917082593417
437,0.5883513196876081,0.6824875308376255,0.6347601164941366,0.4018810427275807,1.0,0.7801646902841097
438,0.49228284065098143,0.5710480951551385,0.4880398868870656,0.5891028005760858,1.0,0.7803092323178125
439,0.7002724564280046,0.8123160494564855,0.7868446556887098,0.24734868689992945,1.0,0.7804151175771679
440,0.807844793633626,0.9370999606150063,0.9009563370410354,0.24190910630034307,1.0,0.780505071589634
441,0.857098820360424,0.9942346316180919,0.9419036995900427,0.11491392183486755,1.0,0.7806028008656909
442,0.717400414073456,0.8321844803252091,0.8072927968503776,0.21455226643037073,1.0,0.7807603815134911
443,0.625562507364896,0.7256525085432795,0.6884716873539943,0.3639620595857369,1.0,0.7809150747669938
444,0.8803495028717775,1.0,0.9589105856200963,0.11948043634530374,1.0,0.7810771462830466
445,0.7243767751581603,0.8402770591834661,0.8153791061617015,0.31773088529974564,1.0,0.7812704609772174
446,0.6850925953894486,0.7947074106517604,0.7680308558678981,0.28781948923573103,1.0,0.7814277500136116
447,0.6549282760681194,0.7597168002390187,0.7288098359139996,0.28061657019498965,1.0,0.7815844860274257
448,0.515557776224427,0.5980470204203354,0.524102400516972,0.5307938952773014,1.0,0.7817292383868051
449,0.4742526433475298,0.5501330662831346,0.4601466233547103,0.6265510953977925,1.0,0.7818743053634548
450,0.7148403860637833,0.8292148478339887,0.8042900296063709,0.23028245097581168,1.0,0.7820203026487476
451,0.7197364574394819,0.8348942906297991,0.8100162743732601,0.2278321991742808,1.0,0.7821792662169558
452,0.7575572412239701,0.8787663998198054,0.8518775849072999,0.26034730053140076,1.0,0.7823645806579997
453,0.5716826868272503,0.6631519167196105,0.6099338331040451,0.3974019292033725,1.0,0.7825804580227251
454,0.7182428723105676,0.8331617318802585,0.8082768027829563,0.2569555166499679,1.0,0.7827996331912543
455,0.5928812364151107,0.6877422342415285,0.6414330646047266,0.5072290101355391,1.0,0.782980352518238
456,0.8797976386035148,1.0,0.958523438082171,0.12927425277648344,1.0,0.7831800842541744
457,0.8442176651633964,0.9792924915895399,0.931853518427144,0.11147214641004854,1.0,0.7834426632142885
458,0.9510604091130176,1.0,1.0,0.04277289490884386,1.0,0.7837725299224239
459,0.4950107154259889,0.5742124298941472,0.4922670099415744,0.3796586416784104,1.0,0.784136727103312
460,0.648941743685991,0.7527724226757496,0.7207505833349761,0.4122458635439818,1.0,0.7844304347605429
461,0.63542784670106,0.7370963021732297,0.7022438824194548,0.2733042602713091,1.0,0.7847222092311572
462,0.6953902055383197,0.8066526384244509,0.7808634904155453,0.3006195635555047,1.0,0.7850277546690345
463,0.5769564672628187,0.6692695020248698,0.6178322704059125,0.5305937676929109,1.0,0.7853659326627866
464,0.5388241616308017,0.62503602749173,0.5599891882444297,0.5899671586122246,1.0,0.7856843637216298
465,0.6934220072043857,0.8043695283570875,0.7784334341629147,0.39393196606807507,1.0,0.7859578691629652
466,0.32816540967781066,0.3806718752262604,0.2489150892169208,0.78038966842832,1.0,0.7862350953444288
467,0.5299708219147156,0.6147661534210701,0.5463680353940336,0.5439046564933422,1.0,0.7864436610909399
468,0.9129696979949021,1.0,0.9804248554957121,0.06240109377079951,1.0,0.7866110891502065
469,0.6773572822344716,0.7857344473919871,0.7582009291129063,0.3564380554512449,1.0,0.7868401260518629
470,0.5541892069576273,0.6428594800708477,0.58348317405744,0.5136701761467568,1.0,0.7870910030440788
471,0.4448954649248991,0.5160787393128831,0.41512422196802856,0.6163237370426403,1.0,0.7873847321666676
472,0.8485295726415291,0.9842943042641739,0.9352686205498771,0.11393964100981424,1.0,0.787633776810361
473,0.7226325589781613,0.8382537684146671,0.8133706719819631,0.24446728126187509,1.0,0.7879452337027398
474,0.6005084622098362,0.6965898161634101,0.6525901808597678,0.3403749489798585,1.0,0.7882531138336952
475,0.6206423830580464,0.7199451643473339,0.681524588990711,0.363409529064749,1.0,0.7885655292848082
476,0.4790575807829594,0.555706793708233,0.46756887771905686,0.5491891422291787,1.0,0.7888134405686669
477,0.5459400432838704,0.6332904502092896,0.5708956235012342,0.5226803091193367,1.0,0.7890225095816995
478,0.8248254279760512,0.9567974964522195,0.9158507730457834,0.15579962237412243,1.0,0.7891753372204056
479,0.5716734362902371,0.6631411860966752,0.6099199455086044,0.31145631706995025,1.0,0.7893786649467902
480,0.2885558721880635,0.3347248117381537,0.1997227809141498,0.7205048262584313,1.0,0.789560600719428
481,0.6200603771105276,0.7192700374482122,0.6806994586081755,0.3855323655820294,1.0,0.7896801893156489
482,0.5343866711877789,0.6198885385778237,0.5531684284833259,0.52503466166237,1.0,0.7898176333176179
483,0.7241736004393157,0.8400413765096063,0.8151456111926649,0.23416944241572984,1.0,0.7899728537610557
484,0.6008322844693695,0.6969654499844687,0.6530616089078906,0.5171058187962033,1.0,0.7901570056966375
485,0.6911755004936118,0.8017635805725898,0.7756466105849569,0.366512319133633,1.0,0.7903352177909844
486,0.45333810290993415,0.5258721993755237,0.4280003618513954,0.5808387950646464,1.0,0.7904761219177776
487,0.6973356787023799,0.8089093872947608,0.7832548663883643,0.22918326763951768,1.0,0.7905734624818954
488,0.6910642728597307,0.8016345565172878,0.7755082680436365,0.2767323671667525,1.0,0.7906680840050457
489,0.49805855856680126,0.5777479279374895,0.49699078940829866,0.49930291171438523,1.0,0.7907529168563214
490,0.6625599938966544,0.7685695929201193,0.7389552411876014,0.31063703373145585,1.0,0.7908078566985028
491,0.7125473554697777,0.8265549323449422,0.8015843674318351,0.22745956656273994,1.0,0.7908618184447798
492,0.6699916455828371,0.7771903088760911,0.748692390892807,0.2595771990948806,1.0,0.7909423574854315
493,0.5690734054180772,0.6601251502849695,0.606012121083577,0.3098489816782559,1.0,0.7909630653874085
494,0.677368732920827,0.7857477301881595,0.7582155993117412,0.32204487649260916,1.0,0.790938536269719
495,0.6514265534065783,0.7556548019516309,0.7241063197747518,0.30926030899318435,1.0,0.7909279411629617
496,0.7393538527911044,0.8576504692376813,0.8322574481854956,0.24616728517052586,1.0,0.790888882457095
497,0.7776837086900191,0.9021131020804223,0.8724211692238808,0.2596731385675277,1.0,0.7908513073097223
498,0.7185356790157073,0.8335013876582205,0.8086183241151961,0.3141001899817531,1.0,0.7908347591466439
499,0.3310180553484277,0.38398094420417617,0.25262216777717905,0.5920632860303314,1.0,0.7908071509977113
500,0.5251129014803272,0.6091309657171796,0.5388739353953638,0.48075794509888736,1.0,0.7906742891706962
501,0.9084832314104382,1.0,0.9776220440109413,0.09597255806760417,1.0,0.7904840836025138
502,0.5974874741697607,0.6930854700369224,0.6481831705163064,0.45025338378557195,1.0,0.7903560771345213
503,0.7119794520954039,0.8258961644306686,0.8009119298344618,0.29147814775286274,1.0,0.7902603400050137
504,0.7354719212639559,0.853147428666189,0.8279461751285546,0.3231684059803736,1.0,0.7901912616341079
505,0.8492726025514955,0.9851562189597349,0.9358519203372098,0.1728163041109868,1.0,0.7901262636562866
506,0.5555906173716351,0.6444851161510967,0.585614962552798,0.39611374492485546,1.0,0.790080825484987
507,0.5246521370120094,0.608596478933931,0.5381625070601556,0.4562207507303484,1.0,0.7900769399638977
508,0.6448627105268228,0.7480407442111144,0.7152096664162015,0.2930235016925835,1.0,0.7900615511334483
509,0.6055543410807913,0.702443035653718,0.6599144273345333,0.509356044771666,1.0,0.7900622023750807
510,0.5520615437911629,0.6403913907977491,0.5802427986971204,0.45962874462958414,1.0,0.7900114528067073
511,0.6842704325723712,0.7937537017839507,0.7669937472121007,0.26117272373428957,1.0,0.7899584126463183
512,0.8054561378114938,0.9343291198613329,0.8987940416750022,0.20496037048328586,1.0,0.7898950745521806
513,0.4274503103891153,0.4958423600513738,0.38876506513741793,0.7208258890543632,1.0,0.7898483650941105
514,0.6314042836280562,0.7324289690085453,0.6966528081299496,0.44932543083716947,1.0,0.789730808948325
515,0.8836670728031938,1.0,0.9612213357622434,0.09731413766241596,1.0,0.7896480571200934
516,0.6495283147615882,0.7534528451234425,0.7215440951989618,0.3387905986596115,1.0,0.7896295045786154
517,0.6521593725694925,0.7565048721806115,0.7250931282495553,0.342308888642081,1.0,0.7896279260336965
518,0.6542443009554676,0.7589233891083424,0.7278934874145326,0.42513561015611995,1.0,0.7896019728349588
519,0.5712066349312175,0.6625996965202123,0.6092190009466334,0.32666013668437904,1.0,0.7896152345659142
520,0.5876243859343666,0.6816442876838653,0.6336861773030925,0.4359888279202109,1.0,0.7896449620338963
521,0.5796402374004137,0.6723826753844799,0.6218366951834163,0.44105581329859356,1.0,0.7896721961983846
522,0.5980272221899581,0.6937115777403514,0.648971735139587,0.4478003492414441,1.0,0.7896908764643311
523,0.6318507481569613,0.7329468678620752,0.6972749873726787,0.3512022867816957,1.0,0.7897134665027441
524,0.5745885274903036,0.6665226918887523,0.6142905911334593,0.3471888744828174,1.0,0.7897413871795171
525,0.8171781029046192,0.9479265993693584,0.9092460554087204,0.13662078875809439,1.0,0.7897475783424067
526,0.623882912704524,0.7237041787372479,0.6861058817156058,0.3808777491672377,1.0,0.7897702650127059
527,0.6289294985158757,0.7295582182784158,0.693196061894538,0.3827460811471988,1.0,0.789775974964995
528,0.5634136553763145,0.6535598402365249,0.5974759078121795,0.36910926920753273,1.0,0.7897457387204726
529,0.7630634463053849,0.8851535977142466,0.8576179354582066,0.2914323220376789,1.0,0.7896962333229407
530,0.5203482366436878,0.6036039545066779,0.5315125885477869,0.42424961647567233,1.0,0.7896657435152712
531,0.6804841518184885,0.7893616161094468,0.7621939268655388,0.22512981662072398,1.0,0.7896115119847423
532,0.5879588015238895,0.6820322097677118,0.634180332781191,0.4440926252144154,1.0,0.789561303236795
533,0.6240329525019371,0.7238782249022472,0.6863174651804356,0.31938828575211753,1.0,0.7895087846253602
534,0.5871867162155103,0.6811365908099921,0.6330391772969299,0.44503141004775026,1.0,0.7894612569174269
535,0.7899768169263057,0.9163731076345147,0.8843759363813087,0.23371533056222352,1.0,0.7893748016604969
536,0.6959379058103377,0.8072879707399918,0.7815377936411643,0.3768910300333991,1.0,0.7893236613779822
537,0.9094985196135913,1.0,0.9782605778815401,0.09690678967416236,1.0,0.7892991851449367
538,0.4372600638047161,0.5072216740134707,0.40354281370758766,0.6603217336955489,1.0,0.7893332496948692
539,0.6743185784121495,0.7822095509580935,0.7542955265868108,0.2649142383797715,1.0,0.7893563882084713
540,0.5277272100825743,0.6121635636957863,0.5429084727250533,0.5213826222194397,1.0,0.7893741608686227
541,0.7364044590263563,0.8542291724705734,0.8289859164772521,0.3243703453543818,1.0,0.7893409791839301
542,0.5853825825807223,0.6790437957936379,0.6303689625344927,0.4728940872183247,1.0,0.7892870679647384
543,0.367295148454764,0.4260623722075263,0.3015359922580346,0.7322357200112822,1.0,0.7892110108724537
544,0.5165209344051693,0.5991642839099965,0.5255928971537203,0.40703796416052673,1.0,0.7890907473683336
545,0.5577200388889757,0.6469552451112119,0.5888502195596571,0.48741470397236153,1.0,0.7889086026270131
546,0.5357296465519286,0.6214463900002372,0.5552341295855976,0.3892851524284858,1.0,0.7887019240154038
547,0.6908313631637035,0.8013643812698962,0.7752184692139443,0.31167549894035496,1.0,0.7884745604313521
548,0.5308818411577394,0.6158229357429778,0.5477719757285271,0.4855248212703712,1.0,0.7882604803104991
549,0.6672413640662248,0.7739999823168209,0.7451055022425181,0.29511636242987904,1.0,0.7880555809249598
550,0.6942071742679091,0.8052803221507747,0.7794041417488133,0.2259201426438238,1.0,0.787891566490716
551,0.5203532454708072,0.6036097647461364,0.5315203321685146,0.5682958519872174,1.0,0.7877287585113761
552,0.6549587241002244,0.7597521199562604,0.7288506014988336,0.3013622791383555,1.0,0.7875349457932622
553,0.547659623185255,0.6352851628948958,0.5735248131652454,0.3419922045242829,1.0,0.7873284797236095
554,1.0,1.0,1.0,0.008556454377820676,1.0,0.7871238834845907
555,0.6459285687644168,0.7492771397667236,0.7166613463587773,0.25324974232418485,1.0,0.7869761414157266
556,0.5546383172694125,0.6433804480325186,0.5841665702768898,0.5706454513651038,1.0,0.7868423801287512
557,0.4978194924773272,0.5774706112736996,0.4966202468177463,0.3922353389167693,1.0,0.7866541030025451
558,0.4146715990228279,0.48101905486648044,0.36971130803466423,0.428119510142296,1.0,0.7864091225190415
559,0.5850433548662751,0.6786502916448792,0.6298663181953013,0.29916267414795444,1.0,0.7860749414642269
560,0.8062204684003251,0.9352157433443773,0.899487753019079,0.22470782640536285,1.0,0.7857669917161559
561,0.5486261541724116,0.6364063388399975,0.5750014417762352,0.4490486307740471,1.0,0.7854965906309757
562,0.6615396880679615,0.7673860381588354,0.7376073605555566,0.3799976901877109,1.0,0.7852186772736958
563,0.5939247214002603,0.6889526768243021,0.642965385031702,0.5089700654121491,1.0,0.7849430082239894
564,0.702342310375761,0.8147170800358828,0.7893601616599479,0.23656794285545066,1.0,0.7846786635315193
565,0.5872535935663075,0.6812141685369167,0.6331380606966127,0.4050039458075975,1.0,0.784451682446597
566,0.4749368238644369,0.5509267156827469,0.4612028364866622,0.555974711862698,1.0,0.7842124004797677
567,0.5663027225336815,0.6569111581390706,0.601838244434574,0.33263671553590857,1.0,0.784006715826497
568,0.5946977522508666,0.6898493926110054,0.6440993661977448,0.30809173929957845,1.0,0.7838137414549355
569,0.44256195855488184,0.513371871923663,0.4115779430931774,0.6150649588399302,1.0,0.7835692673642871
570,0.8650037345994522,1.0,0.947847376332926,0.14020257081855428,1.0,0.7832898643380959
571,0.64743551888178,0.7510252019028648,0.7187091735739237,0.4007848394417897,1.0,0.7830747900176659
572,0.9407605703026101,1.0,0.9967322060967145,0.056604680427539605,1.0,0.7829026251365611
573,0.6688866228313317,0.7759084824843449,0.747253592938669,0.34044910736238365,1.0,0.7827522267814684
574,0.28276685513666927,0.32800955195853637,0.1929028212750723,0.7353920825901709,1.0,0.782596666108522
575,0.3490159310494726,0.4048584800173883,0.276490159791559,0.732133103454106,1.0,0.7823885787664908
576,0.5070993077702559,0.5882351970134969,0.5110027717732055,0.5324719438727363,1.0,0.7821378412833591
577,0.7197224302395842,0.8348780190779177,0.80999996803818,0.31275473155379013,1.0,0.7818996734355791
578,0.9138885800644713,1.0,0.980992927556439,0.10113943031630979,1.0,0.7816999314528844
579,0.4404185338065949,0.5108854992156502,0.40832572497825503,0.42984549514850556,1.0,0.7815222130970465
580,0.6119128163957112,0.7098188670190251,0.6690760723679343,0.40114991744229506,1.0,0.7813262004094367
581,0.6616968678221959,0.7675683666737474,0.7378151758607132,0.23813402690386168,1.0,0.7811942723524126
582,0.6494349152721319,0.7533445017156731,0.7214178001879841,0.3337716251950294,1.0,0.7810737967054272
583,0.431115796985167,0.5000943245027938,0.394272591597141,0.6869949494477805,1.0,0.7809776440117866
584,0.6083357170831004,0.7056694318163965,0.6639314881388032,0.3158327680359256,1.0,0.7808316254943335
585,0.7094577992377762,0.8229710471158205,0.7979149256859464,0.23716364280882896,1.0,0.7806913381502746
586,0.6966126928775959,0.8080707237380113,0.7823674079174804,0.2924131619238778,1.0,0.7805585502403113
587,0.5160829342602684,0.5986562037419114,0.5249151233728988,0.587486471329917,1.0,0.780473535393841
588,0.6052555591177852,0.7020964485766309,0.6594820410964843,0.5027062903924528,1.0,0.7803584454987653
589,0.6410054180803446,0.7435662849731999,0.7099337346535793,0.264339968033744,1.0,0.7802313627320683
590,0.8277211349933661,0.9601565165923047,0.9183079513765504,0.19069536831396255,1.0,0.7801338228830847
591,0.5837449201914239,0.6771441074220518,0.6279407421113148,0.37301049220671634,1.0,0.780068938234968
592,0.7670375935629575,0.8897636085330308,0.8617048884501873,0.21191049882156665,1.0,0.7799828156879447
593,0.5735048081141384,0.6652655774124007,0.612667099533121,0.40718849284214276,1.0,0.7799167450879685
594,0.5720095963277496,0.6635311317401896,0.6104245407733323,0.4478465938470276,1.0,0.7798534542584769
595,0.6760552652270908,0.7842241076634254,0.7565305544375917,0.30241565140474386,1.0,0.7797730975092831
596,0.44828038535459136,0.520005247011326,0.42027837139074564,0.4085856085842386,1.0,0.7796995846306931
597,0.6611228957238745,0.7669025590396945,0.7370559953213667,0.26008239872019456,1.0,0.7795758839143221
598,0.6177474480209257,0.716587039704274,0.6774134433181445,0.4343956952745277,1.0,0.7794349132731082
599,0.6260854988112511,0.7262591786210514,0.6892071221766416,0.3527676459833391,1.0,0.7792800298695519
600,0.9230907435427158,1.0,0.986571225658277,0.08679009610772652,1.0,0.7791829051079253
601,0.6968436209470783,0.8083386002986109,0.7826510290493275,0.23240405025783578,1.0,0.7791603301007188
602,0.37125491326765425,0.430655699390479,0.3070620589256614,0.6697410017150518,1.0,0.7791003372138454
603,0.692792470986425,0.8036392663442532,0.7776538966787641,0.2955809011142185,1.0,0.7790014222526156
604,0.6223582308043799,0.7219355477330808,0.6839531074208689,0.3946330332770702,1.0,0.778902021083623
605,0.53403479031664,0.6194803567673025,0.5526269834169072,0.43673624809437483,1.0,0.7787852414854176
606,0.7257845116714332,0.8419100335388626,0.8169936077504416,0.20290706411199305,1.0,0.778615222468956
607,0.6647075705598627,0.7710607818494408,0.7417836463466686,0.3210400528530401,1.0,0.7784809389239622
608,0.6924093430972171,0.803194837992772,0.777178941542445,0.26041105201078857,1.0,0.7783758938633569
609,0.5844161096144397,0.6779226871527502,0.6289364392547425,0.3893010825603956,1.0,0.7782825585484324
610,0.7002142490706647,0.8122485289219711,0.7867737411764101,0.2810525322927666,1.0,0.7781882184112917
611,0.6349268724472396,0.736515172038798,0.7015497146693263,0.40370819919819123,1.0,0.7781233759652155
612,0.523230202797727,0.6069470352453634,0.5359663880397502,0.5208641351706935,1.0,0.778051596951699
613,0.7521050602892372,0.8724418699355152,0.8461044875826599,0.29196622321672816,1.0,0.7779311706402857
614,0.5414763204108809,0.628112531676622,0.5640588786590326,0.5069880548915485,1.0,0.7778727949731967
615,0.7534850985782843,0.8740427143508098,0.8475741281219005,0.3157092404114249,1.0,0.7777999835427413
616,0.647476941350166,0.7510732519661927,0.7187653868702983,0.4212798420832494,1.0,0.777705923699839
617,0.7062165186773088,0.8192111616656783,0.79403589937715,0.3332464821389754,1.0,0.7776143164050098
618,0.6219970497514002,0.7215165777116244,0.683442422023041,0.30436202778349025,1.0,0.7775351876153249
619,0.7451024598136411,0.8643188533838237,0.838559874188512,0.21114531194780253,1.0,0.7774526281841138
620,0.6571583726960626,0.7623037123274327,0.7317895403173889,0.28016024362272385,1.0,0.7774038467843178
621,0.5155590962181265,0.5980485516130267,0.5241044434149348,0.5728095579706514,1.0,0.7773690449441328
622,0.7191757751644724,0.8342438991907881,0.809364047329026,0.23460039932918111,1.0,0.7773237525537406
623,0.5078564009891215,0.5891134251473811,0.5121758558842424,0.46159747085003616,1.0,0.7773016256745955
624,0.8032165795245654,0.931731232248496,0.8967515692600981,0.20787031147550766,1.0,0.7772578436193347
625,0.6577938024213534,0.7630408108087701,0.7326362941437132,0.26872406788475334,1.0,0.7772565280750978
626,0.47380977841114597,0.5496193429569294,0.4594630679148556,0.4981035612380469,1.0,0.777226562823101
627,0.7470054920052178,0.8665263707260528,0.8406246344695137,0.3106963660932992,1.0,0.7771704833644913
628,0.5581599824439034,0.647465579634928,0.5895180222147852,0.47820186275001614,1.0,0.777137339968468
629,0.67018832914443,0.7774184618075389,0.7489481496813774,0.29529975120441493,1.0,0.7771042452131975
630,0.7778222957648918,0.9022738630872746,0.8725584438226679,0.2273416133811551,1.0,0.7770554257794963
631,0.6725460910163137,0.780153465578924,0.7520062029260877,0.29422465116304336,1.0,0.7770544162594479
632,0.6855847447024199,0.7952783038548072,0.7686507916324098,0.2717725873238659,1.0,0.7770520081740565
633,0.781497445082382,0.9065370362955631,0.8761779451168915,0.25543284976258657,1.0,0.777067245000999
634,0.7810268137684871,0.9059911039714452,0.8757166817220267,0.21688019445579618,1.0,0.7771103683317977
635,0.5167448281960684,0.5994240007074394,0.5259393331598318,0.4377200884595725,1.0,0.7771870891802319
636,0.7326355002899166,0.8498571803363034,0.8247679088266784,0.3200870162758563,1.0,0.7772123266452416
637,0.3993732310291899,0.4632729479938604,0.3472375635699947,0.6399845437672952,1.0,0.7772434125533074
638,0.7270176620394364,0.8433404879657463,0.8184031152772193,0.23873210142505472,1.0,0.7771817433321861
639,0.6993687807993026,0.8112677857271912,0.7857426242039678,0.2793548827945226,1.0,0.7771740805553806
640,0.7630953849943736,0.8851906465934735,0.8576509685107236,0.22556134596937086,1.0,0.777171156698309
641,0.8216127329778867,0.9530707702543487,0.9130965489377811,0.2129657087368629,1.0,0.7772106868284336
642,0.8370920025626852,0.971026722972715,0.9260964556458556,0.13200754563833342,1.0,0.777264368543966
643,0.5611056294619395,0.65088253017585,0.59398376518302,0.5040592556757818,1.0,0.777361747503629
644,0.6954191595350994,0.8066862250607154,0.7808991581998863,0.24901263902668952,1.0,0.7774910909810833
645,0.48810162579968197,0.5661978859276312,0.4815629574942558,0.36184368163641295,1.0,0.7776487558347376
646,0.46186617961993376,0.5357647683591232,0.4410709992086438,0.4984792090936817,1.0,0.777789159428426
647,0.8484929672718272,0.9842518420353197,0.9352398449281567,0.14273342239255152,1.0,0.7779120554902561
648,0.6603204372646877,0.7659717072270378,0.7359932039505179,0.2800862545969199,1.0,0.7780596437589706
649,0.5414462166426722,0.6280776113054999,0.5640127155724024,0.5477602600092155,1.0,0.7782261033269231
650,0.5158887633765752,0.5984309655168273,0.5246146386900441,0.3819095195362725,1.0,0.7783649259813006
651,0.6831400673815383,0.7924424781625845,0.7655648607412476,0.4063412693341775,1.0,0.7784674866420864
652,0.6176995266169388,0.7165314508756492,0.6773452448671543,0.3558883442586613,1.0,0.7785962721109927
653,0.6016474592607632,0.6979110527424854,0.654247524294711,0.33614407957184306,1.0,0.7787144873602847
654,0.7497984688955707,0.869766223918862,0.843635474227592,0.3089291795813002,1.0,0.7788388739625915
655,0.7301392325070013,0.8469615097081216,0.8219511831232734,0.28510329347520996,1.0,0.7789144926912304
656,0.4234089942888948,0.491154433375118,0.38271382906640594,0.6115500722654538,1.0,0.7790030007774835
657,0.49647091152670536,0.5759062573709783,0.49453005479324763,0.5970543008399658,1.0,0.7790652323430128
658,0.47838391994871327,0.5549253471405075,0.46652765315908207,0.5975255047873718,1.0,0.7791253542170051
659,0.8525806661037363,0.9889935726803342,0.9384304072537129,0.19072606792705812,1.0,0.7791951406525442
660,0.5333892477386124,0.6187315273767905,0.5516334664351864,0.4841605885523867,1.0,0.77931099021104
661,0.6204383550785838,0.7197084918911573,0.6812354111795845,0.3605934016765457,1.0,0.7793742546630618
662,0.6272239916713737,0.7275798303387936,0.6908060490753922,0.4184017788858635,1.0,0.7794485473776859
663,0.7322259836563879,0.8493821410414101,0.8243070781557349,0.3355218145251432,1.0,0.77951443448552
664,0.6434110915932697,0.746356866248193,0.7132282666864781,0.37576563077233793,1.0,0.7796032392073251
665,0.6254586710998645,0.7255320584758429,0.6883256023116541,0.47335777425140846,1.0,0.7796787721680953
666,0.6204233603305375,0.7196910979834236,0.6812141550614198,0.4899864342098538,1.0,0.7797589160539984
667,0.42808921202939004,0.4965834859540925,0.389723760526278,0.4851240069275403,1.0,0.7798628431998884
668,0.4591681258627733,0.532635026000817,0.4369295133884936,0.5510751456198372,1.0,0.7799387740995107
669,0.541305068181633,0.6279138790906944,0.563796259733344,0.45263125797954756,1.0,0.7799880317393947
670,0.5663228897781712,0.6569345521426787,0.6018686600444534,0.4738733287462526,1.0,0.780053585409815
671,0.7075147217955438,0.8207170772828308,0.7955931356960674,0.3006820264591242,1.0,0.7800634099180548
672,0.6664700151814951,0.7731052176105344,0.7440959983775296,0.2544728924963188,1.0,0.7800837539475718
673,0.662739158733201,0.7687774241305132,0.7391916548811832,0.31584638539314924,1.0,0.7800541153562814
674,0.7082431214555654,0.821562020888456,0.7964647678699706,0.3400834415251215,1.0,0.7800242593791923
675,0.46689633467733316,0.5415997482257066,0.448806142345061,0.43517588858858014,1.0,0.7800718848093531
676,0.6790338896086476,0.7876793119460314,0.7603452069696726,0.3241368106807565,1.0,0.7801392999492621
677,0.5477747952497876,0.6354187624897536,0.5737008133329036,0.45027505524727973,1.0,0.7802356408597049
678,0.445251642122255,0.5164919048618158,0.4156660162984518,0.4851422645421359,1.0,0.7802981409685361
679,0.408979837970068,0.4744166120452789,0.3613043748535561,0.6666917633694175,1.0,0.7802744114252728
680,0.6427308549021247,0.7455677916864647,0.712298065710113,0.26524271827451784,1.0,0.7802457348030569
681,0.5282274248764653,0.6127438128566999,0.5436800249140551,0.5103038872814782,1.0,0.7802234657264385
682,0.6981609152372686,0.8098666616752317,0.7842660467758058,0.37940494758323734,1.0,0.7801778402223885
683,0.47682266782414595,0.5531142946760094,0.4641152862739737,0.5615578739478145,1.0,0.7801423541634537
684,0.5623416591901549,0.6523163246605798,0.5958547055992179,0.3835220397724604,1.0,0.780116159923038
685,0.641610048534924,0.744267656300512,0.7107630376647671,0.43968641171727435,1.0,0.780082472579414
686,0.756768530378582,0.8778514952391553,0.8510479318164323,0.27181274346010387,1.0,0.7800375832609723
687,0.6558231659493873,0.7607548725012894,0.7300070094228038,0.2751608522387209,1.0,0.7800048686728338
688,0.6869705807452967,0.7968858736645443,0.7703929075916229,0.32680437682246105,1.0,0.7799982887640438
689,0.5650341644522839,0.6554396307646494,0.5999240380817835,0.35649424297591376,1.0,0.7800066149564102
690,0.6527545553570123,0.7571952842141344,0.725893631458511,0.29897186323660596,1.0,0.7800010165373528
691,0.480708238065928,0.5576215561564766,0.47012093239938385,0.628542349384475,1.0,0.7799640920865323
692,0.6993610745691545,0.8112588465002194,0.7857332165798722,0.26847550074991816,1.0,0.779909728766454
693,0.593723151150181,0.6887188553342101,0.6426695293502618,0.44954530872545423,1.0,0.7798448145725592
694,0.7487092241341392,0.8685026999956016,0.8424640241931072,0.28116810226822264,1.0,0.7797854871062275
695,0.5855300452647015,0.6792148525070538,0.6305874067611321,0.29857744636727174,1.0,0.7797597453968912
696,0.7489098622644539,0.8687354402267666,0.8426800696991568,0.27471569861727974,1.0,0.7797184813992416
697,0.479100601922261,0.5557566982298229,0.4676353784045112,0.5379695795981153,1.0,0.7797325686273653
698,0.6974978642296937,0.8090975225064448,0.7834537466071831,0.23403081219390937,1.0,0.779713469225761
699,0.5795051640031924,0.6722259902437033,0.6216354029625355,0.5041809289109496,1.0,0.7797092978811223
700,0.8408116044745605,0.9753414611904903,0.9291193514614164,0.12854968817709037,1.0,0.7796968672165574
701,0.866277724619405,1.0,0.9487895646460032,0.12146684529815556,1.0,0.7796699992268972
702,0.5510791487536912,0.6392518125542819,0.5787451195930369,0.4234687336986797,1.0,0.7796744354155878
703,0.9939381854167947,1.0,1.0,0.011034682637001405,1.0,0.7797111068810051
704,0.8150935561001165,0.9455085250761353,0.9074164920735852,0.16166073964254296,1.0,0.7798008844310573
705,0.611961316534357,0.7098751271798542,0.6691456547180246,0.4517534592704261,1.0,0.7799226610131613
706,0.7702705150827388,0.8935137974959771,0.864994830496088,0.2830135335856318,1.0,0.7800548110725214
707,0.4583861981387612,0.531727989840963,0.4357303074287966,0.3917860608554475,1.0,0.7801910041107147
708,0.589058825360309,0.6833082374179584,0.6358045391716625,0.42848733706350906,1.0,0.7802859735107264
709,0.475027302016729,0.5510316703394057,0.4613425304463488,0.46803024610215604,1.0,0.7803594907355451
710,0.6852658478447587,0.7949083834999202,0.7682491685806154,0.3993622641128442,1.0,0.7804111124582517
711,0.5786131797357233,0.6711912884934391,0.6203054616715122,0.34855199459900926,1.0,0.7804584948170563
712,0.7198286845495907,0.8350012740775253,0.8101234722755777,0.2298213636092432,1.0,0.7804943192404088
713,0.41335398899999537,0.4794906272399947,0.36776055787567324,0.6204683727664512,1.0,0.780564456657776
714,0.3520220282350665,0.4083455527526772,0.2805550040511387,0.4781994706081415,1.0,0.78057151475979
715,0.6175545917363418,0.7163633264141566,0.6771389550581817,0.40823701166499465,1.0,0.7805442593461521
716,0.5779836460323081,0.6704610293974775,0.6193661382501935,0.31519151479879925,1.0,0.7804933541036918
717,0.5508256020663449,0.6389576983969601,0.5783584306273368,0.3637617650727662,1.0,0.7804314672253481
718,0.5845611673012808,0.6780909540694858,0.6291515385395586,0.33491609007411394,1.0,0.7803434665883646
719,0.5846285058588941,0.6781690667963173,0.6292513807080349,0.4305015062605247,1.0,0.7802513675116498
720,0.8310981491090118,0.9640738529664539,0.9211433826698858,0.2177360586865346,1.0,0.7801331460955244
721,0.5249606011386247,0.6089542973208047,0.5386387923024792,0.5689829402016486,1.0,0.7800497804816371
722,0.793141241914744,0.9200438406211031,0.8873808032556163,0.2623676573241073,1.0,0.7799706081070523
723,0.5773703747332976,0.6697496346906252,0.6184505322937994,0.30152978446459006,1.0,0.7799071246877199
724,0.5994980599264412,0.695417749514672,0.6511180079989138,0.45403785070759034,1.0,0.7798580582862416
725,0.48223954066831076,0.5593978671752405,0.472489364384216,0.491508065882046,1.0,0.7797737945432799
726,0.8160235802470038,0.9465873530865245,0.9082343066241482,0.1540621253777719,1.0,0.7796604589454914
727,0.47408412191813,0.5499375814250308,0.45988650147788895,0.5372758795693259,1.0,0.779612121899967
728,0.5484111597338039,0.6361569452912127,0.5746730556498814,0.4150798961374667,1.0,0.7795161091191928
729,0.5736638099263695,0.6654500195145886,0.6129053966113887,0.42299646489284937,1.0,0.779421221933754
730,0.583671648447464,0.6770591121990583,0.627832002980393,0.4678535593257146,1.0,0.779311806950419
731,0.5856892396121811,0.6793995179501302,0.6308231916398632,0.4694095299789323,1.0,0.779170727300067
732,0.6364333315362153,0.7382626645820098,0.7036354055695282,0.45774440757863966,1.0,0.7790182458059728
733,0.5481904773808493,0.6359009537617852,0.5743359374878869,0.4150752527453981,1.0,0.7788614915023315
734,0.668283864742337,0.775209283101111,0.7464674316112347,0.323366883866152,1.0,0.7786674445736133
735,0.38809611411576833,0.45019149237429135,0.3309367405915151,0.5408194454302887,1.0,0.7784589253219316
736,0.5960041069172292,0.691364764023986,0.6460133773892623,0.4943861472523271,1.0,0.7782335048792661
737,0.5716717622959301,0.663139244263279,0.6099174323714488,0.5501245366642721,1.0,0.7779902533990737
738,0.49815545682193774,0.5778603299134478,0.49714097833931314,0.37422352652899815,1.0,0.7777853131989148
739,0.8905292714733333,1.0,0.9659112928094659,0.11472193352314544,1.0,0.7775453260078216
740,0.8583435115864174,0.9956784734402443,0.9428507790875624,0.14004166930990242,1.0,0.7773469473207824
741,0.7031891441567071,0.8156994072217804,0.7903858325979947,0.3719280344399363,1.0,0.7771716646571412
742,0.6150096086837965,0.713411146073204,0.6735096870742867,0.3381052714409403,1.0,0.7769803242274211
743,0.7415221624145383,0.8601657084008645,0.8346461616230363,0.30252374838795903,1.0,0.7767547491796947
744,0.7274665548834789,0.8438612036648356,0.8189150998655979,0.20228533280867747,1.0,0.7765684163593314
745,0.7075664851164528,0.8207771227350854,0.7956551277773085,0.34614856081661394,1.0,0.7763934420547418
746,0.7519377826672321,0.8722478278939894,0.8459259636054008,0.2394029749949753,1.0,0.7762632206539668
747,0.696524441869085,0.8079683525681387,0.7822589804302003,0.31608501549462004,1.0,0.7761891187837637
748,0.46736445735734566,0.5421427705345211,0.4495268547941602,0.422236060900902,1.0,0.7760898856350942
749,0.7863774019730664,0.9121977862887571,0.8809220027373572,0.19734247051482073,1.0,0.7759588974045013
750,0.6022032756715466,0.6985557997789942,0.6550554367312057,0.3427843146801368,1.0,0.7758759264341858
751,0.5551294160906186,0.6439501226651176,0.5849136205406282,0.35004097852793914,1.0,0.7758109812051928
752,0.4382214393683357,0.5083368696672694,0.4049974198870698,0.7192450600618957,1.0,0.7757249424158372
753,0.6909486880497208,0.8015004781376762,0.775364469912135,0.25771143720111367,1.0,0.7756091787344574
754,0.7532086871990652,0.8737220771509158,0.847280224431058,0.3041472347422834,1.0,0.7755129621847012
755,0.8417310657045048,0.9764080362172257,0.9298606230924247,0.18239333552496406,1.0,0.7754202459707323
756,0.9321978103541373,1.0,0.9918970959133331,0.06382893064398075,1.0,0.7753503977731581
757,0.8159631488833512,0.9465172527046875,0.9081812424256535,0.21535604898920263,1.0,0.7753742270084027
758,0.8642193492411516,1.0,0.9472651180534839,0.12109067891481179,1.0,0.7754548499693142
759,0.786657976382365,0.9125232526035435,0.8811926159700458,0.25879011322428613,1.0,0.7756025046186711
760,0.7644549362768841,0.8867677260811857,0.8590542825559027,0.24321988192916336,1.0,0.7757338635443973
761,0.8338199617951487,0.9672311556823726,0.9234051491170057,0.15198291021775165,1.0,0.7759028735262887
762,0.6843586462499921,0.7938560296499909,0.7671051115024206,0.2525418531443272,1.0,0.7761052218979323
763,0.5532479570742178,0.6417676302060927,0.5820502369104965,0.3521173994512093,1.0,0.7763117840562508
764,0.622531306954919,0.7221363160677061,0.6841977283902816,0.3083783916354003,1.0,0.7764799333050348
765,0.3516455623131418,0.4079088522832445,0.2800447533396032,0.8245833882420494,1.0,0.7766392797151205
766,0.6299407725739813,0.7307312961858183,0.6946102199243783,0.472460313512643,1.0,0.776744559373322
767,0.561619567022016,0.6514786977455386,0.5947619116436353,0.4663794426666038,1.0,0.7768483937759811
768,0.569142691180294,0.6602055217691412,0.6061163711163654,0.4894930869400027,1.0,0.7769731486104594
769,0.6226963621874166,0.7223277801374034,0.6844309542406015,0.31867997700169076,1.0,0.7771139562216602
770,0.5840927117911158,0.6775475456776944,0.6284567709592909,0.5211273130058615,1.0,0.7772651900374463
771,0.5732916722008369,0.6650183397529709,0.6123476173205347,0.4030730780078324,1.0,0.777415085406721
772,0.5228724856321776,0.6065320833333261,0.5354137637829031,0.44504129490875544,1.0,0.7775363237659905
773,0.7920255319922475,0.9187496171110071,0.8863247270921509,0.20247432973850846,1.0,0.7776280774191631
774,0.5413015771256008,0.627909829465697,0.5637909058838959,0.4799607567658958,1.0,0.7777403500099269
775,0.753498344881945,0.8740580800630563,0.8475882069841572,0.23965648208543253,1.0,0.7778192049449886
776,0.7914459617165331,0.9180773155911786,0.8857746832670379,0.14639660221558184,1.0,0.7779472825938352
777,0.5553426498099381,0.6441974737795283,0.5852379095663751,0.4786875289412972,1.0,0.7780917520861957
778,0.8102842274516872,0.9399297038439572,0.9031474278644478,0.21442738816288825,1.0,0.7782332497076063
779,0.5460095447443432,0.6333710719034381,0.5710019400729092,0.4078000311017157,1.0,0.7784362082657339
780,0.635995868670318,0.737755207657569,0.7030302679281841,0.41928059285129493,1.0,0.7786577434143371
781,0.6462972522237762,0.7497048125795805,0.7171628586000439,0.38832217239805233,1.0,0.7788714202109606
782,0.5086902273482716,0.5900806637239951,0.5134677335316434,0.43433490023589655,1.0,0.7790999392726077
783,0.6654991403517991,0.7719790028080871,0.7428231846317237,0.4249110276330376,1.0,0.7792874980385853
784,0.7117094009643571,0.8255829051186543,0.8005918448895111,0.2627047614333592,1.0,0.7795033918066387
785,0.6096958507148434,0.7072471868292185,0.6658905409302116,0.3471688758282976,1.0,0.7797396949551698
786,0.44518889186145755,0.5164191145592908,0.4155705550034251,0.5321408549191842,1.0,0.7799631644536373
787,0.5615593249234712,0.6514088169112267,0.5946707155955655,0.4233874608986734,1.0,0.7801238455322179
788,0.6682366918360441,0.7751545625298112,0.7464058654565764,0.33433460709505314,1.0,0.7802627386870562
789,0.5374701907444206,0.623465421263528,0.5579095075210341,0.41915490012790235,1.0,0.7803940929472458
790,0.5488376840021094,0.636651713442447,0.5753244943277909,0.3406753332851509,1.0,0.7805165450643623
791,0.6558488547150985,0.7607846714695143,0.73004134627808,0.24632145060241598,1.0,0.7806166185811213
792,0.7339356157713982,0.851365314294822,0.8262276593268776,0.22708534801518812,1.0,0.7807452152033745
793,0.6154994552397737,0.7139793680781376,0.674209244903614,0.4867844172455587,1.0,0.7808761773443764
794,0.5549038185345687,0.6436884295000997,0.5845704768565514,0.4320505597278031,1.0,0.7810071303558845
795,0.8037028304954961,0.9322952833747755,0.8971962764426933,0.18590731127002655,1.0,0.7810992698040393
796,0.6036254097260826,0.7002054752822559,0.657120032275799,0.43472308938704757,1.0,0.7812279161700912
797,0.5954825805025887,0.690759793383003,0.6452496116120012,0.36055362971381655,1.0,0.7813265519437045
798,0.6513878017721483,0.7556098500556921,0.7240541006880826,0.26782515592192835,1.0,0.7814431774002538
799,0.4629411458960855,0.5370117292394593,0.4427225625736535,0.4669538735117824,1.0,0.7815480042818643
800,0.49160408468415795,0.5702607382336233,0.4869882420729776,0.6315881071491846,1.0,0.7816287048337673
801,0.6251529449005009,0.7251774160845811,0.6878953488665785,0.35190343045023137,1.0,0.7816441270155509
802,0.5535435032221581,0.6421104637377034,0.5825002664181694,0.48329738750161766,1.0,0.7816156840715316
803,0.36200435651196067,0.41992505355387444,0.29420701944168665,0.6614703004807716,1.0,0.7815885379996371
804,0.7427064328630721,0.8615394621211638,0.8359449267896355,0.24055052112042993,1.0,0.7814484582206966
805,0.6565456699950453,0.7615929771942526,0.7309721187711016,0.40527685573748357,1.0,0.7812995511529417
806,0.5545544538456955,0.6432831664610068,0.5840389738624154,0.49682595168825056,1.0,0.7811631364808425
807,0.7445653879040897,0.8636958499687442,0.8379752129603502,0.3300043853281082,1.0,0.7809919853578834
808,0.6433575163233761,0.7462947189351163,0.7131550436979148,0.4151495906008058,1.0,0.7808774810227709
809,0.7423620234922963,0.8611399472510638,0.8355676489833169,0.22656157031030286,1.0,0.7807761855820852
810,0.5807469306122345,0.6736664395101921,0.6234849275755785,0.2980678997578528,1.0,0.7807260492544855
811,0.6010779695100089,0.6972504446316105,0.6534191572913565,0.34564841630197657,1.0,0.7806586036116121
812,0.627772918908889,0.7282165859343113,0.6915759769118938,0.41677549254662055,1.0,0.7805972250001842
813,0.7529505737887452,0.8734226655949445,0.847005571164674,0.19401740538348244,1.0,0.7805211177092838
814,0.6382916780841806,0.7404183465776496,0.7062011802541733,0.3595826347633695,1.0,0.7805084210223723
815,0.5611172214236904,0.6508959768514809,0.5940013197788833,0.5491509279819553,1.0,0.7805476337730411
816,0.7232446280639571,0.8389637685541903,0.8140764701248191,0.22455192456507841,1.0,0.7805755114145336
817,0.570172040709167,0.6613995672226338,0.6076644389981403,0.40894788653190184,1.0,0.780628699703547
818,0.711073042108503,0.8248447288458636,0.7998367556655839,0.2354165170772248,1.0,0.7806837747028457
819,0.8153126936160785,0.9457627245946512,0.9076094154232419,0.23765038515575312,1.0,0.7807599695896307
820,0.6241397779609197,0.7240021424346669,0.686468079485614,0.41511487745067527,1.0,0.7808754017836084
821,0.8560350136762749,0.993000615864479,0.9410909176322702,0.12120239108579167,1.0,0.7809501185049602
822,0.4925660975507505,0.5713766731588706,0.4884787776235896,0.5153221227334068,1.0,0.7810821871189282
823,0.7105353230090165,0.8242209746904592,0.7991978037390773,0.29892224500195896,1.0,0.7811561901484916
824,0.6021836517752467,0.6985330360592863,0.6550269217671574,0.48755110632982246,1.0,0.7812519427778577
825,0.7578618242722617,0.8791197161558236,0.8521974825264758,0.2703121122417379,1.0,0.7813453062348756
826,0.42596110571507123,0.49411488262948267,0.3865325987510042,0.6004328519549339,1.0,0.7814854807992317
827,0.7816174702799628,0.9066762655247569,0.8762954758878202,0.22599048638467553,1.0,0.7815512388812413
828,0.4643607306835504,0.5386584475929185,0.4449048461353532,0.6665694690143713,1.0,0.7816703802234959
829,0.7357180713730347,0.8534329627927203,0.8282208718866495,0.28567356277816625,1.0,0.7817708182482539
830,0.4301604418784924,0.49898611257905123,0.3928354406651762,0.641362415963367,1.0,0.7818974128993292
831,0.4882452057674307,0.5663644386902197,0.48178531200834834,0.46840008100120933,1.0,0.7819925776936901
832,0.608594729528171,0.7059698862526784,0.6643048266043026,0.38194394737911797,1.0,0.7820673476181281
833,0.4355894692453961,0.5052837843246596,0.4010177216954605,0.4145426559366822,1.0,0.7821348634964714
834,0.6239707481449028,0.7238060678480873,0.6862297514832859,0.3754381359709339,1.0,0.782180085717
835,0.6347055246395283,0.736258408581853,0.7012428270633295,0.38815396255881424,1.0,0.7822159749099253
836,0.5480737811706216,0.6357655861579211,0.5741576523067369,0.5072631011529112,1.0,0.7822951771209572
837,0.7672431704183644,0.8900020776853028,0.8619150191198055,0.17528510850247897,1.0,0.7823633758070236
838,0.568563020530946,0.6595331038158975,0.6052439863557626,0.3448777497887739,1.0,0.7824647313859703
839,0.40924710463578146,0.47472664137750653,0.3616979660341113,0.6147422541541973,1.0,0.782575719659016
840,0.7490822403147872,0.8689353987651532,0.8428655893372945,0.2776464319549386,1.0,0.7825967474938396
841,0.521853673178095,0.6053502608865902,0.5338395309870028,0.4257797008360055,1.0,0.7825974774647896
842,0.6570982089714652,0.7622339224068997,0.7317093158232363,0.32927484118894285,1.0,0.782565545151835
843,0.5178736558286151,0.6007334407611936,0.5276857425346484,0.4499617381279513,1.0,0.7825421467563207
844,0.6417276668291797,0.7444040935218486,0.7109242624445539,0.4127241971353236,1.0,0.7824791935814864
845,0.5024101132638579,0.5827957313860752,0.5037356303529348,0.49485881344615534,1.0,0.7824026960020474
846,0.6080747391443379,0.705366697407432,0.6635551873069038,0.31452464928440926,1.0,0.782291565203058
847,0.5878611077296485,0.6819188849663923,0.6340359921703528,0.3530720200360449,1.0,0.7821578729802043
848,0.5786632652627257,0.671249387704762,0.6203801694064095,0.4644700513060517,1.0,0.782008632123891
849,0.6541471001850953,0.7588106362147106,0.727763170086809,0.3467129919629943,1.0,0.7818839022786901
850,0.6137779481630924,0.7119824198691873,0.6717486169925773,0.47449696295590127,1.0,0.7817391128745235
851,0.841445654611185,0.9760769593489748,0.9296307766907393,0.16440084173832303,1.0,0.7816007505935303
852,0.6779191358700649,0.7863861976092754,0.7589203426343117,0.22935073563222044,1.0,0.7815180761039007
853,0.5335404002677077,0.618906864310541,0.5518661206238695,0.45465011458297544,1.0,0.7814810274343301
854,0.6611653984078022,0.7669518621530507,0.7371122413030531,0.3627075158567833,1.0,0.7814167567330459
855,0.5438323405061722,0.6308455149871599,0.5676694868029585,0.36371175938102657,1.0,0.7813378463608179
856,0.8201568503100195,0.9513819463596227,0.9118386785409915,0.16463628167791305,1.0,0.781207681529221
857,0.8256863072743299,0.9577961164382228,0.9165837804809154,0.21458731558593228,1.0,0.7810612542697641
858,0.44797138407581566,0.5196468055279462,0.41980738511405147,0.5513762924809643,1.0,0.7809209699966013
859,0.6431543138822224,0.7460590041033781,0.7128772593163639,0.348619643052473,1.0,0.7807099696179036
860,0.7057317375552986,0.8186488155641465,0.7934531571047547,0.36554926374605984,1.0,0.7804794685913168
861,0.7921318015393639,0.9188728897856623,0.8864254750271273,0.18225534159301932,1.0,0.7802453124197577
862,0.8043446369860289,0.9330397789037936,0.8977821893549607,0.23211829414169077,1.0,0.7800106770644992
863,0.694058674850846,0.8051080628269816,0.7792206823529955,0.28940410866754224,1.0,0.7798046782482311
864,0.6159340291462352,0.714483473809633,0.6748294641424502,0.33502507331830983,1.0,0.7796302053256509
865,0.6972640781237495,0.8088263306235495,0.7831670426332212,0.2804839506786449,1.0,0.7794597790807424
866,0.7003907320089003,0.8124532491303245,0.786988722409358,0.21715166677300562,1.0,0.7793566769560271
867,0.598870735590192,0.6946900532846227,0.6502030723660401,0.38489868802712274,1.0,0.7792693488877516
868,0.5149784198243781,0.5973749669962787,0.5232057053436321,0.5185554730841235,1.0,0.7791913458718666
869,0.704914150085028,0.8177004140986326,0.7924688421894595,0.2509680154460598,1.0,0.779105933377614
870,0.5722581684609193,0.6638194754146665,0.6107975645360698,0.3735598672893217,1.0,0.7790378824600106
871,0.7721174839357308,0.8956562813654478,0.8668603887506361,0.23094332015897753,1.0,0.7789697428521358
872,0.6391961482198345,0.7414675319350081,0.7074471009251209,0.40540326081938655,1.0,0.7789394360786097
873,0.814169673022369,0.9444368207059481,0.9066015995806933,0.1536450371982052,1.0,0.7789309767675552
874,0.6432289806312428,0.7461456175322417,0.7129793424724583,0.2634647112588615,1.0,0.7789267571812176
875,0.4968642798202619,0.5763625645915038,0.4951397332829648,0.548480038635178,1.0,0.7789410111151012
876,0.41010790175031075,0.4757251660303605,0.3629664179631559,0.6908787477129075,1.0,0.7789086432992571
877,0.7494242833076579,0.8693321686368832,0.8432334469174587,0.2324499098808589,1.0,0.7788086056670945
878,0.6201985633835905,0.719430333524965,0.6808954336446151,0.3918975413063554,1.0,0.7787465038579264
879,0.5743559660539334,0.6662529206225628,0.613942332800399,0.5228213560313094,1.0,0.778652049683501
880,0.5554603366460854,0.6443339905094592,0.5854168691206925,0.5525013092763083,1.0,0.7785655314901441
881,0.6167673791588869,0.7154501598243089,0.6760177486773404,0.37322080850852113,1.0,0.7784671124468235
882,0.732155308335494,0.8493001576691732,0.8242274969678647,0.26450915143893877,1.0,0.7783663305976509
883,0.6275008734616425,0.7279010132155054,0.6911944861816027,0.339806845658869,1.0,0.7783087959185313
884,0.41371639024645673,0.47991101268588987,0.368296829224116,0.4847464898716683,1.0,0.7782461475917448
885,0.5768066851953179,0.6690957548265688,0.6176084779334049,0.33691323702949105,1.0,0.7781317399728329
886,0.4016974341569125,0.4659690236220186,0.3506261882212962,0.7762881953091563,1.0,0.7780148445326948
887,0.37478912683325755,0.4347553871265788,0.31202311242362085,0.48431590413909853,1.0,0.7778936274933739
888,0.6326198003391392,0.7338389683934016,0.6983456783595896,0.3421600186491081,1.0,0.7777424283295764
889,0.7919977437605003,0.9187173827621804,0.8862983771944644,0.238894723147613,1.0,0.7775893541002235
890,0.684621329632233,0.7941607423733904,0.7674366076248392,0.3880052051846852,1.0,0.7774866870572941
891,0.4546957690855262,0.5274470921392105,0.4300771757261986,0.5025451162697159,1.0,0.7774115410818658
892,0.4749712833671296,0.5509666887058704,0.4612560398528016,0.5036344028910433,1.0,0.7773024419302872
893,0.6594380587151508,0.764948148109575,0.7348226899962838,0.3192338395938801,1.0,0.7771500021734232
894,0.6644903809771799,0.7708088419335288,0.7414981386708019,0.42778932968411465,1.0,0.7770100445578906
895,0.604404001222972,0.7011086414186476,0.65824878742254,0.4270076897739877,1.0,0.7768940112520637
896,0.7371941693856987,0.8551452364874106,0.8298644020595727,0.3129212825367397,1.0,0.7767455851561424
897,0.49806792798598504,0.5777587964637427,0.49700531166757156,0.5932121404653928,1.0,0.7766256542198378
898,0.7128373242918525,0.8268912961785491,0.8019273530528995,0.2798289142134883,1.0,0.7764917865741691
899,0.7927039387633804,0.9195365689655214,0.8869673116160329,0.21397665901086044,1.0,0.776372995871924
900,0.7388896924349104,0.8571120432244962,0.8317442976442833,0.2719784062888181,1.0,0.7763171261934624
901,0.6351612703304687,0.7367870735833437,0.7018745751998254,0.3538258834902052,1.0,0.7763074440147498
902,0.5090324573377598,0.5904776505118015,0.5139979297354553,0.5232480251386606,1.0,0.7762998537999759
903,0.6473075561113758,0.750876765089196,0.7185354928678436,0.37839298356592604,1.0,0.7762844793033861
904,0.5651702437836171,0.655597482788996,0.6001294710369267,0.5539346260307739,1.0,0.7763209206176219
905,0.5311967844698287,0.6161882699850013,0.5482572101324364,0.5188448405344896,1.0,0.7763243121783964
906,0.7615557414699458,0.8834046601051372,0.8560551076568201,0.2586307431978218,1.0,0.7763050391929529
907,0.5030956205380935,0.5835909198241885,0.5047981160433742,0.3837745728672282,1.0,0.7763236046288453
908,0.6263013513932019,0.7265095676161143,0.6895104849052667,0.4576615176378574,1.0,0.776298148543535
909,0.6468421794415787,0.7503369281522314,0.7179035184899736,0.4142307098097561,1.0,0.7762703860310965
910,0.697835580824035,0.8094892737558806,0.7838676354285516,0.22127966357514842,1.0,0.7762262628221022
911,0.732745001554809,0.8499842018035786,0.8248910473292048,0.279798708183705,1.0,0.7762045392664156
912,0.7270264807030467,0.8433507176155343,0.81841317908819,0.20030173896030054,1.0,0.7762071674831679
913,0.5778328187337594,0.6702860697311609,0.6191410050432614,0.4949302655975111,1.0,0.7762275824945404
914,0.6872678194226087,0.7972306705302262,0.7707658783327266,0.29815999257500947,1.0,0.7762158638596619
915,0.6767319685891584,0.7850090835634238,0.7573992694289089,0.30289135817911,1.0,0.7762133124892706
916,0.43931056829581183,0.5096002592231418,0.4066466169394902,0.44501875368458255,1.0,0.7762316483144809
917,0.8311984310946463,0.9641901800697898,0.9212270869900819,0.11893626551698659,1.0,0.7761983259341766
918,0.6374603095055608,0.7394539590264506,0.7050543037199632,0.26826623270407135,1.0,0.7762129879755508
919,0.8837173181110233,1.0,0.9612561141943239,0.09042578294957797,1.0,0.7762139598638154
920,0.5261592387183504,0.6103447169132865,0.54048911368565,0.4007642003941742,1.0,0.7762272154278409
921,0.6251902383643617,0.7252206765026596,0.6879478432475747,0.41185704472679213,1.0,0.7762224368278821
922,0.5844342292380466,0.6779437059161341,0.628963309774666,0.38080478168820475,1.0,0.7761762495263659
923,0.8136937958746232,0.943884803214563,0.9061808971375527,0.1948725031906826,1.0,0.7761479841075989
924,0.6455975454069156,0.7488931526720222,0.7162107869928267,0.2780930834441411,1.0,0.7761391351765108
925,0.7463775994340093,0.8657980153434509,0.8399445703948254,0.3067164332903867,1.0,0.776138366214209
926,0.50813487095983,0.5894364503134029,0.5126073119042958,0.5944809481512409,1.0,0.7761355531603051
927,0.6604302284555607,0.7660990650084505,0.7361387095345038,0.3180616426827421,1.0,0.7761476157757627
928,0.6593957821213864,0.7648991072608083,0.734766559041601,0.24635044803809644,1.0,0.7761375028092281
929,0.7215892763857205,0.8370435606074358,0.8121651086319706,0.29072621620945865,1.0,0.7761627995409484
930,0.47387460785658925,0.5496945451136436,0.45956312505613156,0.5348441929194325,1.0,0.7761847941876192
931,0.5115335808773624,0.5933789538177405,0.5178720976994735,0.36724477671811956,1.0,0.7762139975447662
932,0.7426258687547084,0.8614460077554619,0.835856705634536,0.19372208457249238,1.0,0.7762465167087182
933,0.5354280185646908,0.6210965015350414,0.5547702856549324,0.46617717838679945,1.0,0.7763021859028127
934,0.5892698030160509,0.6835529714986192,0.6361158288919861,0.4641034438898496,1.0,0.7763741559599618
935,0.5422171090149212,0.6289718464573086,0.565194624892718,0.5882622471589598,1.0,0.7764377207452733
936,0.8133125933762966,0.9434426083165042,0.9058434190430744,0.19769302365691413,1.0,0.7764827306722129
937,0.7806527427115431,0.9055571815453901,0.8753495870484831,0.24249356530374747,1.0,0.7765741332875413
938,0.5316753778294824,0.6167434382821997,0.5489944667637223,0.5736815635340679,1.0,0.7766652075474227
939,0.7062760251325834,0.8192801891537969,0.7941073843543476,0.33388347003726615,1.0,0.7767469098038213
940,0.7079381277999289,0.8212082282479176,0.7960999847224456,0.3344228153654955,1.0,0.7768796261982176
941,0.6834449560815765,0.7927961490546288,0.7659506098617341,0.26256180040459043,1.0,0.7770009551605291
942,0.33640317375056844,0.39022768155065946,0.259677758031735,0.6676876636801989,1.0,0.777147730684894
943,0.5028158845759586,0.5832664261081121,0.5043645489942077,0.35921252452116204,1.0,0.7772323778371881
944,0.6988082884325915,0.8106176145818061,0.7850579497923698,0.2115314448834299,1.0,0.7773117751760881
945,0.6044819268680633,0.7011990351669536,0.6583616977384896,0.451511528762426,1.0,0.7773990651067095
946,0.5051042245409751,0.5859209004675312,0.5079111186489438,0.4010866149823521,1.0,0.7775021092658612
947,0.8063459376322596,0.9353612876534212,0.8996014666443639,0.20767784455306137,1.0,0.7775835274076095
948,0.43137186121014925,0.5003913590037732,0.3946579913959391,0.6159868956341142,1.0,0.777701830274488
949,0.6319406185052966,0.7330511174661442,0.6974001745491433,0.303132020418869,1.0,0.7777900716026307
950,0.6039060875309609,0.7005310615359147,0.657527070869113,0.5117246694442288,1.0,0.7778716685242266
951,0.6138005869551245,0.7120086808679446,0.6717810139116741,0.32411131435510715,1.0,0.777949040603261
952,0.7183195704360227,0.8332507017057864,0.8083662853181124,0.2911183578304873,1.0,0.7779831154077461
953,0.5458614888642684,0.6331993270825514,0.5707754535078281,0.5779021703864379,1.0,0.7780234400463186
954,0.5476967922411966,0.6353282789997882,0.5735816143656631,0.45339402350560104,1.0,0.7780647727416814
955,0.6294554670672394,0.7301683417979978,0.6939318514536124,0.2678465663416024,1.0,0.7780844411070733
956,0.7473595246453628,0.866937048588621,0.8410075669541166,0.24318001894284946,1.0,0.7781189315842844
957,0.6036913395066986,0.7002819538277705,0.6572156565817581,0.37859490958933184,1.0,0.7781392838285595
958,0.5455683176931981,0.6328592485241099,0.5703269222891013,0.5578684150693082,1.0,0.7781190664113082
959,0.4589120120237915,0.5323379339475982,0.43653667061032075,0.47050645931862123,1.0,0.7781170229646255
960,0.7161843145241501,0.8307738048480142,0.8058687450474789,0.3434270657634222,1.0,0.7780818772070088
961,0.5885057125928149,0.6826666266076654,0.6349881006342034,0.37776135219603396,1.0,0.7780496672859751
962,0.6918999478710798,0.8026039395304526,0.776546825453173,0.35308480090324307,1.0,0.777981770966562
963,0.7350932589998977,0.8527081804398815,0.827523249199577,0.3066489581498187,1.0,0.7778956714926906
964,0.6875549467368817,0.7975637382147829,0.7711259316959207,0.2328228047619864,1.0,0.7778195412281821
965,0.8500805963957679,0.9860934918190909,0.936484491979931,0.18226100108137708,1.0,0.7777585866367751
966,0.8517676350760158,0.9880504566881785,0.937799471787613,0.111035826259573,1.0,0.7777269676563994
967,0.638429079642009,0.7405777323847306,0.7063905739003072,0.36675533479771366,1.0,0.7777235450879871
968,0.6691252436164992,0.7761852825951391,0.7475645588648888,0.24945584494444384,1.0,0.7777273456985564
969,0.5097962851255353,0.591363690745621,0.5151812068618781,0.6173724091095009,1.0,0.7777587787190912
970,0.3167617823657122,0.3674436675442262,0.23431093078154364,0.5041737194553487,1.0,0.7777541475333174
971,0.7001152280545068,0.812133664543228,0.7866530811066396,0.34413960514783076,1.0,0.7777036659336195
972,0.6343931989150368,0.7358961107414427,0.700809615622662,0.47465570328692896,1.0,0.777641738375854
973,0.5961413908605125,0.6915240133981946,0.6462143493105625,0.32555711807806126,1.0,0.7775808041139465
974,0.5372606520634788,0.6232223563936355,0.5575875402701985,0.4601783314141264,1.0,0.7774824527891072
975,0.7361390744099878,0.853921326315586,0.8286902849865059,0.2264084340782194,1.0,0.7773679777048709
976,0.48880852339267133,0.5670178871354988,0.48265773623869135,0.39778898694810916,1.0,0.7773000063361877
977,0.461929779542125,0.535838544268865,0.44116869000382114,0.5409306387893902,1.0,0.7772482402204608
978,0.5676484088127162,0.6584721542227508,0.6038666548363655,0.4816448006318246,1.0,0.7771462780775278
979,0.6188762228988659,0.7178964185626845,0.679018482810663,0.27459873727402284,1.0,0.7770379157710601
980,0.5122283557815216,0.5941848927065652,0.5189480490110892,0.40513290934316454,1.0,0.7769408179800184
981,0.4222073301911764,0.48976050302176466,0.3809189289740478,0.44020665138448084,1.0,0.7768388513661524
982,0.6547241375040531,0.7594799995047017,0.7285364642660479,0.2953727697466758,1.0,0.7767049229418881
983,0.5342479862477306,0.6197276640473676,0.5529550413206351,0.5845172217121428,1.0,0.7765610747596022
984,0.546781642186448,0.6342667049362797,0.5721827336436688,0.4999726618537106,1.0,0.7764047565030863
985,0.6120698713783305,0.7100010507988634,0.6693013798801938,0.3001295569446427,1.0,0.7762770795396152
986,0.6396983250239768,0.7420500570278132,0.7081380439385523,0.31172620913420057,1.0,0.776159580258561
987,0.5783728267883032,0.6709124790744317,0.6199468999576476,0.49113360250906235,1.0,0.7760884461162946
988,0.643324800463756,0.746256768537957,0.7131103265979493,0.28203601432113284,1.0,0.7760560910642882
989,0.6572190415039805,0.7623740881446175,0.7318704291723205,0.4343310099167705,1.0,0.7760266335638643
990,0.729387646185713,0.8460896695754271,0.82109952278624,0.2780327518745772,1.0,0.7759737996220468
991,0.8325212577358102,0.96572465897354,0.9223285696048822,0.12909871808191425,1.0,0.7759306086354638
992,0.6253973408332472,0.7254609153665668,0.688239307234477,0.3045230111336771,1.0,0.7759567219664351
993,0.6463396527483348,0.7497539971880685,0.7172205143838397,0.32167275935044937,1.0,0.7760091285878212
994,0.55009696327655,0.6381124774007981,0.5772468256314447,0.5462247681429743,1.0,0.7760576052974917
995,0.3811333197357813,0.4421146508935064,0.32099507522650195,0.5090141938985021,1.0,0.7760840368906858
996,0.8552330677607657,0.9920703586024883,0.9404761688272097,0.1770087069198369,1.0,0.7760694868134166
997,0.6753940859596507,0.7834571397131949,0.7556805929585837,0.4148878560778711,1.0,0.7760766202401728
998,0.5035906573550535,0.5841651625318621,0.5055653694150788,0.5223729538855956,1.0,0.7761154583725617
999,0.6507821588991411,0.7549073043230038,0.7232375024712859,0.3273484811722044,1.0,0.7761154669609303
1000,0.5694152597766906,0.6605217013409612,0.6065264283072225,0.4192112645990039,1.0,0.7760899293712723
1001,0.6898195081180931,0.8001906294169882,0.7739577259185868,0.3994385426100861,1.0,0.7760346525114256
1002,0.4714253866257188,0.5468534484858338,0.45578453682476366,0.665691254662048,1.0,0.7759908724401761
1003,0.7724182360006371,0.8960051537607391,0.8671632052319719,0.18845456821172882,1.0,0.7759416364983358
1004,0.30850041087005525,0.3578604766092641,0.2239504899747377,0.8513848624868331,1.0,0.7759163975571308
1005,0.5811593676728173,0.6741448665004681,0.6240987196484277,0.3017056595153926,1.0,0.7758457152142375
1006,0.588836109382064,0.6830498868831943,0.6354758519435787,0.519001839531773,1.0,0.7757861466066076
1007,0.6980155213727177,0.8096980047923527,0.7840880310979365,0.29354181115870404,1.0,0.7756972755234307
1008,0.6227027356091118,0.7223351733065698,0.6844399588462386,0.31679596555133777,1.0,0.7756461561548995
1009,0.5972033743111602,0.692755914200946,0.647767899893582,0.4351481167231646,1.0,0.775595922616583
1010,0.7421845077903194,0.8609340290367706,0.8353730548144539,0.20000079405461474,1.0,0.7755382610994924
1011,0.7845148475208762,0.9100372231242165,0.8791196565089034,0.24756163704414885,1.0,0.7754903122347686
1012,0.5548551328050277,0.6436319540538322,0.5844964168126805,0.5115373678627286,1.0,0.7754531204082604
1013,0.6398203049808842,0.7421915537778258,0.7083057878390204,0.30149245134474645,1.0,0.7753860534939256
1014,0.530997100292393,0.615956636339176,0.5479495627944185,0.3319486547807419,1.0,0.7753321563345456
1015,0.4043391652911576,0.46903343173774287,0.3544892857946432,0.5776001081701329,1.0,0.7752517473605034
1016,0.7075555979458075,0.8207644936171368,0.7956420898680492,0.24494158923589557,1.0,0.7751247199510889
1017,0.587279528942777,0.6812442535736214,0.633176406271095,0.5187932622623306,1.0,0.7750497874692938
1018,0.4637726660713593,0.5379762926427769,0.4440006625697761,0.6253215131007953,1.0,0.7749331975595652
1019,0.46557562693548976,0.5400677272451682,0.4467735638297993,0.6051822018436895,1.0,0.7747888415713103
1020,0.4896948798511675,0.5680460606273544,0.4840305966937983,0.47746913107484507,1.0,0.7745735507582916
1021,0.7920690104568432,0.9188000521299382,0.8863659505108865,0.1824992894971763,1.0,0.7743581550850671
1022,0.6950754363444923,0.8062875061596112,0.7804755823328335,0.3742776819570103,1.0,0.7741792594610162
1023,0.6850964083377988,0.7947118336718467,0.7680356613847017,0.3850020627528255,1.0,0.7740256461229658
1024,0.48838273396082615,0.5665239713945585,0.48199829886561474,0.3645152854185297,1.0,0.7738534936553003
1025,0.8574143917092384,0.9946006943827167,0.9421442143253155,0.15670491892763247,1.0,0.7736582070956046
1026,0.6707205156771417,0.7780357981854845,0.7496396755970118,0.32133139306732933,1.0,0.7734887657553093
1027,0.5372711881752694,0.6232345782833126,0.5576037303120506,0.5095470047652834,1.0,0.773353673071272
1028,0.44494369478606477,0.5161346859518352,0.41519757848353867,0.4247047980111119,1.0,0.7732004645405054
1029,0.7930716690863601,0.9199631361401778,0.8873150564895639,0.20619994129864633,1.0,0.7730132508899413
1030,0.7210122243400068,0.836374180234408,0.8114969351209531,0.2791177290762424,1.0,0.7728445204795803
1031,0.5534987857132218,0.6420585914273373,0.5824321805268923,0.4856342541910161,1.0,0.7727253367524971
1032,0.7468377303599426,0.8663317672175336,0.8404430482530976,0.29936209932773067,1.0,0.7726172822740971
1033,0.46604721869885407,0.5406147736906708,0.44749921689625793,0.5763994684312558,1.0,0.7725132275651378
1034,0.5951294750845724,0.690350191098104,0.6447322301553488,0.4817559149834037,1.0,0.7723998059534715
1035,0.6661165518073365,0.7726952000965105,0.7436328899493483,0.2412691935475814,1.0,0.7722908417311274
1036,0.8051070991125918,0.9339242349706066,0.8984766841275014,0.22341718405122854,1.0,0.7722074483351564
1037,0.9719040270160815,1.0,1.0,0.021704564712123744,1.0,0.7721250797520971
1038,0.6785485214871579,0.7871162849251033,0.7597252242949103,0.29269816851325847,1.0,0.7720796074577043
1039,0.539888605032569,0.6262707818377801,0.5616232049034601,0.5664759853575236,1.0,0.7720619364980017
1040,0.6654916290530504,0.7719702897015385,0.7428133278907362,0.2537046181942,1.0,0.772014845931472
1041,0.42791921451106224,0.49638628883283226,0.3894686196188609,0.6513790807598185,1.0,0.7719615277121639
1042,0.679069491988232,0.7877206107063491,0.760390658652712,0.32819327849315727,1.0,0.7718638144059524
1043,0.6922692131380104,0.8030322872400921,0.7770051238888014,0.36241342288890843,1.0,0.77183071243621
1044,0.5366275111882948,0.622487912978422,0.5566144962045094,0.4618388457865987,1.0,0.7718327051247009
1045,0.6305794846043814,0.7314722021410826,0.6955022352888248,0.318176432710513,1.0,0.7718054454926333
1046,0.5135590926204978,0.5957285474397775,0.521008547510822,0.5053792809024601,1.0,0.7717837012099202
1047,0.6328225305911113,0.7340741354856891,0.698627704770512,0.34214932673311116,1.0,0.7717641311319428
1048,0.5156659859479629,0.598172543699637,0.5242698703481132,0.6242169997361107,1.0,0.7717139139430372
1049,0.574507061732079,0.6664281916092117,0.6141686054904971,0.5256177769357456,1.0,0.7716803762122517
1050,0.6432300577334638,0.746146866970818,0.712980814973198,0.30184960876696304,1.0,0.7716375065731707
1051,0.8450251921670414,0.9802292229137681,0.9324970144701807,0.10987692064977785,1.0,0.7716030013378984
1052,0.5983486345476318,0.694084416075253,0.649441071607313,0.3435112517358481,1.0,0.7716111516886224
1053,0.5373556621380075,0.6233325680800887,0.5577335321610151,0.3865727447956718,1.0,0.771597462760365
1054,0.7067593829307709,0.8198408841996944,0.7946876671555612,0.27065107558015183,1.0,0.7715826534511444
1055,0.5583525221765187,0.6476889257247617,0.5898102170487837,0.5267557310975929,1.0,0.7715969196875245
1056,0.6256056258663659,0.7257025260049845,0.6885323430871138,0.2804050851399985,1.0,0.771597959406733
1057,0.4992938393434055,0.5791808536383505,0.49890545211938325,0.5667278700158229,1.0,0.7715770522325851
1058,0.5737126922039179,0.6655067229565448,0.6129786498774794,0.3154724427003397,1.0,0.771537980723632
1059,0.7049111708611692,0.8176969581989564,0.7924652519480937,0.25100503553831643,1.0,0.7715051473473595
1060,0.46860725921684865,0.5435844206915444,0.45144090917692115,0.6835274010242887,1.0,0.771517578820966
1061,0.6104506054831486,0.7081227023604524,0.666976109033905,0.46009725631026516,1.0,0.7714850734804088
1062,0.6259493879584678,0.7261012900318227,0.6890157783877094,0.4179233584786544,1.0,0.7714574933807887
1063,0.843864155990829,0.9788824209493617,0.9315712465026937,0.11437130761667856,1.0,0.771418869583373
1064,0.47344469216971763,0.5491958429168725,0.4588996370738787,0.39430531298002885,1.0,0.7714009832613381
1065,0.7469494581194825,0.8664613714185999,0.8405639923586348,0.27901900195084767,1.0,0.7713450936831421
1066,0.7314819020196317,0.8485190063427729,0.8234684964869996,0.33090840534206806,1.0,0.7712723171874023
1067,0.6030386814913394,0.6995248705299538,0.65626869244638,0.4856677805158343,1.0,0.7711800725545845
1068,0.40726734838963585,0.47243012413197766,0.35878527570438723,0.6644883592232814,1.0,0.7710842249890841
1069,0.5163809795478186,0.5990019362754696,0.5253763336426458,0.6134077249953725,1.0,0.7709441184294079
1070,0.4628101534613746,0.5368597780151946,0.442521263249972,0.6928437571407607,1.0,0.770809400311518
1071,0.37372315874434664,0.43351886414344215,0.3105239570071353,0.49101396729776786,1.0,0.7707050124439621
1072,0.6764081276553591,0.7846334280802166,0.7569836920421087,0.32493701155336113,1.0,0.770545005639957
1073,0.6373899238358062,0.7393723116495352,0.7049571338467213,0.3895775026681615,1.0,0.7703973617272453
1074,0.6226817163798545,0.7223107910006313,0.6844102617791445,0.2717487551647589,1.0,0.7702615718678505
1075,0.68505697480503,0.7946660907738349,0.767985960790301,0.23863695638786714,1.0,0.7701452314958144
1076,0.6425203742380136,0.7453236341160958,0.7120100206710215,0.4451678681925359,1.0,0.7700231865570106
1077,0.4277472832073267,0.49618684852049905,0.3892106157098516,0.5241265370206728,1.0,0.769932471099523
1078,0.643453462828676,0.7464060168812643,0.7132861719955215,0.3593337623614141,1.0,0.7698383242564197
1079,0.3285129850805421,0.3810750626934289,0.24936563300780246,0.6862340505129335,1.0,0.7697606467283327
1080,0.7023010390095435,0.8146692052510706,0.7893101225955235,0.37313050903899564,1.0,0.7696330341432808
1081,0.7612455599221007,0.883044849509637,0.8557327446196357,0.2715870988690933,1.0,0.7695434630187614
1082,0.8494224262344249,0.985330014431933,0.9359693518448942,0.11716001623102927,1.0,0.7695176059093292
1083,0.6520591168450879,0.756388575540302,0.7249582020551302,0.4235283351197924,1.0,0.7695275702051516
1084,0.596415594399609,0.6918420895035465,0.6466156623652459,0.3733235949694024,1.0,0.7695584415756067
1085,0.7578606875292953,0.8791183975339826,0.8521962891418366,0.31060894389886945,1.0,0.7695973209163465
1086,0.6512775823206639,0.7554819954919703,0.7239055564073729,0.3389592832137988,1.0,0.7696612762237713
1087,0.5230472141260964,0.6067347683862719,0.5356837025950706,0.33985181373266793,1.0,0.7697253971382869
1088,0.5331398224609695,0.6184421940547247,0.5512495187027939,0.37016461933106565,1.0,0.7697776358150876
1089,0.520490704531861,0.6037692172569588,0.531732839307095,0.4351813736104051,1.0,0.769808474035544
1090,0.5519144344999725,0.6402207440199681,0.5800185880813735,0.5532667806654866,1.0,0.7698137760087316
1091,0.5153237735855655,0.597775577359256,0.5237402363693995,0.5600648198481274,1.0,0.7697869737446201
1092,0.5629154841114469,0.6529819615692785,0.5967226815476893,0.34016028282778177,1.0,0.769703880001285
1093,0.6876142871580437,0.7976325731033308,0.7712003155262732,0.3152463297877429,1.0,0.7696120323360399
1094,0.8725354124042094,1.0,0.9533547587171269,0.13582538170808003,1.0,0.769530369534946
1095,0.6490041138695154,0.752844772088638,0.720834996988037,0.2819433388751813,1.0,0.7695091955387279
1096,0.7913477833672932,0.9179634287060602,0.8856814083435578,0.22383021719682017,1.0,0.7695368735053404
1097,0.6191424040231404,0.7182051886668429,0.6793965937867159,0.40898462073524905,1.0,0.7695522217817636
1098,0.7380920743401317,0.8561868062345529,0.8308610051249992,0.22148449315203195,1.0,0.7695569843071457
1099,0.8202970007047317,0.9515445208174889,0.9119600323467194,0.13639010582507308,1.0,0.7696038142118237
1100,0.4891191179247383,0.5673781767926964,0.48313879145130645,0.4831904038497212,1.0,0.7696797518908862
1101,0.6597162906755043,0.7652708971835851,0.7351919885466898,0.25588251653248045,1.0,0.7697389581340435
1102,0.6237784498976152,0.7235830018812337,0.6859585419753713,0.41899523802203575,1.0,0.7697909696107665
1103,0.3762376825821277,0.4364357117952682,0.3140642141656864,0.45690998422415563,1.0,0.7698688442945767
1104,0.5919246720995868,0.6866326196355207,0.6400267804927969,0.39744571260491013,1.0,0.7698730702382572
1105,0.8979031329039096,1.0,0.9708179408257165,0.07615451878108297,1.0,0.7699281857706487
1106,0.6557246170712694,0.7606405558026725,0.7298752690162451,0.4143144709867151,1.0,0.77003866171481
1107,0.4283070523813108,0.49683618076232056,0.39005076276452594,0.5224190037676165,1.0,0.7701578633120305
1108,0.5396311372924577,0.625972119259251,0.5612280470714149,0.32683130858004006,1.0,0.770224941336916
1109,0.6342844785201958,0.7357699950834272,0.700658763539904,0.3717593530817615,1.0,0.7702750541333578
1110,0.6805978052786437,0.7894934541232268,0.76233856758062,0.27769298096139533,1.0,0.7703303381446641
1111,0.8371946016835967,0.9711457379529723,0.9261803577548271,0.12448610654149628,1.0,0.7703728780291791
1112,0.34680496734174543,0.40229376211642476,0.27351449806788575,0.5868076885852386,1.0,0.7704236240729079
1113,0.7203341148103369,0.835587573179991,0.8107105075641687,0.247446510072399,1.0,0.7704353987055415
1114,0.61817433310644,0.7170822264034705,0.6780207503380716,0.33268804089864223,1.0,0.7704613125849653
1115,0.6061712946016049,0.7031587017378618,0.6608067321848305,0.4669196110607947,1.0,0.7705021409499129
1116,0.7874335015293643,0.9134228617740627,0.8819393942259198,0.25399723215875913,1.0,0.7705780742471879
1117,0.5466307649064656,0.6340916872915001,0.5719520335903772,0.34518087459734353,1.0,0.77066610756819
1118,0.6948279412997602,0.806000411907722,0.7801703860051541,0.3606951970050519,1.0,0.7707441831120353
1119,0.43914940312602396,0.5094133076261879,0.40640248918115884,0.5218635635765004,1.0,0.7708615063391064
1120,0.34445357767993073,0.3995661501087197,0.27036300331332996,0.7365503743313534,1.0,0.7709705531490796
1121,0.6789271854872763,0.7875555351652406,0.7602089630875262,0.4146590598708399,1.0,0.7710501851203628
1122,0.7963496475304889,0.9237655911353672,0.8903972556201156,0.23655489162899346,1.0,0.7711070626040131
1123,0.6202667777073992,0.7195094621405832,0.6809921602743566,0.41362832683969575,1.0,0.7711804631211672
1124,0.8004243047159015,0.9284921934704459,0.8941844441296325,0.1827880821751921,1.0,0.7712399922892932
1125,0.49103181854796,0.5695969095156337,0.48610164746415235,0.5813528603770535,1.0,0.7713539030651113
1126,0.4338573993145701,0.5032745832049014,0.39840326421566763,0.7322184316992348,1.0,0.771398447654486
1127,0.5227699764963151,0.6064131727357256,0.5352553906956597,0.5945126462790852,1.0,0.7713990205452341
1128,0.7402860128880279,0.8587317749501124,0.833286067030718,0.325919124240733,1.0,0.7713969660311576
1129,0.4654252835220806,0.5398933288856136,0.4465422564769742,0.5227051643187812,1.0,0.7714481347697617
1130,0.6567946178991781,0.7618817567630467,0.7313043589215736,0.3155354635493827,1.0,0.771438792096806
1131,0.5999554016615504,0.6959482659273986,0.6517845881104819,0.3802719083068033,1.0,0.7714181705348798
1132,0.5968169053124706,0.6923076101624659,0.6472027699498379,0.32514539730665515,1.0,0.771406529810682
1133,0.6597265582441528,0.7652828075632174,0.735205613010962,0.34599347732136077,1.0,0.7713682345597017
1134,0.7087833203326622,0.8221886515858883,0.7971102121037366,0.33920083523133393,1.0,0.7713659504473689
1135,0.9445951229339918,1.0,0.9988443604964538,0.04779410518684205,1.0,0.7713841925505507
1136,0.6873355278285829,0.7973092122811563,0.7708508040147197,0.30475611275957143,1.0,0.7714520135334398
1137,0.5869549113226087,0.6808676971342261,0.6326963807240227,0.44391383670560913,1.0,0.7714966010040112
1138,0.6335950776029156,0.7349702900193822,0.6997015865590321,0.33761178780568024,1.0,0.7714705600096406
1139,0.663598564588371,0.7697743349225105,0.740324531561607,0.2581334945043064,1.0,0.771437208625202
1140,0.4141025048942988,0.48035890567738665,0.3688684181546319,0.5661962702679436,1.0,0.7714271255750166
1141,0.7867874059095556,0.9126733908550847,0.8813173717475372,0.24868590666755994,1.0,0.7713720949739882
1142,0.5872687109119838,0.6812317046579014,0.6331604118921846,0.5029689949734234,1.0,0.7713833115654423
1143,0.7648290231124403,0.8872016668104308,0.8594394436499695,0.22341306802188388,1.0,0.7713776675185591
1144,0.59923698607095,0.6951149038423021,0.6507373235517362,0.501146902176449,1.0,0.7713852535588777
1145,0.690000288426442,0.8004003345746729,0.7741831803785375,0.40298245156083057,1.0,0.7714038817234656
1146,0.680091912598648,0.7889066186144318,0.7616944779183294,0.26636401533331,1.0,0.771432646787804
1147,0.6029245465676814,0.6993924740185105,0.656103009967757,0.31611649604441666,1.0,0.7714905248078083
1148,0.7167770989697191,0.8314614348048742,0.8065634301325981,0.22395350184981147,1.0,0.7715412848500882
1149,0.7324304451761287,0.8496193164043093,0.8245372212441547,0.3209972077381614,1.0,0.7716267220914437
1150,0.45548170492265916,0.5283587777102847,0.43128014694564376,0.4219401996163471,1.0,0.7717380224245782
1151,0.5673149955445703,0.6580853948317017,0.6033642980946594,0.5406173651572448,1.0,0.7718121890442129
1152,0.4825026407819675,0.5597030633070823,0.47289637846376575,0.657814596449168,1.0,0.7718341428298665
1153,0.44827717685533713,0.5200015251521911,0.4202734804467009,0.6963942162558678,1.0,0.7718345857230726
1154,0.6664676330993758,0.773102454395276,0.7440928784463852,0.2543241229977148,1.0,0.7718189812021319
1155,0.5992139174679317,0.6950881442628009,0.650703680288985,0.2883379157318019,1.0,0.7717965923018495
1156,0.40344851926504877,0.4680002823474566,0.35318550815598193,0.7139212520481603,1.0,0.7717822301197281
1157,0.5928080825358817,0.6876573757416229,0.6413255720918896,0.522925945078629,1.0,0.7717283105238821
1158,0.5964068173231993,0.6918319080949114,0.6466028186098955,0.5149623299489073,1.0,0.7716928410796862
1159,0.5915820270575048,0.6862351513867057,0.6395226736461219,0.3772742170914217,1.0,0.7716625206613376
1160,0.6056878439921191,0.7025978990308582,0.6601075740041942,0.3271216428044658,1.0,0.7716127106096549
1161,0.5985313084883361,0.69429631784647,0.6497077368826312,0.3953744918466771,1.0,0.771589069364782
1162,0.8319124303333101,0.9650184191866398,0.9218222307800783,0.15190332961681602,1.0,0.7715639918837964
1163,0.6759466863349431,0.7840981561485342,0.7563910533920417,0.36499504962811363,1.0,0.7715767400748678
1164,0.6743130672125874,0.7822031579666016,0.7542884212373973,0.40215853700055504,1.0,0.7715588806756689
1165,0.4384317664323784,0.508580849061559,0.4053157980039589,0.6617430540230439,1.0,0.7715777133659538
1166,0.6923963674845067,0.8031797862820279,0.7771628488372819,0.27390016541475726,1.0,0.7715404478910264
1167,0.6222871115503974,0.7218530493984611,0.683852571251952,0.30832976137284407,1.0,0.7714972649841305
1168,0.46105653901725907,0.5348255852600206,0.4398276341922793,0.39214851000597317,1.0,0.7714588422818522
1169,0.45348788313653676,0.5260459444383827,0.42822940029308737,0.6008127612159118,1.0,0.7714312543149551
1170,0.6788291721457361,0.787441839689054,0.7600837890394503,0.3521697632192882,1.0,0.771393173229711
1171,0.7543383834358202,0.8750325247855515,0.848479975935111,0.27675648426914295,1.0,0.7713951180003873
1172,0.5318163971258186,0.6169070206659497,0.5492116756495358,0.5991638026083904,1.0,0.7714655151683878
1173,0.7267531787446765,0.8430336873438248,0.8181011824796521,0.21532179507549007,1.0,0.771507773909853
1174,0.602610300192651,0.6990279482234752,0.6556467153548207,0.4390374117425872,1.0,0.7715648502749579
1175,0.6498937778569823,0.7538767823140996,0.7220380726297213,0.32517206293328055,1.0,0.7716166014941959
1176,1.0,1.0,1.0,0.00783086283229296,1.0,0.7716604708014061
1177,0.5137107219715195,0.5959044374869626,0.5212433001275463,0.42957016497080425,1.0,0.7717673703620371
1178,0.5405232423358377,0.6270069611095718,0.5625970206630277,0.40986779919533667,1.0,0.7718865363548267
1179,0.7820573721013159,0.9071865516375265,0.8767258695538095,0.23204245607606938,1.0,0.7719835999281441
1180,0.7562996154702664,0.8773075539455091,0.8505537962912106,0.2983745160943409,1.0,0.7721593895839256
1181,0.6816763592736818,0.7907445767574709,0.7637094535279365,0.36792020759964034,1.0,0.7723396252937966
1182,0.3895581968180954,0.4518875083089907,0.3330365450227504,0.6963695187559968,1.0,0.7725001314762547
1183,0.6549349057739978,0.7597244906978375,0.7288187123424027,0.4479891965585274,1.0,0.7725730469119443
1184,0.5931658740818554,0.6880724139349523,0.6418512265869197,0.4200612123010943,1.0,0.7726442925265702
1185,0.7187294688043648,0.8337261838130633,0.8088442181457388,0.33179585475483137,1.0,0.7727128158231003
1186,0.848268346646133,0.9839912821095145,0.9350631888265809,0.1361352327577679,1.0,0.7727722398013639
1187,0.6322039275573431,0.733356555966518,0.6977668544228414,0.3332790849786247,1.0,0.7728653393978582
1188,0.7780009277358838,0.9024810761736253,0.8727352997744138,0.1937995086220671,1.0,0.7729752942148752
1189,0.39284255933381307,0.4556973688272232,0.33776848018956684,0.5412073356679883,1.0,0.7731260253863312
1190,0.7821614157642834,0.9073072422865689,0.8768275803299057,0.2725341645225783,1.0,0.773249257956508
1191,0.8118450272897405,0.9417402316560991,0.904540249864949,0.16842602617392383,1.0,0.773410238006207
1192,0.6937772529478602,0.8047816134195179,0.7788728393376496,0.2488228760097724,1.0,0.7736197624800818
1193,0.4779522004356107,0.5544245525053085,0.4658604774422428,0.5811942775301546,1.0,0.7738465563381309
1194,0.5053489498005225,0.5862047817686061,0.508290378033796,0.6422915387659304,1.0,0.7740288072048285
1195,0.6212418917145117,0.7206405943888337,0.6823737988238386,0.35825461027898337,1.0,0.7741394969822566
1196,0.8316202876216823,0.9646795336411516,0.9215788940262236,0.15273648143462165,1.0,0.7742418688663737
1197,0.5711565808937181,0.662541633836713,0.6091438231289195,0.43288792874409143,1.0,0.7743484186447334
1198,0.5790329920957387,0.6716782708310569,0.6209315426375364,0.32638387251489576,1.0,0.7744431344815788
1199,0.7150867501967078,0.8295006302281811,0.80457982471522,0.21920418053315086,1.0,0.7745063782085149
1200,0.6078245267075909,0.7050764509808055,0.6631942874652055,0.4967559397734674,1.0,0.7745487867785514
1201,0.4571634615283844,0.530309615372926,0.4338560308657913,0.6301359176090087,1.0,0.7746112900650677
1202,0.6205922143465151,0.7198869686419577,0.6814534906760402,0.3238566799921987,1.0,0.7746354587437423
1203,0.5898469620928225,0.6842224760276742,0.6369670369790881,0.44943075443475816,1.0,0.7746583288396571
1204,0.5045696681541414,0.585300815058804,0.5070826775175787,0.5444086098167806,1.0,0.7747189625030066
1205,0.7278144368941311,0.8442647467971921,0.8193114702871536,0.24867170097060573,1.0,0.7747620532557455
1206,0.3934547917345792,0.45640755841211195,0.33865282056982327,0.5503147237027318,1.0,0.7747732353206203
1207,0.7825724483295379,0.9077840400622641,0.8772290822307744,0.26491296212271215,1.0,0.7747368733549884
1208,0.7310199868015219,0.8479831846897655,0.8229470972732594,0.2643234855737388,1.0,0.774765370019596
1209,0.46136455606558957,0.535182885036084,0.4403005989288066,0.596518489055257,1.0,0.7748274617771771
1210,0.48689941222923416,0.5648033181859117,0.47970134627919314,0.47854050242393,1.0,0.7748565651959889
1211,0.45703956690185893,0.5301658976061564,0.4336661861273635,0.5408824405143965,1.0,0.7748499298014875
1212,0.5619794929632396,0.651896211837358,0.5953066892417699,0.4835076583710942,1.0,0.7747750655625603
1213,0.6443176285776205,0.7474084491500399,0.714466234895945,0.4544906252857717,1.0,0.7747411786654128
1214,0.5630098330285179,0.6530914063130808,0.5968653580024493,0.5202598084156372,1.0,0.7746946254076579
1215,0.6848286907319391,0.7944012812490494,0.767698156598956,0.37692681206192113,1.0,0.7746395391376217
1216,0.5457012684257332,0.6330134713738506,0.5705303368050804,0.33247348923261355,1.0,0.77460026378699
1217,0.6200883486405006,0.7193024844229807,0.6807391308700892,0.43773653627535997,1.0,0.7745186548949186
1218,0.6716153992190906,0.7790738630941453,0.7508008217320699,0.4010375037171129,1.0,0.7744527166346813
1219,0.6496048621627879,0.7535416401088341,0.7216475870636982,0.28325186813540193,1.0,0.7743845782646768
1220,0.5816046199967642,0.6746613591962465,0.6247610632878344,0.352430409144358,1.0,0.774356366028399
1221,0.8467903425119282,0.9822767973138369,0.9338973155653372,0.1302754515015574,1.0,0.7743716873468265
1222,0.7930595566926351,0.9199490857634568,0.8873036087399606,0.26418075261114266,1.0,0.7744167643939657
1223,0.5863513328742447,0.6801675461341239,0.6318034012868851,0.4941041626212609,1.0,0.7744598969133398
1224,0.6728361792768498,0.7804899679611459,0.7523814440857097,0.42295827779408773,1.0,0.7744956306770627
1225,0.8040387686929549,0.9326849716838278,0.8975031088355743,0.2447506068027272,1.0,0.7745073265652951
1226,0.5946724596208766,0.6898200531602169,0.6440622797861043,0.4716248101126676,1.0,0.7745750128279065
1227,0.5582057767858369,0.647518701071571,0.589587522570346,0.3309730684375762,1.0,0.7746696152134946
1228,0.49301643429927855,0.5718990637871632,0.48917657285111316,0.5999990096615286,1.0,0.7747677579715673
1229,0.760896985266337,0.882640502908951,0.8553701382315646,0.2168111505981668,1.0,0.7748184479227518
1230,0.5840201251018761,0.6774633451181763,0.6283490872340733,0.4385815733288581,1.0,0.7749208020817149
1231,0.6698620452398782,0.7770399724782588,0.7485238090616353,0.3041734992486436,1.0,0.7750069862072053
1232,0.5839783603048242,0.6774148979535961,0.6282871247010562,0.4061705756586663,1.0,0.7751031680047753
1233,0.5181946440435082,0.6011057870904696,0.5281822642818634,0.5878108433324402,1.0,0.7751941534103167
1234,0.473481954262878,0.5492390669449385,0.45895713986429104,0.5161421378687018,1.0,0.7752569335091358
1235,0.5115257097811378,0.5933698233461199,0.5178599076309994,0.5070383851611834,1.0,0.7752754759590977
1236,0.5870148439000911,0.6809372189241057,0.6327850180834251,0.5324611761235913,1.0,0.7752155096411933
1237,0.6509267354716115,0.7550750131470695,0.7234325184683296,0.2627293315283046,1.0,0.7751392845897189
1238,0.5782503915524094,0.6707704542007951,0.6197642173823941,0.35598864527745716,1.0,0.7750768612181356
1239,0.6878230074452762,0.7978746886365206,0.7714618718616091,0.38556948553617126,1.0,0.7750063485042107
1240,0.5884110484078537,0.6825568161531105,0.6348483193938512,0.494815840205163,1.0,0.7749423115714176
1241,0.5594048950804124,0.6489096782932784,0.59140655594525,0.49638787361269143,1.0,0.774911571284441
1242,0.8808885484428468,1.0,0.959287977901614,0.12469154281164385,1.0,0.7748408243541243
1243,0.4243390584925701,0.49223330785138136,0.3841044490117502,0.41898193417299606,1.0,0.7748250514024726
1244,0.4633380589821019,0.5374721484192383,0.4433325829536282,0.439309280782574,1.0,0.7747484634457389
1245,0.5274741538031827,0.6118700184116921,0.5425180971266895,0.4685777004527518,1.0,0.7746497113208313
1246,0.48209667521782945,0.5592321432526822,0.472268362438076,0.5899555377075085,1.0,0.7745246670554387
1247,0.6649076947479876,0.7712929259076657,0.7420466136130313,0.39770696280976925,1.0,0.7743677349752793
1248,0.441119282743604,0.5116983679825807,0.40938841318175656,0.5238824971513931,1.0,0.7742266678241971
1249,0.5572325966675187,0.6463898121343218,0.5881100715383595,0.37842467473988506,1.0,0.7740402142807268
1250,0.46341786383560396,0.5375647220493006,0.4434552493688801,0.6404718478608553,1.0,0.7738278187308291
1251,0.44528134092192684,0.5165263554694351,0.4157111981827892,0.5863580617551715,1.0,0.7736232235560325
1252,0.6099725912771934,0.7075682058815445,0.6662887061229663,0.44543421392172367,1.0,0.7734028001786477
1253,0.7956263719871985,0.9229265915051504,0.8897199017545757,0.16760839231536961,1.0,0.7732119340936736
1254,0.7424956144088386,0.8612949127142528,0.8357140308109479,0.20890108760774928,1.0,0.7730893168463726
1255,0.7499108498990981,0.8698965858829538,0.843756135712818,0.30591499141128015,1.0,0.7729840631531262
1256,0.8141327108032506,0.9443939445317707,0.9065689463790088,0.20076015827215243,1.0,0.7729090925185149
1257,0.4460501773624272,0.5174182057404156,0.41688117363784805,0.715690954107414,1.0,0.7729102941574189
1258,0.5012042771788252,0.5813969615274374,0.50186662398732,0.5409092725942252,1.0,0.7728850433242244
1259,0.5470603758121177,0.6345900359420567,0.5726088800780202,0.5488194653686266,1.0,0.7728434135587998
1260,0.6391050841169729,0.7413618975756886,0.7073217439540458,0.27075504782011783,1.0,0.7727950187891137
1261,0.6720250095815868,0.7795490111146408,0.751331606920203,0.3773152401605925,1.0,0.7727540909657407
1262,0.6126799332746822,0.7107087225986314,0.6701761020641761,0.34172317692190174,1.0,0.7727276198432658
1263,0.49904678942758124,0.5788942757359943,0.4985225264095162,0.3971132457820056,1.0,0.7726624810049945
1264,0.5585291991473692,0.6478938710109483,0.5900783029966371,0.47442553529537873,1.0,0.772567454350428
1265,0.8577281184946492,0.9949646174537933,0.9423830551000526,0.09978463782551056,1.0,0.7724544373992466
1266,0.5315184061787951,0.6165613511674024,0.5487526725895144,0.5003846847996051,1.0,0.772420284299972
1267,0.6448682502620308,0.7480471703039557,0.7152172183971021,0.38833929937287137,1.0,0.7723581977606406
1268,0.8421249473045418,0.9768649388732686,0.9301774493636181,0.15907569336321487,1.0,0.7723020384224573
1269,0.6955169172040637,0.806799623956714,0.7810195664130973,0.2892221061989408,1.0,0.772316156177911
1270,0.8336167578609561,0.9669954391187092,0.9232370148626184,0.17902294795743937,1.0,0.7723734156268334
1271,0.8587022494474378,0.9960946093590279,0.9431229607370113,0.1551549508369386,1.0,0.7724568190577168
1272,0.4794752517139405,0.5561912919881711,0.4682145313337024,0.5917556513278823,1.0,0.7725565058815558
1273,0.6336551517915409,0.7350399760781875,0.6997850370214825,0.3192046363854591,1.0,0.7726437806945057
1274,0.6629480282142922,0.769019712728579,0.7394671616634294,0.2810772915906229,1.0,0.7727116796182152
1275,0.7300944319666159,0.8469095410812746,0.8219004638961318,0.23181336466803226,1.0,0.7727884023652575
1276,0.5441376696381289,0.6311996967802296,0.5681370702064488,0.5007947137265878,1.0,0.7728772595476282
1277,0.7674037445793095,0.8901883437119991,0.8620790625473616,0.19481811630806137,1.0,0.7728813957950627
1278,0.6974097317899968,0.8089952888763964,0.7833456832296205,0.28569091510287153,1.0,0.7729310726991436
1279,0.7352897629213913,0.852936124988814,0.8277427762484754,0.286915029370119,1.0,0.7730074988642037
1280,0.5238001070444062,0.6076081241715112,0.5368466936179075,0.4105474199538957,1.0,0.7730732140746598
1281,0.5567086798432979,0.6457820686182256,0.5873142534603785,0.5039296899654915,1.0,0.7730951079172854
1282,0.652640185573982,0.7570626152658192,0.7257398747555702,0.267307703241413,1.0,0.7730938507623348
1283,0.6737570489133008,0.7815581767394291,0.7535711585631744,0.3388170480209837,1.0,0.7731399860800088
1284,0.7368532039454261,0.8547497165766944,0.8294853331115254,0.3202634739974552,1.0,0.7731881253239177
1285,0.8130216676793286,0.9431051345080212,0.9055855794305885,0.21462306993657013,1.0,0.7732606841098848
1286,0.8848436152970749,1.0,0.9620340019682974,0.09018882563836174,1.0,0.7733480387280702
1287,0.5007684273461614,0.5808913757215474,0.5011910609213457,0.3794435222682076,1.0,0.7734393562560674
1288,0.5173680013144302,0.600146881524739,0.5269034971373099,0.3545716795741563,1.0,0.7735042758681867
1289,0.6420174749073793,0.74474027089256,0.7113213779640808,0.45101645804006296,1.0,0.7735203339651864
1290,0.6228121655976548,0.7224621120932797,0.6845945522588183,0.4398374594755551,1.0,0.7735807618040793
1291,0.5206288138075772,0.6039294240167896,0.5319463441274617,0.5767331387341321,1.0,0.7736106939427756
1292,0.6400429635070661,0.7424498376681968,0.7086118938427215,0.37943828792032314,1.0,0.7735873091988841
1293,0.28773584020688964,0.333773574639992,0.19875084022963457,0.5354280393005063,1.0,0.77355495382521
1294,0.4747202898195099,0.5506755361906316,0.46086853431336633,0.4125807051970518,1.0,0.7734893301679051
1295,0.6855243217140163,0.7952082131882591,0.7685747153896564,0.304731316307134,1.0,0.7734201620615226
1296,0.8361596134838113,0.9699451516412212,0.9253326225521896,0.21274437118374034,1.0,0.7733646398357316
1297,0.6028513727119529,0.6993075923458655,0.6559967755651139,0.4560502567591991,1.0,0.7733116003553695
1298,0.6089684120208319,0.706403357944165,0.6648432237572295,0.4341539393114099,1.0,0.7732658571219454
1299,0.48031716157580645,0.5571679074279355,0.4695162003357102,0.4417710504176059,1.0,0.7732268745611106
1300,0.5075614264445376,0.5887712546756637,0.5117188151363569,0.4313151035441656,1.0,0.7731468029511492
1301,0.61085799442221,0.7085952735297637,0.6675616010128343,0.3816863314803399,1.0,0.7730510861314391
1302,0.8561234282590697,0.993103176780521,0.941158586500126,0.13775530403037098,1.0,0.7729859058322414
1303,0.6027957813030332,0.6992431063115186,0.655916060965027,0.286276346817482,1.0,0.7729650765605237
1304,0.7744174632132078,0.8983242573273211,0.869169305130611,0.2895273008164787,1.0,0.7729472029544155
1305,0.6707247567815725,0.7780407178666242,0.7496451835374182,0.4124278806422096,1.0,0.7729784381596011
1306,0.45164585037459254,0.5239091864345274,0.42541402968951486,0.43991180833254256,1.0,0.7729984601662109
1307,0.5037494853154757,0.5843494029659518,0.5058115320269898,0.4901652883679536,1.0,0.7730283559031776
1308,0.6541580169058309,0.7588232996107639,0.7277778073230089,0.36306173319560314,1.0,0.7730071666346927
1309,0.7417753729018065,0.8604594325660957,0.8349242019153909,0.29488083296931683,1.0,0.7729727778896813
1310,0.7507859932770716,0.8709117522014032,0.8446944755048527,0.2313276035862644,1.0,0.7729898947540507
1311,0.47661518748413073,0.5528736174815917,0.463794778716673,0.4571941969170214,1.0,0.7730539976970776
1312,0.5497022589210399,0.6376546203484064,0.5766444569118766,0.36473758400618184,1.0,0.7731197011635185
1313,0.6209051048531568,0.720249921629662,0.681896828911088,0.48291575205444087,1.0,0.7731812236238387
1314,0.6398472366956104,0.7422227945669081,0.7083428190536728,0.3844747884009322,1.0,0.7732366861560787
1315,0.6865813517625581,0.7964343680445675,0.7699041431282263,0.22532880571296066,1.0,0.7733043155450117
1316,0.4120036807638885,0.4779242696861107,0.3657642396097512,0.5962608540371502,1.0,0.773370231531262
1317,0.6411622016518947,0.743748153916198,0.7101488585603072,0.3679567347291575,1.0,0.773410104472146
1318,0.4944338635670941,0.5735432817378292,0.4913730453535342,0.5299755983654779,1.0,0.7734525745183451
1319,0.7084688623776061,0.8218238803580231,0.7967345907301078,0.3345023223565733,1.0,0.7734618777867412
1320,0.5593690842649243,0.6488681377473122,0.5913522549366003,0.32774927793939723,1.0,0.773481497477124
1321,0.8048146482489751,0.9335849919688112,0.8982105038907607,0.25153255760780646,1.0,0.7734965261803637
1322,0.7977901348701595,0.9254365564493852,0.8917416956580562,0.19074425782303145,1.0,0.7735035483975388
1323,0.7179717293262314,0.8328472060184285,0.8079603276102691,0.32179493151228,1.0,0.7735112114522705
1324,0.48179443143988654,0.5588815404702685,0.47180083772502684,0.44374186899328555,1.0,0.7735423362867218
1325,0.565187570342912,0.655617581597778,0.6001556265589862,0.43827464654016746,1.0,0.7735381398615286
1326,0.8001072084639523,0.9281243618181848,0.8938914701288625,0.1826631736409406,1.0,0.7734910761133884
1327,0.7072506471519191,0.8204107506962263,0.7952767591806178,0.22851675701591131,1.0,0.7734824025324842
1328,0.3986793661888375,0.46246806477905156,0.3462277971156481,0.6026314848860629,1.0,0.773500817235673
1329,0.6870955687821211,0.7970308597872605,0.7705497702241826,0.3336334992331442,1.0,0.7735016988255062
1330,0.5039775004908778,0.5846139005694183,0.5061649225700746,0.3865004778577917,1.0,0.7734892697126773
1331,0.628068104633302,0.7285590013746304,0.6919897360228345,0.40433866184100314,1.0,0.7734628058008033
1332,0.6888508137359329,0.7990669439336823,0.772748115911565,0.3421061757839756,1.0,0.7734296128969762
1333,0.3165365016518697,0.3671823419161689,0.23402593835535662,0.8523010022810562,1.0,0.7734162928218817
1334,0.6258616075198464,0.7259994647230219,0.688892356132426,0.3270352078749098,1.0,0.7733670738834094
1335,0.6581576879258829,0.7634629179940243,0.7331207424918996,0.43349814585539853,1.0,0.7733467598506776
1336,0.6762303275938902,0.7844271800089128,0.7567554067811819,0.37712870025630324,1.0,0.7733534489949938
1337,0.7479855194018445,0.8676632025061398,0.8416837499241073,0.3271188332381594,1.0,0.7733759962520453
1338,0.8097118937286781,0.9392657967252668,0.9026349154362414,0.19460301546819853,1.0,0.7734153376724928
1339,0.6220233373274473,0.721547071299839,0.6834796000815218,0.4808723341295934,1.0,0.7734951619207184
1340,0.6499031586136248,0.7538876639918048,0.7220507478581615,0.4161189180796828,1.0,0.7735607475008763
1341,0.7508200119085248,0.8709512138138888,0.8447309046802045,0.1924805476245655,1.0,0.7736354340934664
1342,0.7273759647122212,0.8437561190661768,0.8188118248457152,0.22357392861951328,1.0,0.7737423348093078
1343,0.4628914716845881,0.5369541071541223,0.44264622554469674,0.4096394893465396,1.0,0.7738183962386025
1344,0.4572360112973136,0.5303937731048839,0.4339672052905592,0.6284154097043154,1.0,0.773899115259393
1345,0.42458231964933496,0.4925154907932286,0.3844683700096676,0.698648321519668,1.0,0.7739763143409764
1346,0.5246221786808571,0.6085617272697944,0.5381162473636285,0.478755585419146,1.0,0.7740326769199647
1347,0.6642822152533222,0.7705673696938539,0.741224379984612,0.40198151940301313,1.0,0.7740950032122067
1348,0.7695319790522581,0.8926570957006196,0.8642460151109943,0.18105274960624376,1.0,0.7741553471293723
1349,0.833225315981097,0.9665413665380725,0.9229128006267978,0.13640064637975755,1.0,0.7742729950143585
1350,0.7352756940213138,0.8529198050647241,0.8277270627721247,0.20965577959037013,1.0,0.7744367921522716
1351,0.6397092019652968,0.7420626742797444,0.7081530030416074,0.4674626527827406,1.0,0.7746446097854807
1352,0.5283566500885577,0.612893714102727,0.5438793252781811,0.3496568492478978,1.0,0.7748811899046812
1353,0.5510178833907661,0.6391807447332887,0.5786516882938992,0.47962967010963037,1.0,0.775095981750892
1354,0.6232054143027713,0.7229182805912148,0.6851498927294921,0.33449260466266223,1.0,0.775260300313769
1355,0.8281663965944579,0.9606730200495713,0.9186836609773426,0.1917802955410309,1.0,0.7753982170837406
1356,0.5263086246604078,0.6105180046060732,0.5407196687678002,0.4004878318707881,1.0,0.7755460823490183
1357,0.7001921754430321,0.8122229235139173,0.7867468461937559,0.29025878504367686,1.0,0.7756377033208318
1358,0.5471195656725851,0.6346586961801989,0.572699364519358,0.5014093319045648,1.0,0.7757723212231455
1359,0.5016946322220759,0.5819657733776081,0.5026266642292416,0.4766816604318548,1.0,0.7759111653403186
1360,0.6914307843905364,0.8020597098930223,0.7759639978664052,0.3203329782282161,1.0,0.7760376783001304
1361,0.5337621281438484,0.6191640686468642,0.5522073778556142,0.37178379716473414,1.0,0.776169814497197
1362,0.5434158441780804,0.6303623792465733,0.5670315355597149,0.49006187357091896,1.0,0.7762730992896929
1363,0.4376259360020963,0.5076460857624318,0.4040962681250637,0.6781096286442021,1.0,0.7763608180023764
1364,0.7109784879324311,0.8247350460016202,0.7997244605393103,0.3307891642438739,1.0,0.7764348494000629
1365,0.5814058506299449,0.6744307867307361,0.6244654166715616,0.38470918559711964,1.0,0.7765341007278002
1366,0.7145810272074007,0.8289139915605849,0.8039847596020226,0.3271959846263948,1.0,0.7765806365074894
1367,0.682710564196332,0.7919442544677453,0.7650210203288879,0.34617555493400487,1.0,0.7766587274855734
1368,0.6271583626398554,0.7275037006622324,0.69071395391409,0.4515460771664669,1.0,0.7767412873508228
1369,0.4519096184843424,0.5242151574418372,0.4258169853941667,0.5002271948541979,1.0,0.7767826764348753
1370,0.7937896138754851,0.9207959520955628,0.8879928319289461,0.1568707760446072,1.0,0.7767789745326367
1371,0.6238753216021586,0.7236953730585041,0.6860951756107142,0.31977032601135363,1.0,0.7767682148015478
1372,0.6776402857126427,0.7860627314266656,0.758563400237998,0.4037328748709275,1.0,0.7767155090153794
1373,0.6179981297078535,0.7168778304611102,0.6777701200399255,0.36871100108003774,1.0,0.7767000541089157
1374,0.7338832989058063,0.8513046267307354,0.8261690149380387,0.2927921627097843,1.0,0.776682244585671
1375,0.6089313922514671,0.7063604150117019,0.6647898980481415,0.3229137307532666,1.0,0.7766777376968481
1376,0.5303145454755643,0.6151648727516547,0.546897792883771,0.3792918025573676,1.0,0.7766515566675412
1377,0.6473050550083467,0.7508738638096822,0.7185320977921268,0.278251197843179,1.0,0.7766236729067642
1378,0.5951248505585656,0.6903448266479362,0.644725452734172,0.4827479728503815,1.0,0.7765750078946876
1379,0.5834047284906908,0.6767494850492014,0.6274358102761954,0.5179295461230892,1.0,0.7765093915543517
1380,0.6105139440324582,0.7081961750776515,0.6670671591621101,0.4546512176493026,1.0,0.7764184043980284
1381,0.5881732371362889,0.6822809550780952,0.6344971035517306,0.3978021838049364,1.0,0.7763457553470527
1382,0.6591366069747399,0.7645984640906983,0.7344223520564696,0.3813284967490311,1.0,0.776280949387919
1383,0.6473920741757425,0.7509748060438615,0.7186502115415134,0.4078463858630282,1.0,0.7762192569634114
1384,0.7641112901435075,0.8863690965664689,0.8587000954491744,0.2650373887003725,1.0,0.7761546696161863
1385,0.508689691584968,0.5900800422385629,0.5134669034903401,0.5294269140461221,1.0,0.7760969263448936
1386,0.6649351265498192,0.7713247467977904,0.7420826515579328,0.27105541251478477,1.0,0.7759861356160427
1387,0.9336938996605956,1.0,0.992753819179003,0.04669665015989949,1.0,0.7758390850810828
1388,0.5849014565343428,0.6784856895798377,0.6296560099703787,0.4208543706262335,1.0,0.7757743726471882
1389,0.7953903423473642,0.9226527971229426,0.8894985243719058,0.23731815167332293,1.0,0.7757237576082503
1390,0.5211175079690525,0.604496309244101,0.5327017610743634,0.36277233110025314,1.0,0.7757022681366195
1391,0.6187231852993312,0.7177188949472243,0.6788010266906068,0.3626902397542205,1.0,0.7756631183107645
1392,0.6054691565016476,0.7023442215419112,0.6597911683119279,0.38967128704974047,1.0,0.7756427999665536
1393,0.5731024128917728,0.6647987989544565,0.6120638734584765,0.37110862020662405,1.0,0.7756168678874082
1394,0.8002494627943778,0.9282893768414784,0.8940229393528634,0.20782908203699907,1.0,0.7756430797537204
1395,0.35570219601887615,0.4126145473818964,0.28556081688794344,0.7704624318076493,1.0,0.7757271005151787
1396,0.4215899400212759,0.48904433042468015,0.37999754961201937,0.5089636172446665,1.0,0.7757492326711681
1397,0.7648619423097456,0.887239853079305,0.8594733173858878,0.29571464462143954,1.0,0.7756960783212548
1398,0.6080374788993869,0.7053234755232889,0.6635014516501005,0.39138935900896105,1.0,0.7756736805043662
1399,0.45836224709010065,0.5317002066245168,0.4356935824508959,0.42358234898570374,1.0,0.7756517870540225
1400,0.47589260741762474,0.5520354246044448,0.4626787177971577,0.6428210897015241,1.0,0.7756265985225816
1401,0.46517558992490465,0.5396036843128894,0.4461581293718875,0.5270847730956244,1.0,0.7755964652596592
1402,0.8171032399170224,0.9478397583037461,0.9091805670589173,0.1691486778743005,1.0,0.775541013161815
1403,0.6152100549345336,0.7136436637240591,0.6737960056948771,0.3411260262741977,1.0,0.7754802009930044
1404,0.5969487184572778,0.6924605134104423,0.6473955482441254,0.488615618793573,1.0,0.7754234477585118
1405,0.5061102265596572,0.5870878628092024,0.5094701145841692,0.35558460892221616,1.0,0.775336452746998
1406,0.6610239031552907,0.7667877276601373,0.7369249756601743,0.3150098216450742,1.0,0.7752224369703897
1407,0.6399190027261186,0.7423060431622976,0.7084414894481235,0.36400629075296104,1.0,0.77514952971658
1408,0.6728316614381871,0.7804847272682971,0.7523756017719396,0.3637114210821256,1.0,0.7751033201935187
1409,0.45276778889527963,0.5252106351185244,0.4271284413698545,0.5353501267008008,1.0,0.7750618582121649
1410,0.41848463079838305,0.4854421717261244,0.3753716797192549,0.7088632237842053,1.0,0.7749696187251307
1411,0.6353010051091167,0.7369491659265754,0.7020681797404283,0.43464951492749354,1.0,0.7748203321774612
1412,0.6625348364082525,0.768540410233573,0.7389220385447756,0.3280870825983602,1.0,0.7747040876733944
1413,0.45979773325233425,0.5333653705727078,0.43789545989457,0.6879607116192136,1.0,0.7746116403683974
1414,0.6001443137421931,0.6961674039409441,0.6520598205467566,0.3092646215465633,1.0,0.774492967155662
1415,0.583475716507589,0.6768318311488033,0.6275411893198861,0.32429297325310813,1.0,0.774370707613177
1416,0.5530040155547548,0.6414846580435156,0.5816787196864798,0.3483834621288603,1.0,0.7742335568426209
1417,0.677894586133393,0.786357719914736,0.7588889260600922,0.37908631505863966,1.0,0.7741259006554435
1418,0.6909644298090388,0.8015187385784851,0.7753840562797547,0.378389299565353,1.0,0.7740280859830884
1419,0.6754821468736419,0.7835592903734248,0.7557938643160389,0.40716667766234865,1.0,0.7739685812528272
1420,0.6360083622338701,0.7377697001912894,0.7030475561587193,0.4601525570281106,1.0,0.7739049240556833
1421,0.4955742257057893,0.5748661018187157,0.4931403297659399,0.4936886520587976,1.0,0.7738569716444882
1422,0.6313169297163533,0.7323276384709699,0.6965310228226074,0.34317655570109595,1.0,0.7737547945295711
1423,0.6650038019016339,0.7714044102058955,0.7421728638732986,0.29786487802200745,1.0,0.7736257175511738
1424,0.6325462854328378,0.7337536911020919,0.6982433861389012,0.2931888626390828,1.0,0.7734909786551921
1425,0.911525593550617,1.0,0.9795279841335252,0.09838514895797419,1.0,0.7733874172598085
1426,0.555610420378184,0.6445080876386935,0.5856450717067236,0.4174970978126498,1.0,0.7733493035504638
1427,0.5131089877620528,0.5952064258039813,0.5203116597423364,0.5901056233185534,1.0,0.773268323830544
1428,0.6842036602551123,0.7936762458959303,0.7669094372409515,0.3318426034955175,1.0,0.7731548280035316
1429,0.780393842079911,0.9052568568126969,0.8750952713478747,0.183235270128657,1.0,0.7730961314242615
1430,0.904470838014767,1.0,0.9750740303997176,0.09416942516440337,1.0,0.7730559894315632
1431,0.7196257596751817,0.8347658812232109,0.8098875749201446,0.2405652078413406,1.0,0.7730891404994
1432,0.5303525062500153,0.6152089072500178,0.5469562950066141,0.36939685844878584,1.0,0.7731377774131093
1433,0.6208144922879751,0.7201448110540513,0.6817684598117968,0.3241387393205324,1.0,0.7731564255240598
1434,0.46614424538540183,0.5407273246470662,0.44764853294630735,0.6483313289153937,1.0,0.7732292842299964
1435,0.693517654950985,0.8044804797431427,0.7785517758286571,0.3864342844890757,1.0,0.7732712080495707
1436,0.7985910897458095,0.9263656641051391,0.8924866041164933,0.2162145803171158,1.0,0.7733182389486222
1437,0.31166878268258036,0.36153578791179325,0.22790176835666653,0.7224108969231555,1.0,0.7733858838578895
1438,0.5693725553895164,0.6604721642518391,0.6064621893784181,0.41296890592439706,1.0,0.7733729624072694
1439,0.6155421776249091,0.7140289260448947,0.6742702346420647,0.32077057416785865,1.0,0.7733171675192667
1440,0.5879703650526091,0.6820456234610267,0.6341974166520687,0.5279902546356623,1.0,0.7732618798691577
1441,0.6671341800499243,0.7738756488579123,0.7449653169395749,0.3291916878220316,1.0,0.7731971029457112
1442,0.4122052595577703,0.4781581010870136,0.36606207285439396,0.6617634786260114,1.0,0.7731192058802334
1443,0.42368673242699445,0.49147660961531364,0.3831289720840867,0.6771555530378204,1.0,0.772986914999792
1444,0.5029400384801598,0.5834104446369854,0.5045569775826213,0.5317552841460449,1.0,0.7728515359926975
1445,0.5299421820394657,0.6147329311657803,0.5463238916397233,0.5841625431708659,1.0,0.7727284450807088
1446,0.3850848967467364,0.4466984802262143,0.32662533291402596,0.7625636244073523,1.0,0.77262801167131
1447,0.5945003096043653,0.6896203591410638,0.6438098284467331,0.5136606123501086,1.0,0.772505474553445
1448,0.6324041421315463,0.7335888048725938,0.6980455669333049,0.47190626132407193,1.0,0.7723740528060992
1449,0.5748211463057735,0.6667925297146974,0.6146388607217985,0.3169173346476922,1.0,0.772221890700528
1450,0.5652287986563386,0.6556654064413528,0.6002178617979577,0.42945521808109655,1.0,0.7720277807075824
1451,0.44104825057527003,0.5116159706673133,0.409280667758419,0.5402496982725108,1.0,0.7718088855732596
1452,0.8351973222886346,0.9688288938548163,0.924541727212522,0.14381451342095006,1.0,0.7715607983217161
1453,0.7863244564304105,0.9121363694592762,0.8808709107394788,0.1745032880608918,1.0,0.7713753850087149
1454,0.5136859284668914,0.5958756770215942,0.5212049152298617,0.4559031202758825,1.0,0.771237889278251
1455,0.5783105808644432,0.6708402738027542,0.6198540270619316,0.38954354651121725,1.0,0.7710848049122505
1456,0.5243521907382367,0.6082485412563546,0.5376993304750161,0.5563855224453366,1.0,0.7708913390303986
1457,0.6418773955237026,0.7445777788074951,0.7111294557548408,0.39348548388178933,1.0,0.7707033249668963
1458,0.5340547218151496,0.6195034773055735,0.5526576545200637,0.4736693631564418,1.0,0.7705104546649135
1459,0.8175746879109584,0.9483866379767119,0.9095927086494998,0.15161278162090663,1.0,0.770321018800096
1460,0.6124602382419557,0.7104538763606687,0.6698611819465848,0.30011152835409316,1.0,0.7701941244212469
1461,0.5484465159196242,0.6361979584667642,0.5747270622095991,0.3808894144997037,1.0,0.7700568221754565
1462,0.683511226315475,0.7928730225259512,0.766034422462588,0.3443146749385583,1.0,0.7699262821868396
1463,0.5921868028910905,0.6869366913536651,0.6404123013903623,0.47973754534239527,1.0,0.7698248755666658
1464,0.5864076991450721,0.6802329310082836,0.6318868181098182,0.3117088433811437,1.0,0.7697543321011373
1465,0.856154352335301,0.9931390487089493,0.9411822494863016,0.1757592974260473,1.0,0.769663482197593
1466,0.7385706128941391,0.8567419109572014,0.8313911707589463,0.20608621403722224,1.0,0.7696248125214618
1467,0.4966743172321621,0.5761422079893082,0.49484531048372277,0.6407135296667802,1.0,0.7695916210610383
1468,0.8926631712575052,1.0,0.9673452818499124,0.11991313891253444,1.0,0.7695259388199738
1469,0.7092825564947773,0.8227677655339418,0.797705970670467,0.31952677598030427,1.0,0.7695100179116925
1470,0.7138466026884637,0.828062059118618,0.803119275750078,0.32015758056649424,1.0,0.7695409017595016
1471,0.6041335535755945,0.7007949221476897,0.6578568353980903,0.3619299017255554,1.0,0.7695564693498627
1472,0.538558544122599,0.6247279111822148,0.5595813093087227,0.5047293799391707,1.0,0.7695680163942681
1473,0.5515251021184422,0.639769118457393,0.5794251004801483,0.43763628122233367,1.0,0.7695541823138552
1474,0.6392801894316047,0.7415650197406616,0.7075627733849736,0.34631928256172484,1.0,0.7695287981108886
1475,0.6278673253570085,0.72832609741413,0.6917083261047128,0.37621443615588435,1.0,0.7694871468743056
1476,0.6108308453593183,0.7085637806168094,0.667522592883971,0.43673498069196015,1.0,0.7694501536427791
1477,0.4715912908684675,0.5470458974074224,0.45604038811546266,0.5707734709974297,1.0,0.7694287631421775
1478,0.5758215957008067,0.6679530510129359,0.6161358458393603,0.3468634081369989,1.0,0.7693763858790488
1479,0.6127884520796865,0.7108346044124364,0.6703316224726161,0.3454467067831302,1.0,0.7693221053479395
1480,0.5700417533441211,0.6612484338791805,0.6074685722006548,0.31542633268747444,1.0,0.7692747423030095
1481,0.5985551178695829,0.6943239367287163,0.649742489208186,0.28493661293612454,1.0,0.7692215151551036
1482,0.6248999577943167,0.7248839510414075,0.6875391652425571,0.425834332854787,1.0,0.7691717535601668
1483,0.4033087638617659,0.4678381660796485,0.35298105080624353,0.6507908899772137,1.0,0.7691173222162255
1484,0.6528903514574946,0.7573528076906939,0.7260761517250828,0.38206634179895194,1.0,0.7690205888167461
1485,0.5948500172108847,0.6900260199646263,0.6443226082323752,0.4480637431912881,1.0,0.7689067376502876
1486,0.49382988366668135,0.5728426650533505,0.49043707813725074,0.5368295651530363,1.0,0.7688118108774356
1487,0.757900553080955,0.879164641573908,0.8522381388138582,0.25429636626812696,1.0,0.76868893296405
1488,0.7276061682794718,0.8440231552041874,0.8190742154533697,0.29885530260329746,1.0,0.7685380985856818
1489,0.530736633998462,0.615654495438216,0.5475482346179178,0.578757144368844,1.0,0.7684174760867786
1490,0.48792034538327633,0.5659876006446006,0.48128222512589464,0.6316090848805915,1.0,0.7682528345953397
1491,0.6533367255244199,0.7578706016083272,0.7266757938545426,0.3869770995156104,1.0,0.7680871568593786
1492,0.7671674888025195,0.8899142870109228,0.8618376757103388,0.28894077775295895,1.0,0.7679326798927368
1493,0.5649452688357718,0.6553365118494954,0.5997898241281769,0.4710691140050387,1.0,0.7678119429349086
1494,0.8585061422735256,0.9958671250372898,0.9429742134931112,0.11529689444332733,1.0,0.767693359799885
1495,0.5836677728152845,0.6770546164657301,0.6278262511091324,0.32544468187160913,1.0,0.7675888203612184
1496,0.9115650890694952,1.0,0.9795525798273802,0.11303176322340351,1.0,0.7675284509095351
1497,0.7994087291919727,0.9273141258626885,0.8932450842228721,0.2505285338773928,1.0,0.7675580880682311
1498,0.658584744187088,0.7639583032570222,0.7336888687852053,0.3361779040256327,1.0,0.7675930545338048
1499,0.6647901641377572,0.7711565903997984,0.7418921884355285,0.2862540645348884,1.0,0.7676360705131633
1500,0.8889066600759057,1.0,0.9648131684633289,0.08846316440327047,1.0,0.7677149530382095
1501,0.6306595807242351,0.7315651136401128,0.6956140330054981,0.30716760944914606,1.0,0.7678658116169828
1502,0.6630561953278924,0.7691451865803552,0.7396097945331421,0.2714404833565682,1.0,0.7680419315567368
1503,0.5759437054012797,0.6680946982654845,0.616318464463804,0.47739042834351986,1.0,0.768185039430272
1504,0.5691791126500954,0.6602477706741107,0.6061711697877028,0.3869691302475997,1.0,0.7683167861246853
1505,0.6515172074647141,0.7557599606590685,0.7242284647783817,0.30417169590289833,1.0,0.768439581889221
1506,0.3728537162634893,0.4325103108656476,0.3093029970451385,0.7721045394057351,1.0,0.7685848670373834
1507,0.8095369722325498,0.9390628877897579,0.9024780868495897,0.21338575717678337,1.0,0.7686739229974604
1508,0.49682735616499235,0.5763197331513912,0.49508250517587804,0.4431308882977839,1.0,0.7687908385132465
1509,0.47129200067678584,0.5466987207850716,0.4555788449970317,0.6837031614538316,1.0,0.7688725657886095
1510,0.7095272612068675,0.8230516229999664,0.7979977260410906,0.3414789228183463,1.0,0.7689551756038324
1511,0.7333408145276674,0.8506753448520943,0.8255604434936603,0.2957492091529288,1.0,0.7690876947980723
1512,0.744274280605934,0.8633581655028836,0.8376579530359779,0.21564776453056295,1.0,0.7692338855821801
1513,0.745041699240853,0.8642483711193896,0.8384937726661096,0.21377704847031118,1.0,0.7693904037427204
1514,0.7545263279233251,0.8752505403910572,0.8486792063823901,0.2166053539705132,1.0,0.7695935702723224
1515,0.4370875350961838,0.5070215407115732,0.4032818843362723,0.6353673202000903,1.0,0.7698184305685889
1516,0.8151457058966275,0.945569018840088,0.9074624160866156,0.22225510190090306,1.0,0.7700101951833134
1517,0.6439042276211888,0.7469289040405791,0.7139019340272768,0.4466918126687026,1.0,0.7702433923638576
1518,0.6632588195999131,0.7693802307358992,0.7398769016241653,0.37732784494598454,1.0,0.7704634753644535
1519,0.6246129485609629,0.724551020330717,0.6871349164244739,0.2716248926277188,1.0,0.7706719688651937
1520,0.39958988474821266,0.46352426630792676,0.34755303217181616,0.763239445296227,1.0,0.7708650511052154
1521,0.660187766493597,0.7658178091325726,0.7358173356301975,0.28699577548821753,1.0,0.7710097855520891
1522,0.7408114512897681,0.8593412834961311,0.8338647428848548,0.27783648430131114,1.0,0.7711798084028985
1523,0.5313660841732291,0.6163846576409457,0.5485180263146134,0.3339577297270746,1.0,0.7713644395820666
1524,0.6407443375298734,0.7432634315346532,0.7095753773744177,0.40381237824631394,1.0,0.7715194770366687
1525,0.43323513260970775,0.5025527538272611,0.39746488987421635,0.46446007301999614,1.0,0.7716713390170101
1526,0.6209267296443322,0.7202750063874254,0.6819274618204298,0.3982298797143474,1.0,0.771732552854972
1527,0.7235686287183442,0.8393396093132793,0.8144496440231607,0.2911974163218558,1.0,0.7718036872134628
1528,0.44832418047750844,0.5200560493539098,0.4203451324258384,0.6420817320589097,1.0,0.7719105702765712
1529,0.6404118681217513,0.7428777670212316,0.7091188033439775,0.3229506529389049,1.0,0.7719717885414262
1530,0.8280069695416578,0.9604880846683231,0.9185492020802586,0.17697416187762297,1.0,0.7720059735030231
1531,0.9773940739427782,1.0,1.0,0.021292654672751717,1.0,0.772025369419447
1532,0.6207539637986736,0.7200745980064616,0.6816827007508472,0.36764835981239113,1.0,0.7720905817549464
1533,0.6118611952526684,0.7097589864930954,0.6690020073088845,0.34181428658737256,1.0,0.7721701099827395
1534,0.9312864091151254,1.0,0.9913726912473171,0.05658113935791415,1.0,0.7722456407702325
1535,0.40481266338863037,0.4695826895308113,0.3551829746388886,0.6594252220750891,1.0,0.7724026312235721
1536,0.46399906438648264,0.53823891468832,0.4443487349395967,0.4120534353313358,1.0,0.7725029450648302
1537,0.5794053112015392,0.6721101609937855,0.6214865808479089,0.2985502538019549,1.0,0.772540022926286
1538,0.6522033812944276,0.7565559223015361,0.7251523483333516,0.4330121256140451,1.0,0.7726241810270313
1539,0.20960475668794434,0.24314151775801546,0.1152250372397206,0.6706863805429806,1.0,0.7727207239334173
1540,0.7506869024420251,0.8707968068327492,0.8445883435083166,0.2377926921324294,1.0,0.7727413018168432
1541,0.7143149434935374,0.8286053344525035,0.8036713725472114,0.35038584218619545,1.0,0.7727905513404962
1542,0.7600953583066219,0.8817106156356815,0.8545348670227726,0.2494898438307685,1.0,0.7728468159158595
1543,0.6673150607971475,0.7740854705246912,0.7452018725061758,0.3463516717738367,1.0,0.7729640127717368
1544,0.6158473716934451,0.7143829511643963,0.6747058178400003,0.44343311360137627,1.0,0.7731215468210443
1545,0.6237406143884615,0.7235391126906154,0.6859051711231057,0.40771785546572664,1.0,0.773294678168851
1546,0.740412893481425,0.8588789564384531,0.833425878082322,0.21752799725257596,1.0,0.7734794992940464
1547,0.6167205258920352,0.7153958100347609,0.6759509771981439,0.4701359545548322,1.0,0.773722734824898
1548,0.58302573673503,0.6763098546126349,0.6268730813064536,0.3514840384116376,1.0,0.7739626729287559
1549,0.5735637091319301,0.665333902593039,0.612755378900318,0.46261669809779987,1.0,0.7741865247765267
1550,0.6117261082970992,0.7096022856246351,0.6688081623928561,0.33130954149506003,1.0,0.7744034347301731
1551,0.7476662335395801,0.867292830905913,0.8413390113785946,0.24631187713142288,1.0,0.7746222069009454
1552,0.7625976335215704,0.8846132548850217,0.8571358160136631,0.2407466807530364,1.0,0.7748896071435283
1553,0.6954428921553966,0.8067137549002601,0.7809283921421235,0.22427745769152946,1.0,0.7751359174348553
1554,0.7635496385293277,0.8857175806940202,0.8581204574186879,0.17550142260897209,1.0,0.7753584797358732
1555,0.6808953420331258,0.789838596758426,0.7627170620753096,0.3502447042257437,1.0,0.7756193406356717
1556,0.42313907654011956,0.49084132878653874,0.38231047988321176,0.4585081226171684,1.0,0.7758908409654868
1557,0.45154387762466264,0.5237908980446088,0.42525826413190304,0.7076133235127393,1.0,0.7761359779248517
1558,0.7021281974652349,0.8144687090596726,0.7891005102133342,0.3293174465651905,1.0,0.7763395007422138
1559,0.6208732178336505,0.7202129326870346,0.6818516571215802,0.374424437006459,1.0,0.7765671711006721
1560,0.43954908096968615,0.509876933924836,0.40700796251918314,0.4915097777434169,1.0,0.7767526050837626
1561,0.7255675301293705,0.8416583349500698,0.8167451343216761,0.21417111194238989,1.0,0.7769013520390515
1562,0.7064744183232585,0.81951032525498,0.7943456407760807,0.2862744654947157,1.0,0.7770775183682395
1563,0.5000770313534348,0.5800893563699845,0.500119398596348,0.39978167269856774,1.0,0.7772525330821132
1564,0.6009314495971777,0.6970804815327262,0.6532059381714634,0.35433576942343925,1.0,0.7774057175956939
1565,0.7309388945172101,0.8478891176399638,0.8228554974070175,0.2591894205779104,1.0,0.7775569208489486
1566,0.7620096296246147,0.8839311703645532,0.8565263037345665,0.2159211236367034,1.0,0.7776810492221984
1567,0.8217919371495409,0.9532786470934675,0.9132509589410353,0.15031478616800698,1.0,0.7778056727672621
1568,0.5607303553726837,0.6504472122323132,0.5934153757116398,0.45690810681077054,1.0,0.7779850787775591
1569,0.4215151714829868,0.48895759892026475,0.37988600399088757,0.44514283522251075,1.0,0.778099354700688
1570,0.5197440893043889,0.6029031435930912,0.5305785083062631,0.34252370555630324,1.0,0.7781584042168208
1571,0.8175896393724299,0.9484039816720188,0.909605768779044,0.1307400206894873,1.0,0.7781807437950605
1572,0.7354190380448161,0.8530860841319868,0.827887135563535,0.23114921330533525,1.0,0.7782408352813964
1573,0.6037294068925971,0.7003261119954127,0.6572708657355485,0.45349339550155415,1.0,0.7783345589120483
1574,0.42362594421321476,0.4914060952873292,0.38303810092559293,0.6358564548051974,1.0,0.77843486760864
1575,0.6692742162960805,0.7763580909034535,0.7477586220491473,0.3977259762987056,1.0,0.7784933492801945
1576,0.5997296996029758,0.6956864515394521,0.6514556716587759,0.5004871518342847,1.0,0.7785575297419716
1577,0.5340332610466865,0.6194785828141564,0.5526246301262039,0.4440094466013864,1.0,0.778617786583659
1578,0.6444014315763873,0.7475056606286093,0.7145805785818643,0.4554762438697771,1.0,0.778687475274728
1579,0.6972875830090083,0.8088535962904497,0.7831958748117556,0.31373264778863835,1.0,0.7787674176755226
1580,0.5741790882614033,0.666047742383228,0.6136774103019709,0.353098827815597,1.0,0.7788601716478605
1581,0.6853566622553905,0.795013728216253,0.7683635697238325,0.32217394849677505,1.0,0.7789508877213134
1582,0.6401049343015099,0.7425217237897517,0.7086970695277692,0.456651472933634,1.0,0.7790545065905523
1583,0.6611098334884505,0.7668874068466027,0.7370387084770669,0.3380502462088831,1.0,0.7791577537894852
1584,0.6974703275761496,0.8090655799883336,0.783419984944131,0.37289947673525614,1.0,0.7793043077649829
1585,0.4745919952979957,0.550526714545675,0.46067047397346755,0.6405691484082539,1.0,0.7794544895169171
1586,0.6779865234481666,0.7864643671998733,0.7590065709985574,0.274401599354945,1.0,0.779578519372349
1587,0.4952414141715481,0.5744800404389959,0.49262453990208405,0.5978823732357268,1.0,0.7797319765272785
1588,0.6371362332627135,0.7390780305847477,0.7046068113799883,0.4403477198753528,1.0,0.7798335513225565
1589,0.6244298640944815,0.7243386423495987,0.6868769527937687,0.4387755932874691,1.0,0.7799157942856729
1590,0.5428040979600026,0.6296527536336031,0.566094258201685,0.41764227499059914,1.0,0.7800124347413134
1591,0.553299706773143,0.641827659856846,0.5821290427898422,0.5175362864587271,1.0,0.7801160550587484
1592,0.8541950541898685,0.9908662628602476,0.9396778528657986,0.16780413872970779,1.0,0.780198560103285
1593,0.4781562317540747,0.5546612288347267,0.4661757759435646,0.4965412142743083,1.0,0.7802942549582554
1594,0.4119996635320949,0.47791960969723013,0.36575830479830057,0.4313082420461571,1.0,0.7803714569409019
1595,0.6341429102719885,0.7356057759155068,0.7004622945145427,0.3272108895569431,1.0,0.7803659716978957
1596,0.7897211804161988,0.9160765692827907,0.8841318974090272,0.2700645359715831,1.0,0.7803697365369217
1597,0.7050860015202972,0.8178997617635448,0.7926758964218438,0.2627714333362083,1.0,0.7803514565272194
1598,0.6709702685430279,0.7783255115099125,0.7499639505273011,0.3277662209068621,1.0,0.7803167468268272
1599,0.6344593853629906,0.7359728870210692,0.7009014378583596,0.4334627058910073,1.0,0.7802853078118308
1600,0.6516676227283714,0.7559344423649109,0.7244310863575307,0.35521209486128535,1.0,0.780249352427105
1601,0.5145471404647216,0.5968746829390771,0.5225381321304201,0.5416827934826371,1.0,0.7801717726771984
1602,0.8075661951981801,0.936776786429889,0.90070499771485,0.21913560821719516,1.0,0.7800756200805422
1603,0.6714842283601271,0.7789217048977476,0.7506307536413905,0.4124095416202926,1.0,0.7800083638617623
1604,0.43514602198156754,0.5047693854986184,0.400348016075536,0.5429453529169623,1.0,0.7799603226236784
1605,0.6154286720582808,0.7138972595876057,0.6741081880007571,0.49873452405297675,1.0,0.7798895966664169
1606,0.6776882153025312,0.7861183297509363,0.7586247673327755,0.3537569759951354,1.0,0.7798144965514999
1607,0.5640833554219812,0.6543366922894982,0.5984880175003882,0.4016156840578759,1.0,0.7797965196498575
1608,0.6145164997061374,0.7128391396591195,0.6728049856676547,0.48437499257410105,1.0,0.7797349004042384
1609,0.3244570260866196,0.37637015026047876,0.24412790684096425,0.6285126447354152,1.0,0.7796963137818254
1610,0.8418781560452767,0.9765786610125211,0.9299789886795234,0.11658172837879485,1.0,0.7796324544626585
1611,0.44860741083993005,0.5203845965743189,0.4207769324555941,0.5373784159034182,1.0,0.7795943340841374
1612,0.848497681962053,0.9842573110759816,0.9352435513716912,0.1901338578292255,1.0,0.7795061053043083
1613,0.6893992975791531,0.7997031851918177,0.7734333256776593,0.23249511724568633,1.0,0.779439283600118
1614,0.42669618140484844,0.49496757042962425,0.3876341740605428,0.7363853883339267,1.0,0.7793644509147545
1615,0.6436481466152335,0.7466318500736709,0.7135521761831907,0.41331250494502497,1.0,0.7792328537835784
1616,0.7911060026212119,0.9176829630406059,0.8854515816446581,0.19490134340991092,1.0,0.779142385476411
1617,0.6767634262727527,0.7850455744763932,0.7574396234504956,0.3110443619453771,1.0,0.7790503040718693
1618,0.8476543546343577,0.983279051375855,0.9345795951951668,0.10928168897756407,1.0,0.7789668997652208
1619,0.5663232512804797,0.6569349714853565,0.6018692052463763,0.464078842280676,1.0,0.7789191887840783
1620,0.7335705149165855,0.8509417973032394,0.8258182325733756,0.25985228402630056,1.0,0.7788624169868593
1621,0.852211132957823,0.9885649142310748,0.9381438635745029,0.16562983315901114,1.0,0.7788674648569873
1622,0.6367090849591868,0.7385825385526568,0.7040166290468435,0.41217686316964547,1.0,0.7789069254969749
1623,0.4847222055471331,0.5622777584346744,0.47633092710812236,0.49510617684839625,1.0,0.7789264638918236
1624,0.8070920085033335,0.936226729863867,0.9002766866204618,0.24277796582757064,1.0,0.7789370202366739
1625,0.4506595107662649,0.5227650324888674,0.4239077784616722,0.42522986141408176,1.0,0.7789772024719541
1626,0.8724159562520999,1.0,0.9532685824103535,0.1358105512789054,1.0,0.7790193156282439
1627,0.6541420914426599,0.7588048260734855,0.7277564542222033,0.333960081976031,1.0,0.7791054334506347
1628,0.6027265439833495,0.6991627910206855,0.6558155256259439,0.37348317588008234,1.0,0.7791764709616439
1629,0.8198679882904293,0.9510468664168981,0.9115883796612798,0.14113077709448965,1.0,0.779273169772754
1630,0.7380759689945211,0.8561681240336446,0.8308431504724321,0.24302060587407248,1.0,0.7793992697211611
1631,0.4829882679456604,0.5602663908169662,0.4736477015867864,0.43716613482367594,1.0,0.7795053990910175
1632,0.5302378870313017,0.61507594895631,0.5467796504340106,0.4150652451081154,1.0,0.7795193515346986
1633,0.8135611125391907,0.9437308905454613,0.9060634805376246,0.17090178814889503,1.0,0.7795165925112513
1634,0.6038314057315811,0.7004444306486342,0.6574187815745478,0.3159625207612017,1.0,0.779550222243619
1635,0.49070462847484053,0.5692173690308151,0.4855947671025713,0.4501154358212112,1.0,0.7795239011834066
1636,0.5407348875862561,0.6272524696000571,0.5629217094418782,0.5777318137335358,1.0,0.7795138303087161
1637,0.7238644484479841,0.8396827601996617,0.8147900923523612,0.19921466699371693,1.0,0.7795178740084423
1638,0.5552339636422847,0.6440713978250504,0.5850726239470658,0.3504379621776776,1.0,0.7795477990418811
1639,0.5000817401041332,0.5800948185207946,0.5001266971596429,0.37861661528593304,1.0,0.7795593718291391
1640,0.7629354168262327,0.88500508351843,0.8574854885651004,0.24086984272494716,1.0,0.7796228832897946
1641,0.4115992270458354,0.4774551033731691,0.36516685421849093,0.5277761138861361,1.0,0.7796866941392194
1642,0.621889475092944,0.7213917911078152,0.6832902660051641,0.3348615986777081,1.0,0.779694101834201
1643,0.6624393883078545,0.7684296904371114,0.738796052304138,0.2681861409396668,1.0,0.7796764102393545
1644,0.5603160776648675,0.6499666500912463,0.5927877248292216,0.33979288518243955,1.0,0.7796583717713055
1645,0.6444458134286674,0.7475571435772542,0.7146411279879339,0.29774920635966684,1.0,0.7796308788243728
1646,0.9678884769659468,1.0,1.0,0.0359830773765434,1.0,0.7796079376016752
1647,0.533151894053556,0.6184561971021251,0.5512681017773717,0.6054479207677185,1.0,0.7796266302206858
1648,0.9298025449288213,1.0,0.9905148397712736,0.08824008295862604,1.0,0.7796297197073953
1649,0.675813779250692,0.7839439839308028,0.7562202531005746,0.323605862589473,1.0,0.7796951363349782
1650,0.6173356825057424,0.7161093917066613,0.6768272945492377,0.49406151342002713,1.0,0.7797769954763552
1651,0.6234377865466327,0.723187832394094,0.6854778924751559,0.3172256027724417,1.0,0.7798574085668482
1652,0.4979752565324135,0.5776512975775997,0.49686167442901996,0.4237623618822937,1.0,0.7799130481441678
1653,0.3284474804803496,0.3809990773572056,0.24928069860116064,0.6800904372389667,1.0,0.7799193865063099
1654,0.5842740065646532,0.6777578476149978,0.6287256898014304,0.34899610678456305,1.0,0.779859475543486
1655,0.9264587535792258,1.0,0.9885631828684658,0.08466302743595264,1.0,0.7797690922957932
1656,0.5310606797205384,0.6160303884758246,0.5480475202703314,0.5326676153380235,1.0,0.7797256219596096
1657,0.7717063938341933,0.8951794168476643,0.8664460408014689,0.18760306409760288,1.0,0.7797028816220839
1658,0.5734488356579761,0.6652006493632524,0.6125832050424225,0.30411567520115274,1.0,0.7797384527476017
1659,0.3740255231408806,0.4338696068434216,0.3109489488063794,0.6075196775703787,1.0,0.7797497944542287
1660,0.5851359812671909,0.6787577382699416,0.6300035833902355,0.48738577640297154,1.0,0.779716363324612
1661,1.0,1.0,1.0,0.00906434648205247,1.0,0.7797101407709376
1662,0.8572731900576555,0.9944369004668805,0.9420366300234836,0.16305209943633864,1.0,0.7797535027384501
1663,0.6368874357620576,0.738789425483987,0.7042631033174883,0.2550881346054414,1.0,0.7798227076258493
1664,0.6945442740323229,0.8056713578774947,0.779820374263829,0.2530909759368653,1.0,0.7799144622394202
1665,0.860830600537806,0.9985634966238551,0.9447306200280651,0.10140615449502051,1.0,0.7800203145229823
1666,0.570644318092625,0.661947408987445,0.6083742486231918,0.5298298993052576,1.0,0.7801463717451211
1667,0.7620021467031735,0.8839224901756814,0.856518540452121,0.26506861164574624,1.0,0.78023420149452
1668,0.631011039221444,0.731972805496875,0.6961044297534965,0.4707216992813208,1.0,0.7803086341891567
1669,0.7404882043052526,0.8589663169940932,0.8335088413113876,0.28288142273058914,1.0,0.7803934844260472
1670,0.6501733509784338,0.7542010871349832,0.7224157389223506,0.41731689002823713,1.0,0.7805332043017388
1671,0.6615573217944393,0.7674064932815496,0.7376306781156955,0.3982909029483286,1.0,0.7806922098482609
1672,0.564993149781255,0.6553920537462559,0.599862115624391,0.4059870867356843,1.0,0.7808183594112235
1673,0.5678897717223037,0.6587521351978723,0.6042302309882968,0.42130446319393694,1.0,0.7809100478274096
1674,0.5327926048165301,0.6180394215871751,0.5507149704380493,0.41140931811343745,1.0,0.7809925344567796
1675,0.41410984943164464,0.48036742534070787,0.36887929298405775,0.46042774597621616,1.0,0.781092196486177
1676,0.7518331885382099,0.8721264987043236,0.8458142950961169,0.26608769141863686,1.0,0.7811429390686571
1677,0.7274994264773229,0.8438993347136947,0.8189525683409826,0.306773420083092,1.0,0.7812195380016709
1678,0.5874943453314218,0.6814934405844493,0.6334939722118367,0.4617822642011241,1.0,0.781328662876472
1679,0.583507608819143,0.6768688262302059,0.6275885297535867,0.5189802993223599,1.0,0.7814242707295047
1680,0.4807514920200558,0.5576717307432648,0.4701878206695638,0.6029351688343306,1.0,0.7814965299515924
1681,0.7342037054203824,0.8516762982876437,0.826528046728243,0.19859833043666583,1.0,0.781549804429694
1682,0.776134807307229,0.9003163764763857,0.8708830472516826,0.18853872285137563,1.0,0.7816102731412222
1683,0.6882241095194236,0.7983399670425314,0.7719641745638777,0.2556220667131278,1.0,0.7816934131685458
1684,0.5213404075253317,0.6047548727293849,0.5330462840556157,0.4133526124824857,1.0,0.781778939564735
1685,0.7638421203313339,0.8860568595843474,0.8584224231226825,0.2087677012893948,1.0,0.7818301967834295
1686,0.5791236058922634,0.6717833828350257,0.6210666445992504,0.42885275555127106,1.0,0.7819319813080692
1687,0.6461080787238818,0.7494853713197029,0.7169055703277737,0.30452987465849163,1.0,0.7820129169718095
1688,0.4788646491733384,0.5554829930410726,0.46727065950175073,0.5187049279782306,1.0,0.7821185805652571
1689,0.4712172818009937,0.5466120468891528,0.4554636267917861,0.3876057601291871,1.0,0.7821925853657652
1690,0.560745550824728,0.6504648389566845,0.5934383938447195,0.5030752672070528,1.0,0.7822367917574453
1691,0.6316091358011858,0.7326665975293757,0.696938338599387,0.29451593751121086,1.0,0.7822829014188906
1692,0.5666994742505912,0.6573713901306859,0.6024365203019509,0.5480563993763282,1.0,0.7823417234877175
1693,0.6468051484581102,0.7502939722114079,0.7178532087605057,0.26362400798692426,1.0,0.7823470316900905
1694,0.43484607636530176,0.5044214485837502,0.3998951655805747,0.5847739010526054,1.0,0.7823825374513991
1695,0.48104065574564586,0.5580071606649493,0.4706350036247468,0.36813462299824434,1.0,0.7824210903941784
1696,0.6672353323506771,0.7739929855267855,0.745097614188046,0.23403324693963437,1.0,0.7824309283428597
1697,0.6778146566073628,0.7862650016645409,0.7587866281906073,0.34420985843977947,1.0,0.7824184237004286
1698,0.4142373562193547,0.4805153332144515,0.3690681017985279,0.5151071531324043,1.0,0.7824013853551862
1699,0.6201096408034747,0.7193271833320308,0.6807693286440673,0.36207637132512427,1.0,0.7823386462360828
1700,0.4215419953623364,0.4889887146203103,0.3799260210475494,0.6670372986116563,1.0,0.7822752063365319
1701,0.5974932540530482,0.6930921747015361,0.6481916175476248,0.46719938820572765,1.0,0.7821722470210415
1702,0.7597020707467347,0.8812544020662123,0.8541243723720175,0.28770581115940025,1.0,0.7820873067854617
1703,0.6070512102764702,0.7041794039207055,0.6620781257787698,0.31072524678162494,1.0,0.7819962992145482
1704,0.5710835942703846,0.6624569693536462,0.6090341961650608,0.39374123669422917,1.0,0.7818964239275068
1705,0.8119224378024517,0.941830027850844,0.9046091450067054,0.14842275502503433,1.0,0.7818240136620888
1706,0.7631879807064709,0.8852980576195063,0.8577467197706665,0.1893026183088909,1.0,0.7817891445824672
1707,0.4025049357758148,0.46690572549994525,0.3518057369832236,0.5166590675860073,1.0,0.781770711533007
1708,0.7628376682743795,0.8848916951982803,0.8573843344688838,0.2539984570451947,1.0,0.7817237473594942
1709,0.7708559643869431,0.8941929186888542,0.8655872729829368,0.260098296869282,1.0,0.7817048899215293
1710,0.49780904578982194,0.5774584931161935,0.4966040549355902,0.4095481995134073,1.0,0.7817669500155972
1711,0.6752775446122573,0.7833219517502186,0.7555306560483794,0.251120325937953,1.0,0.7817652158669971
1712,0.5067119352998503,0.5877858449478264,0.5104025234112922,0.40006085166939614,1.0,0.7818043343669341
1713,0.37246757698420696,0.4320623893016801,0.30876126350687205,0.8130544706956047,1.0,0.7817807578774736
1714,0.7192991109573287,0.8343869687105013,0.8095075989859344,0.26933606326366855,1.0,0.78170084097299
1715,0.6972998934042245,0.8088678763489006,0.7832109746938902,0.30319329901744246,1.0,0.7816759901029604
1716,0.6578173757373295,0.7630681558553023,0.7326676878170542,0.4128978379784458,1.0,0.7816615420734536
1717,0.5558038803908504,0.6447325012533865,0.58593919310016,0.3444625396268367,1.0,0.7816235355319929
1718,0.5665230221910643,0.6571667057416347,0.6021704661792281,0.3709370779423421,1.0,0.7815648964685173
1719,0.320257536067796,0.3714987418386434,0.23875083304957162,0.7362773224634387,1.0,0.7814574129371061
1720,0.4307389813386688,0.49965721835285587,0.39370560308264047,0.4541525844611261,1.0,0.7813088620828992
1721,0.6173807350544652,0.7161616526631798,0.676891443704012,0.42808632257042795,1.0,0.7811102580782743
1722,0.7813321656092704,0.9063453121067538,0.8760160305149352,0.23237867417765046,1.0,0.7808753427221655
1723,0.6495217517666462,0.7534452320493097,0.7215352213899137,0.37796337045005124,1.0,0.7806735069812571
1724,0.5739157634661803,0.6657422856207693,0.6132829303956777,0.4455310080055776,1.0,0.7805073902308954
1725,1.0,1.0,1.0,0.007306770213534743,1.0,0.7803042852589379
1726,0.5564663729770407,0.6455009926533674,0.5869460952211712,0.4385779645182984,1.0,0.7802061547242012
1727,0.6621889598258717,0.7681391933980112,0.7384653904107221,0.28890880123818374,1.0,0.7800540971805171
1728,0.44680158381930696,0.5182898372303961,0.4180252078668951,0.4868809605082845,1.0,0.7799080497994525
1729,0.5961325825272549,0.6915137957316158,0.6462014556421772,0.41548394794687077,1.0,0.7797383173469903
1730,0.5800155465665436,0.6728180340171908,0.6223958567857388,0.3144450252596727,1.0,0.7795334044950646
1731,0.4898504402000208,0.5682265106320241,0.48427155767120356,0.647502640005652,1.0,0.7793061881526596
1732,0.6940724092201886,0.805123994695419,0.7792376526655778,0.2570155973458521,1.0,0.7790870234915326
1733,0.6760250092103329,0.7841890106839863,0.7564916849665438,0.3025624907464718,1.0,0.7789039239842332
1734,0.6847964412403983,0.7943638718388621,0.7676574873134976,0.2306691112244193,1.0,0.7787015609635539
1735,0.7555893232300352,0.876483614946841,0.8498040525116486,0.27565985630309164,1.0,0.7785198425398865
1736,0.6366626951316887,0.738528726352759,0.7039525081489992,0.3064137035413397,1.0,0.7783912549139849
1737,0.7011538697138486,0.8133384888680645,0.7879173213225676,0.2732658562132121,1.0,0.7782837919222185
1738,0.6166804481986147,0.7153493199103931,0.6758938581943371,0.36489774694690147,1.0,0.7781754649160332
1739,0.5308200137288905,0.6157512159255131,0.5476767110323619,0.3601957379624972,1.0,0.7780814480872534
1740,0.6454634463497864,0.7487375977657523,0.7160281893016385,0.2747466575336865,1.0,0.7779957846525896
1741,0.4644711915764009,0.5387865822286251,0.44507471266171544,0.515099788057552,1.0,0.7778915461662799
1742,0.710978963340082,0.8247355974744953,0.7997250252106491,0.34422867036189925,1.0,0.7777999517881748
1743,0.5579978071842865,0.6472774563337724,0.5892718764393806,0.5055448680618919,1.0,0.7777271413492975
1744,0.5653393550330338,0.6557936518383193,0.6003847393583365,0.46689828921520016,1.0,0.7776377157389843
1745,0.5329315331735834,0.6182005784813569,0.5509288624800321,0.5799976077553943,1.0,0.7775518770869068
1746,0.5999560499938054,0.6959490179928143,0.6517855327967058,0.41014541589710873,1.0,0.7774485410239456
1747,0.5884316797242436,0.6825807484801226,0.6348787848453425,0.34067315761568634,1.0,0.7772820772060183
1748,0.9175914535862437,1.0,0.9832616872089575,0.07772103881752394,1.0,0.7771305576640495
1749,0.643717513477416,0.7467123156338027,0.7136469333389354,0.2855187504824237,1.0,0.7769813857118981
1750,0.7112190581007908,0.8250141073969174,0.8000101178193622,0.2930829846400421,1.0,0.7768309115904721
1751,0.7423619403846046,0.8611398508461414,0.8355675579018498,0.3252623617075888,1.0,0.7767018507002958
1752,0.6967790748561034,0.80826372683308,0.7825717698862164,0.3124378713573843,1.0,0.7765980679845159
1753,0.8323012905212164,0.9654694970046112,0.9221457522207458,0.17240834569627825,1.0,0.7765331834375075
1754,0.7588240954302417,0.8802359506990804,0.8532063195451236,0.2221228072585141,1.0,0.7765609391127168
1755,0.7114184456971597,0.8252453970087054,0.8002467482155009,0.29302584958915145,1.0,0.7766192811336655
1756,0.5808637391678336,0.6738019374346871,0.6236587886292266,0.539124334392048,1.0,0.7766371656385671
1757,0.7720270831396931,0.8955514164420442,0.8667693147375521,0.2610277244517826,1.0,0.776663478159022
1758,0.7429873319514736,0.8618653050637095,0.8362523727409461,0.25368028978312246,1.0,0.7766890590279385
1759,0.7205552457117643,0.8358440850256467,0.8109671078824767,0.3348760424974155,1.0,0.7767443894001201
1760,0.40561572621372016,0.47051424240791545,0.3563603620353834,0.7358252734231734,1.0,0.7768604352111992
1761,0.5059828406765575,0.5869400951848068,0.5092727115777569,0.5031529249711705,1.0,0.7769406860020363
1762,0.5311943508481644,0.6161854469838707,0.5482534608691649,0.5033550479998099,1.0,0.7769296061804698
1763,0.7461975907549375,0.8655892052757276,0.8397493887102603,0.2401131756619621,1.0,0.7768601645624928
1764,0.487010593210465,0.5649322881241395,0.4798734936424928,0.5326419918693804,1.0,0.7768124820209539
1765,0.587805324764354,0.6818541767266507,0.633953567126246,0.4212867417560999,1.0,0.7767288738931131
1766,0.7819877186871955,0.907105753677147,0.8766577599527312,0.1740167694096952,1.0,0.7765986294594682
1767,0.5892578510785574,0.6835391072511268,0.6360981961754159,0.39286455998482483,1.0,0.7765103341709398
1768,0.42930463429979865,0.4979933757877665,0.3915490468490467,0.6743128035073812,1.0,0.7763935937678549
1769,0.6252174048728086,0.7252521896524581,0.6879860810306672,0.27237205069190834,1.0,0.7762440484239765
1770,0.6121200371560964,0.7100592431010719,0.669373336389068,0.4384937532594976,1.0,0.7760782406965168
1771,0.35219046445806745,0.4085409387713583,0.28078340764181403,0.7175194591352722,1.0,0.7759105576043928
1772,0.5339962619068368,0.6194356638119307,0.5525676941723922,0.3685089999407865,1.0,0.7756922189707118
1773,0.6622416952288438,0.7682003664654589,0.7385350346653361,0.3333990250130014,1.0,0.7754748510562239
1774,0.5176213883375066,0.6004408104715078,0.527295496674998,0.35049866788872924,1.0,0.7752809875254021
1775,0.7716350284208142,0.8950966329681446,0.8663740585163484,0.2497810195648033,1.0,0.7750902090815385
1776,0.7974480792224188,0.9250397718980059,0.8914230001575218,0.20761254289375908,1.0,0.7749695085232089
1777,0.5556215182982486,0.6445209612259685,0.5856619451757603,0.5765306556188419,1.0,0.7748606396619522
1778,0.7556296061717029,0.8765303431591756,0.8498466131021817,0.19501691628073672,1.0,0.774724098843061
1779,0.6379735719066628,0.740049343411729,0.7057625381949892,0.34279469553131187,1.0,0.774621918595688
1780,0.526072414545093,0.610244000872308,0.5403551082583687,0.3897027176246582,1.0,0.7745326076290917
1781,0.3352704786912589,0.3889137552818604,0.25818750490880177,0.6941773150347703,1.0,0.7744541337575479
1782,0.6884794579782251,0.7986361712547412,0.7722837190059115,0.40418703474966267,1.0,0.7743062061213393
1783,0.6795463086146545,0.7882737179929993,0.7609990576983696,0.2935186981231239,1.0,0.7741469383513375
1784,0.7774441752995372,0.9018352433474633,0.872183769558212,0.2623048511799127,1.0,0.7739908866102729
1785,0.4973640131521093,0.5769422552564469,0.49591427953003375,0.39499303601477465,1.0,0.7738856150996398
1786,0.7700168999417762,0.8932196039324606,0.8647378687297402,0.288199415609873,1.0,0.7737355356750333
1787,0.6597282693587878,0.765284792456194,0.7352078835344092,0.2538088212475083,1.0,0.7736243194260939
1788,0.7384771490955242,0.8566334929508082,0.8312876768686985,0.2666400135543973,1.0,0.773518891298937
1789,0.6188998734899411,0.7179238532483319,0.679052084422941,0.2679372607839159,1.0,0.7734633562655808
1790,0.6708464832740184,0.7781819205978614,0.7498032502038173,0.3377643948487734,1.0,0.7734360701497294
1791,0.6058858887100225,0.7028276309036261,0.660394035842884,0.30600852472562023,1.0,0.7734294207851943
1792,0.8021944708833041,0.9305455862246329,0.8958145286199852,0.21212601554233776,1.0,0.7734183407171189
1793,0.5409088897677997,0.6274543121306477,0.5631886232033276,0.5113619858655919,1.0,0.7734499821504794
1794,0.6429817457359832,0.7458588250537406,0.7126412769085821,0.37121852274299844,1.0,0.7734616130142751
1795,0.6318246696616697,0.732916616807537,0.697238657321424,0.30219330924812815,1.0,0.7735103593726436
1796,0.6315258622010289,0.7325700001531936,0.6968222800007935,0.391600064078082,1.0,0.7735847844627659
1797,0.5906574870883865,0.6851626850225284,0.6381615022012344,0.34057141276951874,1.0,0.7736505490955576
1798,0.7723281782114376,0.8959006867252678,0.8670725575428275,0.2848269263523033,1.0,0.7736986524988522
1799,0.69241380262436,0.8032000110442578,0.7771844722606194,0.2884163388167854,1.0,0.7738097691480064
1800,0.7564297324576703,0.8774584896508977,0.8506909773389619,0.2416687449253345,1.0,0.773930567046814
1801,0.7202139847304514,0.8354482222873237,0.8105710489888946,0.2108773697339195,1.0,0.7741080208013342
1802,0.8534101910789859,0.9899558216516238,0.9390722759122094,0.1779791371761743,1.0,0.774302240674741
1803,0.6395639665142921,0.741894201156579,0.7079532375970297,0.31326031362542844,1.0,0.7745075014136051
1804,0.8117550854979764,0.9416358991776527,0.9044601800646737,0.1965385380371733,1.0,0.7747124566264264
1805,0.6128914914325181,0.710954130061721,0.6704792687170333,0.2943382754930996,1.0,0.7749545840512839
1806,0.8927277079027278,1.0,0.9673884714908239,0.1088493063481874,1.0,0.775153622083049
1807,0.5481583559652172,0.6358636929196521,0.5742868645371434,0.3583164513845179,1.0,0.7753700061247566
1808,0.53884503667949,0.6250602425482085,0.5600212414923119,0.4982865754633248,1.0,0.775606116260847
1809,0.7224466130657348,0.8380380711562524,0.8131560348684526,0.23897122115478384,1.0,0.7757948244191677
1810,0.30780934753592354,0.35705884314167136,0.22309234683265639,0.843675298168884,1.0,0.7759691576495007
1811,0.6689205601499685,0.7759478497739636,0.7472978284165821,0.29135237081974846,1.0,0.7761040609372383
1812,0.41351903470012613,0.47968208025214637,0.3680047622904312,0.6342672364494192,1.0,0.7762337728691404
1813,0.6240619294578671,0.7239118381711259,0.68635832247671,0.37193177457464377,1.0,0.7763428187209775
1814,0.662584121748928,0.7685975812287565,0.7389870834131222,0.2833626467361765,1.0,0.7764938801807049
1815,0.7350899841083515,0.8527043815656878,0.8275195896440262,0.24307744659008387,1.0,0.7766302010985828
1816,0.3332177517525874,0.38653259203300144,0.25549518116350844,0.5109912967386555,1.0,0.7767692346052512
1817,0.5113119116986334,0.5931218175704148,0.5175287905224689,0.5779831001757333,1.0,0.7768456691744021
1818,0.6391427553826803,0.7414055962439092,0.7073736037589622,0.35215855229717674,1.0,0.7769118021521142
1819,0.7133496706139273,0.8274856179121558,0.8025327830277373,0.22032229811247445,1.0,0.7769890226924692
1820,0.6252005838459058,0.7252326772612508,0.687962405049782,0.4856459714499039,1.0,0.7771346832008319
1821,0.7544120997928273,0.8751180357596798,0.8485581314637192,0.20039104189021464,1.0,0.7773109769823952
1822,0.7049752630435843,0.8177713051305578,0.7925424834120243,0.23727361310911008,1.0,0.7775066475961643
1823,0.6390406114305061,0.7412871092593871,0.7072329806385504,0.41952551539126076,1.0,0.7776827038490586
1824,0.9524509499480048,1.0,1.0,0.04325357938877008,1.0,0.7778515918091053
1825,0.6082550529604178,0.7055758614340848,0.6638151933959324,0.3480313467628235,1.0,0.7780835494639177
1826,0.7237906270247163,0.839597127348671,0.8147051578487432,0.34022828677954975,1.0,0.7782380342986184
1827,0.7011603375241543,0.8133459915280191,0.7879251844417308,0.2763560160361944,1.0,0.7784180029540066
1828,0.5992946046279288,0.6951817413683975,0.6508213503640401,0.49001651887166037,1.0,0.778599587397719
1829,0.5824577965427505,0.6756510439895907,0.6260293923757867,0.31115653120859615,1.0,0.7788031730518655
1830,0.6271442141758646,0.727487288444003,0.6906940986001531,0.29729404995197023,1.0,0.7789981896749105
1831,0.4753997272079329,0.5514636835612022,0.46191757854747045,0.6174080396534265,1.0,0.7791958389594338
1832,0.6586734495509755,0.7640612014791317,0.7338068189997161,0.2554742422627958,1.0,0.7793849576370826
1833,0.6789414862340781,0.7875721240315308,0.7602272245958948,0.2478656620900988,1.0,0.7795620309416618
1834,0.6170826835815971,0.7158159129546527,0.6764669794245451,0.36354553589967703,1.0,0.7797343170129676
1835,0.6279623618637626,0.7284363397619648,0.691841539072501,0.30259046107106036,1.0,0.7798892460257558
1836,0.748100099479909,0.8677961153966945,0.8418073901270183,0.30517792381389003,1.0,0.7800165543151145
1837,0.5348953908995405,0.6204786534434671,0.553951059505897,0.4147678600646092,1.0,0.7801601020885749
1838,0.47774077646847046,0.5541793007034258,0.46553377344551466,0.6003078622751082,1.0,0.7802694169026452
1839,0.9279306410500264,1.0,0.9894254483159952,0.08736196083221011,1.0,0.7803504431313817
1840,0.3536505535162985,0.4102346420789063,0.28276616880740646,0.8047992945796397,1.0,0.780500518486174
1841,0.8103522749029601,0.9400086388874339,0.9032082994949524,0.16902804494719123,1.0,0.7805935652596125
1842,0.48396738252520444,0.5614021637292372,0.4751627420909415,0.5408611222601899,1.0,0.7807460792248466
1843,0.44705970086807745,0.5185892530069699,0.41841832877808716,0.6212545059172703,1.0,0.7808531556865771
1844,0.5503913141749097,0.6384539244428954,0.5776959459550304,0.37731058585699606,1.0,0.7809370509953186
1845,0.6682782343715825,0.7752027518710358,0.7464600836228645,0.24041055877011305,1.0,0.7810157387974437
1846,0.7511763111955256,0.8713645209868098,0.8451122441547733,0.18556689067869012,1.0,0.7811164283717205
1847,0.6184127516767844,0.71735879194507,0.6783597740632087,0.28370691035657963,1.0,0.7812413169057852
1848,0.5979750699546053,0.6936510811473422,0.6488955636943843,0.42928440525959305,1.0,0.7813678553767796
1849,0.839412072913341,0.9737180045794757,0.9279865103054552,0.16191722424891478,1.0,0.7814330667445903
1850,0.6002643991467598,0.6963067030102414,0.6522347439203815,0.3869561491250838,1.0,0.7815315467920654
1851,0.53621065737239,0.6220043625519726,0.555973699544261,0.3788950979382711,1.0,0.7816071005995042
1852,0.6468928498489739,0.7503957058248097,0.7179723532281778,0.35134969508294017,1.0,0.7816432805617779
1853,0.6673051948237864,0.7740740259955923,0.7451889719819942,0.4015298766797523,1.0,0.7816693956046821
1854,0.7174781860743847,0.8322746958462864,0.8073837221013858,0.3662035807149559,1.0,0.7816650278990734
1855,0.6116207146518635,0.7094800289961618,0.6686569015478983,0.28055101813704136,1.0,0.781653348960949
1856,0.5113193710785926,0.5931304704511675,0.5175403433135476,0.4232380064907069,1.0,0.7816240567993803
1857,0.4954003242100811,0.5746643760836941,0.4928708167567176,0.4250021026029063,1.0,0.7815831254164025
1858,0.5068514383903534,0.58794766853281,0.5106186910570163,0.472512509204374,1.0,0.7814936291583068
1859,0.7872851914752826,0.913250822111328,0.8817967194866513,0.18627033991362796,1.0,0.7813643133271129
1860,0.8201166539525051,0.951335318584906,0.9118038627835123,0.12715590389767914,1.0,0.7812508883610921
1861,0.48067167317078263,0.5575791408781079,0.4700643886886909,0.3837788155258376,1.0,0.781215476311045
1862,0.611773201097699,0.7096569132733309,0.6688757429153165,0.29656570096704704,1.0,0.7811765706123484
1863,0.6610142084423528,0.7667764817931294,0.7369121430815396,0.29980660029386347,1.0,0.7811533362776575
1864,0.5966925967678728,0.6921634122507325,0.6470209395816938,0.4989488513910425,1.0,0.7811154659641911
1865,0.8093553729703125,0.9388522326455626,0.9023151769764952,0.20858566845227056,1.0,0.781098474520769
1866,0.5835468837797624,0.6769143851845244,0.6276468267381246,0.4292920874265688,1.0,0.7811218718293267
1867,0.556085022610835,0.6450586262285687,0.5863665493017999,0.5112957492238577,1.0,0.7811088478683443
1868,0.49356120492441985,0.5725309977123271,0.49002072953757336,0.621410043282585,1.0,0.7810902435170671
1869,0.787057995629147,0.9129872749298107,0.8815780299865164,0.2423295788606297,1.0,0.7810837634790406
1870,0.5857084613570911,0.6794218151742257,0.6308516585455586,0.37288887151075717,1.0,0.7811066091484913
1871,0.6962443858407176,0.8076434875752325,0.7819147520702197,0.33490131926039535,1.0,0.7811240153642145
1872,0.8771416748705011,1.0,0.9566491298414745,0.14221983343663433,1.0,0.7812028290993149
1873,0.582302451257091,0.6754708434582256,0.6257985382141111,0.5002277860655735,1.0,0.7813410445966957
1874,0.8729224483269108,1.0,0.9536337100876278,0.10255970294333487,1.0,0.7814607245652402
1875,0.5832926968140284,0.6766195283042731,0.6272694878231211,0.338814068788752,1.0,0.7816407683255264
1876,0.7389718663032407,0.8572073649117594,0.8318351910757996,0.19465643883821704,1.0,0.7817815091533149
1877,0.6309974112950418,0.7319569971022486,0.6960854195225952,0.35691107317640625,1.0,0.7819075020379442
1878,0.6585559115396873,0.7639248573860373,0.7336505261922042,0.298337647267301,1.0,0.7820432827967743
1879,0.759952936880401,0.8815454067812653,0.8543862676647431,0.2824788715358744,1.0,0.7821575168678054
1880,0.6444909422932313,0.7476094930601485,0.7147026917605874,0.41954543936142596,1.0,0.782290280202401
1881,0.8599142637562898,0.9975005459572962,0.94403996256669,0.13105527289395696,1.0,0.7824403759719534
1882,0.5665228677569273,0.6571665265980358,0.6021702333067351,0.4337712738045785,1.0,0.7826804047497309
1883,0.6492395406750816,0.7531178671830947,0.7211535460863739,0.2856175668210472,1.0,0.7828912804779352
1884,0.53537998227626,0.6210407794404618,0.5546964096668238,0.39492964510992934,1.0,0.7830903747160642
1885,0.6707002497058974,0.7780122896588411,0.7496133554444818,0.42209010471803166,1.0,0.7832399245723054
1886,0.782963168903427,0.9082372759279754,0.8776102779578685,0.19089205824440508,1.0,0.7834161884554389
1887,0.45372417703236273,0.5263200453575408,0.42859077262084844,0.6375064286703203,1.0,0.7835894947504914
1888,0.7988120110396852,0.926621932806035,0.8926917346432689,0.2116946912393376,1.0,0.7837205211200737
1889,0.7857926584070016,0.911519483752122,0.8803572692455455,0.25361127786919796,1.0,0.7838584769737184
1890,0.3616004240209485,0.4194564918643003,0.2936500901564295,0.46561740809072727,1.0,0.7840223348530387
1891,0.6928195993484499,0.8036707352442021,0.7776875116706002,0.2425410766533654,1.0,0.784125612705314
1892,0.6491780409255464,0.753046527473634,0.721070345479045,0.34746077515649837,1.0,0.784241440289936
1893,0.6285240433108188,0.7290878902405499,0.6926284494199161,0.4703415341319084,1.0,0.7843262500896269
1894,0.9309374323729841,1.0,0.9911713939284827,0.08623922801790226,1.0,0.7844242863229647
1895,0.5256887063447084,0.6097988993598619,0.5397628434357603,0.5463052852318262,1.0,0.7845712134928973
1896,0.4937514915078802,0.5727517301491412,0.490315599566814,0.6297423808621773,1.0,0.7846946283743346
1897,0.730576281502588,0.8474684865430022,0.8224456619887157,0.2203073960293925,1.0,0.784789541422604
1898,0.787928232473194,0.9139967496689051,0.8824148557587963,0.27148509767692824,1.0,0.78490679246242
1899,0.9443027120783822,1.0,0.9986844376315382,0.03966618554091937,1.0,0.7850233339808086
1900,0.617103325428129,0.7158398574966297,0.6764963819218006,0.40019199805234423,1.0,0.7851817192573474
1901,0.6375948418406948,0.7396100165352061,0.705239998833446,0.4537832245641593,1.0,0.7853102742223246
1902,0.5620497990769198,0.651977766929227,0.5954130857772878,0.32937407947314645,1.0,0.7854201010926323
1903,0.7132174999672795,0.8273322999620443,0.8023766718357885,0.21171316939695584,1.0,0.7854741882862704
1904,0.477643117217262,0.554066015972024,0.4653828714453542,0.6331000938726578,1.0,0.7855399105001208
1905,0.48929623089580027,0.5675836278391284,0.4834131168044446,0.6081595207712015,1.0,0.7855435208932653
1906,0.8801107593353893,1.0,0.9587431976460934,0.09434519418669024,1.0,0.7855247758277188
1907,0.6063433034893402,0.7033582320476347,0.6610553829534251,0.41070399203254454,1.0,0.7855043220633967
1908,0.6564149389304662,0.7614413291593409,0.7307975863789489,0.31898578256874216,1.0,0.7854949552025585
1909,0.4341358465324429,0.5035975819776338,0.3988233161240731,0.6302016635637611,1.0,0.7855070319299506
1910,0.6191098283352447,0.718167400868884,0.6793503277507305,0.49336259998639,1.0,0.785466850417545
1911,0.5191712438825888,0.6022386429038031,0.5296926957652383,0.623459361411673,1.0,0.7854839084370555
1912,0.8044670779742663,0.933181810450149,0.8978938303143693,0.21577259478213665,1.0,0.7854734998390525
1913,0.7198881199253426,0.8350702191133975,0.8101925424156184,0.22363259466917876,1.0,0.7855337741467788
1914,0.6706248414052001,0.7779248160300322,0.7495154105164676,0.28965890890258283,1.0,0.7856094889395575
1915,0.7659472810195599,0.8884988459826896,0.8605883168983487,0.16975500039925998,1.0,0.785684379618091
1916,0.6897739771107416,0.8001378134484604,0.773900929158851,0.27514248690898674,1.0,0.7857625778897126
1917,0.6046269417422855,0.7013672524210512,0.6585717870357766,0.4185662065872795,1.0,0.7859026103337501
1918,0.6899761369658544,0.8003723188803912,0.7741530658599931,0.25339212818727447,1.0,0.7860552385098741
1919,0.6917641019718521,0.8024463582873486,0.7763781308687956,0.2482529168113878,1.0,0.7862124378493995
1920,0.6329820897447295,0.7342592241038862,0.6988496096947413,0.4580966274394011,1.0,0.7863610358063835
1921,0.627925027978156,0.728393032454661,0.6917892103837487,0.31885957063421944,1.0,0.7865065764957198
1922,0.7482570796883018,0.8679782124384302,0.8419767197507878,0.19049080030207424,1.0,0.7866249832914494
1923,0.6966788763280263,0.8081474965405105,0.7824487083318461,0.2729710020809488,1.0,0.786747628610303
1924,0.5848742492301682,0.6784541291069952,0.6296156823225582,0.33218834111077133,1.0,0.7868769694572726
1925,0.7696526035071376,0.8927970200682798,0.8643684295957497,0.27709142860263,1.0,0.786936266272704
1926,0.6473463811344865,0.7509218021160045,0.7185881932529207,0.3339457790932808,1.0,0.7870228357427709
1927,0.6203231720490501,0.7195748795768981,0.6810721191198418,0.31970070777586995,1.0,0.7870930481644755
1928,0.5574074314276778,0.6465926204561063,0.5883755758855094,0.43570231149803945,1.0,0.7871466035237433
1929,1.0,1.0,1.0,0.009621228430428959,1.0,0.7871910125310573
1930,0.7356986773032926,0.8534104656718196,0.8281992351304226,0.1853224927944475,1.0,0.787309246864774
1931,0.5818222006204001,0.6749137527196643,0.6250846217070317,0.3387417433446439,1.0,0.7874434739718421
1932,0.7873946792232708,0.9133778278989942,0.881902053341403,0.17143397975791821,1.0,0.7875928303109125
1933,0.5134362076062156,0.5955860008232101,0.5208182924593724,0.343289370477185,1.0,0.7877608757811518
1934,0.7912210415607415,0.9178164082104602,0.885560954412564,0.25738864085209506,1.0,0.7878940889371309
1935,0.7128854590849064,0.8269471325384915,0.8019842652038698,0.28015733642697427,1.0,0.7880546506028668
1936,0.7334888339047193,0.8508470473294745,0.8257265810972667,0.29950628122065553,1.0,0.7882256815761306
1937,0.38633739208824047,0.448151374822359,0.3284164547909834,0.6231554573031336,1.0,0.7883889515923928
1938,0.7509942027270137,0.871153275163336,0.8449173845915332,0.3148758126542924,1.0,0.788520583068381
1939,0.8450745894033629,0.980286523707901,0.9325363190010867,0.1447855037259325,1.0,0.7886974512168163
1940,0.8110871185434894,0.9408610575104478,0.9038647937333057,0.16116404241673107,1.0,0.7888540992315021
1941,0.779086186175892,0.9037399759640348,0.8738077279353051,0.22733737227901185,1.0,0.7890883863874522
1942,0.757192011911371,0.8783427338171904,0.8514936269905143,0.2250842959209082,1.0,0.7893100170327528
1943,0.834551859921055,0.9680801575084239,0.9240097673628125,0.214837762165211,1.0,0.789574179191984
1944,0.7332321124125701,0.8505492503985814,0.8254383946325997,0.28108761109937924,1.0,0.7899001650750678
1945,0.41403148986730554,0.4802765282460745,0.36876327275687343,0.5309614084743864,1.0,0.7902492827253418
1946,0.5541387634556156,0.6428009656085142,0.5834064029187651,0.35445021542620686,1.0,0.790542162432097
1947,0.6904482896469805,0.8009200159904974,0.7747415025712916,0.3695261359607792,1.0,0.7907907889890562
1948,0.6720443009971732,0.779571389156721,0.7513565944485134,0.4041656515704451,1.0,0.7910449231461414
1949,0.5414420870364143,0.6280728209622406,0.5640063829081673,0.5682351510180833,1.0,0.7913047657401016
1950,0.4881489674353523,0.5662528022250087,0.4816362723977856,0.6588483214690218,1.0,0.7915031784587852
1951,0.5146564003664982,0.5970014244251379,0.522707259502408,0.5830161553110912,1.0,0.7916754580182002
1952,0.6127618162298966,0.7108037068266801,0.6702934522645646,0.40108556715341565,1.0,0.7918386894245716
1953,0.6730752803662398,0.7807673252248383,0.7526905647260829,0.4088213012826205,1.0,0.7919908803027005
1954,0.5953725708239647,0.6906321821557991,0.6450884447932128,0.49901762249266746,1.0,0.7921395440698831
1955,0.6146014187999592,0.7129376458079528,0.6729263780102824,0.32049810661276906,1.0,0.7922617689133054
1956,0.724049034347931,0.8398968798436001,0.8150023961670235,0.2400793359072141,1.0,0.7923808635381714
1957,0.6823036015431746,0.7914721777900826,0.7645052600869848,0.25043287111549917,1.0,0.79253467666368
1958,0.7621781558244936,0.8841266607564127,0.856701099829476,0.17975617935308394,1.0,0.7927175179853434
1959,0.4913695624654449,0.5699886924599161,0.48662489725119407,0.387271114051074,1.0,0.7929408328764949
1960,0.5092055110060156,0.5906783927669782,0.5142660235580863,0.6202449236847026,1.0,0.7931041835076902
1961,0.6805190823427536,0.7894021355175943,0.7622383847871047,0.3276028474660507,1.0,0.7932066696142193
1962,0.68510441593141,0.7947211224804357,0.7680457533477999,0.3955041611296405,1.0,0.7933420536712033
1963,0.4192557884387288,0.48633671458892547,0.37651911977533387,0.7458015290479736,1.0,0.7934865758251479
1964,0.6929144235908746,0.8037807313654146,0.7778049931781115,0.22665050652064966,1.0,0.7935832457988736
1965,0.5692748349374114,0.6603588085273973,0.606315182573886,0.43278981480803386,1.0,0.7936943356022156
1966,0.6115579193433143,0.7094071864382446,0.6685667674792627,0.4192678924591838,1.0,0.7937588782146114
1967,0.7782835801529615,0.9028089529774355,0.873014948007392,0.268672741406984,1.0,0.7938265265350368
1968,0.6973179513604566,0.8088888235781297,0.78323312374351,0.23296484880493645,1.0,0.7939321411462071
1969,0.6627895839475205,0.7688359173791239,0.7392581778244056,0.3129226558885779,1.0,0.7940712635334007
1970,0.8085416589790336,0.9379083244156792,0.9015840275794842,0.24262950541286377,1.0,0.7941838439348758
1971,0.6789828230184948,0.787620074701454,0.7602800070117108,0.38593122831172266,1.0,0.7943331568998786
1972,0.405784963339037,0.470710557473283,0.3566086242268601,0.605410012623945,1.0,0.7944748833946234
1973,0.6884530514791423,0.7986055397158052,0.7722506820722126,0.3326299896509926,1.0,0.79452751388645
1974,0.38391616573487264,0.4453427522524523,0.3249568235857634,0.6343893166203876,1.0,0.7945976725715618
1975,0.6065522697610323,0.7036006329227975,0.6613573834462686,0.27702008626843216,1.0,0.7945777053652539
1976,0.7787506248895784,0.903350724871911,0.8734765079221065,0.2287898553551606,1.0,0.7945625238982654
1977,0.9280414302865799,1.0,0.9894901488105589,0.062386460006330365,1.0,0.7945549580518323
1978,0.7608820195468629,0.882623142674361,0.8553545619590079,0.2163129150415361,1.0,0.7946010871042106
1979,0.6682023601181919,0.7751147377371027,0.746361054924553,0.34607074453042297,1.0,0.7946642509844588
1980,0.5192940147075777,0.6023810570607903,0.5298825512889952,0.4333028471911871,1.0,0.7947090048444825
1981,0.6089575307652754,0.7063907356877195,0.664827549953788,0.4217212917365486,1.0,0.79472988064174
1982,0.5695006429704408,0.6606207458457114,0.6066548606168943,0.5091929790715495,1.0,0.7947049579531413
1983,0.6056269251802079,0.7025272332090412,0.6600194432325044,0.2860187686290947,1.0,0.794681318944739
1984,0.569185761276272,0.6602554830804755,0.6061811729305137,0.43987330687042725,1.0,0.7946505388357998
1985,0.7188519884047715,0.833868306549535,0.8089869787494325,0.29893460480918943,1.0,0.7946267671703489
1986,0.6930125234131811,0.8038945271592902,0.7779265066679768,0.24847402624227632,1.0,0.7946123759678271
1987,0.7974943604284865,0.9250934580970445,0.8914661408007578,0.15799007072320956,1.0,0.7945822253851929
1988,0.43704715418704787,0.5069746988569755,0.40322081802985316,0.49128502961810244,1.0,0.7946148579530488
1989,0.7323118211110925,0.8494817124888674,0.8244037122924389,0.22582757666362094,1.0,0.7945813938696356
1990,0.6386320652040849,0.7408131956367385,0.7066702889633959,0.4294777400782819,1.0,0.7945393071580117
1991,0.7279296220504335,0.844398361578503,0.8194426319477641,0.35270558627934634,1.0,0.7945483487431493
1992,0.5075477918127629,0.588755438502805,0.5116976889937149,0.6254499642500371,1.0,0.7945634388848193
1993,0.48708620506225214,0.5650199978722126,0.47999056922749705,0.6355304732029565,1.0,0.7945525828773987
1994,0.5204750794366166,0.6037510921464754,0.5317086838049361,0.4363847934062211,1.0,0.7945165937393162
1995,0.5619195758126082,0.6518267079426256,0.595216010124801,0.46125019539107254,1.0,0.7944078010518475
1996,0.6824483292280586,0.7916400619045482,0.764688730687248,0.26578562672597283,1.0,0.7943087937015072
1997,0.7905959606133688,0.9170913143115079,0.8849661902031638,0.2054772823538997,1.0,0.7942467220024665
1998,0.6766997402647472,0.7849716987071069,0.7573579240938866,0.4122333763831121,1.0,0.7941973159966371
1999,0.6981442445801612,0.8098473237129871,0.7842456387579751,0.26410891023251815,1.0,0.7941293710423851
2000,0.48986830751087795,0.5682472367126185,0.48429923421145243,0.5020712400717694,1.0,0.7940191559126109
2001,0.8289958585141305,0.9616351958763915,0.9193820521531184,0.1783048373255191,1.0,0.7938893449335049
2002,0.6103094902723419,0.7079590087159168,0.6667732258512347,0.2939718239506156,1.0,0.7937978804667734
2003,0.58424287168767,0.6777217311576973,0.6286795102957127,0.4089583958596456,1.0,0.7937178466784587
2004,0.6213069355210065,0.7207160452043676,0.682465889051417,0.3546265454681181,1.0,0.7936169984707033
2005,0.5001175156628361,0.58013631816889,0.5001821492721554,0.3573301596920719,1.0,0.7935450351964752
2006,0.7737148024294873,0.8975091708182054,0.8684655859351949,0.20768802188967064,1.0,0.7934771786517321
2007,0.6082661044240791,0.7055886811319318,0.6638311271989228,0.27831883009434566,1.0,0.7933922065310881
2008,0.9562445897355641,1.0,1.0,0.04482464369727586,1.0,0.7933101296782317
2009,0.6300852059005938,0.7308988388446889,0.6948120116715746,0.4666297370061556,1.0,0.793284484468106
2010,0.5617340780259339,0.6516115305100834,0.5949352497871802,0.3385880099919963,1.0,0.7932948794989703
2011,0.5138487928327948,0.5960645996860421,0.52145705618275,0.38351191630979753,1.0,0.793294635043853
2012,0.3751473082900409,0.4351708776164475,0.31252739637124305,0.7573440768178195,1.0,0.7932934398812002
2013,0.5302170082961322,0.6150517296235134,0.5467474725003868,0.6067092891395225,1.0,0.7932150030148839
2014,0.477117421032025,0.553456208397149,0.46457064261103415,0.4089408565226601,1.0,0.7931047784544638
2015,0.517901407697647,0.6007656329292707,0.5277286720251229,0.46360381889578656,1.0,0.792963029295189
2016,0.4874624700809068,0.565456465293852,0.48057319007039334,0.6386995502762018,1.0,0.7927808843534945
2017,0.43288435647839174,0.5021458535149345,0.39693613412149625,0.6198155542098279,1.0,0.7925677876887857
2018,0.7542238054633659,0.8748996143375045,0.8483584659754722,0.23415595666708375,1.0,0.7923301702586705
2019,0.5290378868498515,0.6136839487458279,0.5449298257112287,0.5317847145629252,1.0,0.7921112459317883
2020,0.8013520825653273,0.9295684157757798,0.895039948785253,0.14104217361047053,1.0,0.7918695986159907
2021,0.500044149114626,0.5800512129729662,0.5000684311273924,0.367577933650027,1.0,0.7916655073183747
2022,0.7742053276610706,0.898078180086842,0.8689570050232462,0.2395366873450746,1.0,0.7914445202014917
2023,0.6726345926389758,0.7802561274612121,0.7521207069010122,0.23747428762013809,1.0,0.7912348333827504
2024,0.5230455286634291,0.6067328132495778,0.5356810987811133,0.41004647548403284,1.0,0.7910271091975072
2025,0.7044331648318707,0.8171424712049701,0.7918888836464949,0.3062312304255888,1.0,0.7908144875681193
2026,0.6112325169861467,0.7090297197039303,0.6680995737745505,0.33508384259137003,1.0,0.7905965050886516
2027,0.7516756374004339,0.8719437393845034,0.8456460262567085,0.214813177434889,1.0,0.7903785615880211
2028,0.6211971604537004,0.7205887061262926,0.6823104623622069,0.29367244811484283,1.0,0.7901907998361728
2029,0.4026334499412395,0.4670548019318379,0.35199356783767816,0.6548247653025984,1.0,0.7900201530881046
2030,0.5373577489989999,0.62333498883884,0.5577367387462411,0.3430098307978355,1.0,0.7897470997634679
2031,0.6004859955393655,0.6965637548256641,0.6525574663773698,0.48627956688058493,1.0,0.7894465366714756
2032,0.47247751854535713,0.5480739215126144,0.45740734791460397,0.5101763114702016,1.0,0.7891583499553283
2033,0.7230977964593988,0.8387934438929027,0.8139072531510045,0.33428899444152466,1.0,0.7888221237517435
2034,0.4041314425291962,0.46879247333386764,0.3541850872552271,0.543198595064464,1.0,0.7885337234202598
2035,0.58927957982071,0.6835643125920237,0.6361302524588524,0.48507605272226695,1.0,0.788184298970895
2036,0.47658848576260393,0.5528426434846206,0.46375353234261407,0.501631752179382,1.0,0.7878231081967435
2037,0.5227660075466992,0.6064085687541712,0.5352492587121361,0.38205292605709434,1.0,0.7874265110831511
2038,0.6833186448540709,0.7926496280307224,0.7657908298483077,0.3513588330698979,1.0,0.7870663690337489
2039,0.6520495560091327,0.7563774849705941,0.7249453336054874,0.37993166930882194,1.0,0.7867048496454117
2040,0.6751322685732708,0.7831534315449942,0.755343699937259,0.35988475679525467,1.0,0.7863194313327136
2041,0.7069215710657945,0.8200290224363217,0.79488222871439,0.25439906790827227,1.0,0.7859211036964019
2042,0.7257569699490188,0.8418780851408619,0.8169620763599446,0.3342997614454357,1.0,0.7855217362584597
2043,0.586776268291142,0.6806604712177249,0.6324321426779606,0.3496541984962845,1.0,0.7851286915361023
2044,0.7000128916761464,0.81201495434433,0.7865283521428452,0.28731272848255707,1.0,0.7847028385489225
2045,0.6762001290015637,0.7843921496418139,0.7567166251378963,0.2594467825782144,1.0,0.7842837816916255
2046,0.6505754283304991,0.7546674968633791,0.7229585601997358,0.40985758864457245,1.0,0.7839244868950914
2047,0.7615955112250814,0.8834507930210945,0.8560964184980697,0.20858612179786884,1.0,0.7835933295421311
2048,0.6048811048342874,0.7016620816077734,0.6589399100594611,0.39392458376726575,1.0,0.7832849134096435
2049,0.7697042696236345,0.8928569527634161,0.8644208491513243,0.2476727414321404,1.0,0.7829736603858212
2050,0.5494674334621715,0.637382222816119,0.5762860137861564,0.5822848359410732,1.0,0.7827128321455793
2051,0.6060164462392593,0.7029790776375409,0.6605828406963905,0.4696743729987189,1.0,0.7824708660764295
2052,0.6712330349924508,0.778630320591243,0.7503049458763129,0.4062798761553478,1.0,0.7822526037976112
2053,0.5463078493092283,0.6337171051987048,0.5714582092438694,0.4000222201283076,1.0,0.7820514142065347
2054,0.8131252555251695,0.9432252964091967,0.9056774146863813,0.24009700779481505,1.0,0.7818334421656004
2055,0.5477302427731409,0.6353670816168435,0.5736327319017781,0.5467486667791128,1.0,0.7816612047691402
2056,0.6254896237115104,0.7255679635053521,0.6883691512964696,0.43908257462676586,1.0,0.7814820976828889
2057,0.536211829455216,0.6220057221680506,0.5559755014649064,0.49903779486853495,1.0,0.7812906231153107
2058,0.7474726798651351,0.8670683086435568,0.8411298805021483,0.3258616523157609,1.0,0.781078596265784
2059,0.6186891315378354,0.7176793925838892,0.678752632060083,0.48357391393839677,1.0,0.7808702832360706
2060,0.6632477079781742,0.7693673412546822,0.7398622565701127,0.24106676779044825,1.0,0.7806911371196814
2061,0.6288302237637138,0.729443059565908,0.6930571164237112,0.32104942563187033,1.0,0.780545092982239
2062,0.18603752472939697,0.2158035286861005,0.09358149436026009,0.6928297827048818,1.0,0.7803941261743755
2063,0.7142118800014332,0.8284857808016626,0.8035499319330472,0.24020678653192704,1.0,0.7801578563303317
2064,0.7331123027094455,0.8504102711429569,0.8253038340196204,0.26822700950083944,1.0,0.7799817666780904
2065,0.7854671559169839,0.9111419008637014,0.8800424662948776,0.1687209311950859,1.0,0.7798181953336577
2066,0.5040263082414184,0.5846705175600454,0.5062405670114175,0.42023703467769136,1.0,0.7796984457473344
2067,0.644552156882469,0.7476805019836642,0.7147861916256608,0.3454904042177513,1.0,0.7795629329586022
2068,0.64405289573923,0.7471013590575069,0.714104915481857,0.2702133486340841,1.0,0.7794074138973435
2069,0.8806738727276004,1.0,0.959137771099944,0.13335808839972194,1.0,0.7792469726979107
2070,0.5207435449121949,0.6040625120981461,0.5321237025724216,0.5164838587587233,1.0,0.7791305639064412
2071,0.45786704299647557,0.5311257698759118,0.43493437134046753,0.4094184917436461,1.0,0.7789658437181839
2072,0.6866362028357903,0.7964979952895168,0.7699730460631669,0.35223387210751284,1.0,0.7787662642951703
2073,0.6619209047325048,0.7678282494897056,0.7381112781189215,0.42121735891830736,1.0,0.7786232254779564
2074,0.6041869820125904,0.7008568991346049,0.6579342784078333,0.4513027782692312,1.0,0.7784797020388448
2075,0.4302534093782858,0.49909395487881164,0.39297524081744306,0.47155602551766945,1.0,0.7783801330498363
2076,0.5731042643253794,0.6648009466174402,0.6120666494246945,0.4538538037224269,1.0,0.7782518173356292
2077,0.6087314542516364,0.7061284869318983,0.6645018488815284,0.4537787048160253,1.0,0.7780903347479469
2078,0.551071997399381,0.639243516983282,0.5787342137758428,0.40701661102912123,1.0,0.7778762208422085
2079,0.8027328110714885,0.9311700608429269,0.8963084453711909,0.15107326530207066,1.0,0.777630764549656
2080,0.6006154265168808,0.6967138947595818,0.6527459228159256,0.3100055161216176,1.0,0.7774168874270515
2081,0.6728687263094787,0.7805277225189954,0.7524235312026977,0.3308423432195466,1.0,0.7772240644722508
2082,0.47842585370594903,0.5549739902989009,0.46659246140380345,0.6727296247589108,1.0,0.7770485302212922
2083,0.4939244084782873,0.5729523138348133,0.49058355727059,0.40325460188940854,1.0,0.7768618685357946
2084,0.5607780201864782,0.6505025034163148,0.5934875776837087,0.5646920089014029,1.0,0.7766607002478557
2085,0.6637390926544372,0.7699373474791472,0.7405095977487146,0.41582839711457503,1.0,0.7764640536151588
2086,0.5081722832668821,0.5894798485895834,0.512665276892099,0.3545039926699314,1.0,0.7762633860602077
2087,0.5184105352229026,0.6013562208585671,0.5285161959760637,0.40840577403989003,1.0,0.7760354672886789
2088,0.6495320642436093,0.7534571945225869,0.7215491648175225,0.42096525845383803,1.0,0.7757641509917588
2089,0.5343299931085479,0.6198227920059156,0.553081222458827,0.43423402725025595,1.0,0.7755392214675565
2090,0.5053105862093645,0.5861602800028629,0.5082309250234689,0.6089868393574089,1.0,0.7752854031000399
2091,0.598626698604064,0.6944069703807144,0.6498469628888687,0.3969002727215317,1.0,0.7750152014173297
2092,0.643174944637881,0.7460829357799421,0.7129054666560997,0.32771258525490854,1.0,0.7747298312588805
2093,0.7755273740086422,0.8996117538500251,0.8702778917857336,0.24288718725880806,1.0,0.7744774350926933
2094,0.6325517966466128,0.7337600841100709,0.6982510551270829,0.4288777795912806,1.0,0.7742845302219021
2095,0.8853123467898272,1.0,0.9623567753327357,0.11303848545090495,1.0,0.7741175863063323
2096,0.5036305087067762,0.5842113900998605,0.5056271339776738,0.4813218193956105,1.0,0.7740138614070056
2097,0.6803614404316204,0.7892192709006798,0.762037719579099,0.3235095771748877,1.0,0.7738810610469649
2098,0.5064874330722325,0.5875254223637898,0.5100546396784882,0.5053245941246786,1.0,0.7737324024840926
2099,0.44814168064421744,0.5198443495472923,0.4200669431343947,0.46026581612546025,1.0,0.7735575654628117
2100,0.5355186390323878,0.62120162127757,0.554909648451886,0.5882992900100532,1.0,0.7733429730906609
2101,0.25439168763470893,0.2950943576562624,0.16089023370310085,0.6002264250098989,1.0,0.7731430355493485
2102,0.6994917578790363,0.8114104391396821,0.7858927297555631,0.24874004810678926,1.0,0.7728456673835173
2103,0.37500631381141286,0.435007324021239,0.3123288575045984,0.46420475547317275,1.0,0.7725732730708301
2104,0.690646857602477,0.8011503548188734,0.7749887910490441,0.25801656208948376,1.0,0.7722713880071058
2105,0.6819320577731138,0.7910411870168121,0.7640339964730269,0.35461374518696404,1.0,0.771991040681268
2106,0.7925039653301313,0.9193045997829524,0.8867780387591057,0.19378126635564713,1.0,0.771751830392785
2107,0.4594841844888699,0.5330016540070892,0.43741437359318625,0.49407684271815727,1.0,0.7715231784622787
2108,0.5153158179908485,0.5977663488693843,0.5237279232679053,0.4696752971321603,1.0,0.7712746053440993
2109,0.40844950977516836,0.47380143133919533,0.36052373380746167,0.45318213173842536,1.0,0.7709541222405512
2110,0.6377779079010901,0.7398223731652647,0.7054926186816022,0.31628915294411875,1.0,0.7706033592048069
2111,0.4401260810069208,0.5105462539680282,0.4078823817260011,0.5042780551217934,1.0,0.7702768069495125
2112,0.7311204829916055,0.8480997602702625,0.8230605884777,0.3360257806019372,1.0,0.7699467811737484
2113,0.5927758917938485,0.6876200344808643,0.6412782680862985,0.38871880801506903,1.0,0.7696907313427033
2114,0.6300282500779433,0.7308327700904143,0.6947324426008533,0.3842400242809275,1.0,0.7694536236056193
2115,0.6420024482288109,0.7447228399454208,0.7113007921642446,0.29896907840108117,1.0,0.769251153049876
2116,0.7295878283537712,0.8463218808903747,0.8213265214413406,0.2181228500388476,1.0,0.7690770947981005
2117,0.7929562375987923,0.9198292356145992,0.8872059414770435,0.22409837395309132,1.0,0.7689518408583675
2118,0.6834734594122674,0.7928292129182304,0.7659866597578304,0.24615686222595182,1.0,0.7688951574754281
2119,0.6041874072716437,0.7008573924351067,0.6579348947876785,0.4062046936526606,1.0,0.7688274395316879
2120,0.7835590240395656,0.9089284678858962,0.8781907348345097,0.24445963944671217,1.0,0.7687752800399357
2121,0.6474880825865943,0.7510861758004495,0.7187805056358583,0.275701339099649,1.0,0.7687214825824014
2122,0.5779736883597736,0.6704494784973375,0.6193512758819241,0.34424323954590214,1.0,0.7686958389566181
2123,0.7419284598953463,0.8606370134786018,0.8350922084069758,0.18514803912654537,1.0,0.768635642944534
2124,0.6083223648847164,0.7056539432662711,0.6639122389192494,0.29332819728991893,1.0,0.7685897257089187
2125,0.6721116126841626,0.7796494707136288,0.751443773382503,0.31136686824499216,1.0,0.7685605358208916
2126,0.5996929915310937,0.6956438701760688,0.6514021682701342,0.39275891499469784,1.0,0.7685264037501187
2127,0.7521107345171818,0.872448452039931,0.8461105418371763,0.3203637434917628,1.0,0.7684912185268872
2128,0.5286609169533132,0.6132466636658434,0.5443485513336743,0.4258936057855537,1.0,0.7684571671778335
2129,0.5327723218860004,0.6180158933877605,0.5506837421205181,0.36057711842714146,1.0,0.7684074808454215
2130,0.35976981179938494,0.4173329816872866,0.29113080252391865,0.8214846477723194,1.0,0.7683827100999319
2131,0.5914531325000049,0.6860856337000057,0.6393329908166163,0.4167872608808344,1.0,0.7683267166481109
2132,0.7034595981265713,0.8160131338268228,0.7907129739656358,0.27291119965028016,1.0,0.7682707770844976
2133,1.0,1.0,1.0,0.01271383206669487,1.0,0.7682580924821172
2134,0.6892629606180097,0.7995450343168914,0.7732630799796865,0.2996460315237743,1.0,0.7682956308144457
2135,0.5916609362165145,0.6863266860111569,0.6396387837704947,0.44359295409852095,1.0,0.7683833666700601
2136,0.4224401364129253,0.49003055823899344,0.38126650589061006,0.4834702153867406,1.0,0.7684688990941575
2137,0.501027334885799,0.5811917084675269,0.5015923655717198,0.3925804835938375,1.0,0.768542118842649
2138,0.5862305389985516,0.6800274252383199,0.6316246207903816,0.44285466515733135,1.0,0.7686092290376068
2139,0.8655209861324529,1.0,0.9482304367012075,0.13621262943424772,1.0,0.7686568500676618
2140,0.5910766319174824,0.6856488930242797,0.6387787706777743,0.41499477736372137,1.0,0.7687414673242374
2141,0.5016199085466209,0.5818790939140803,0.5025108445207849,0.6456144610213315,1.0,0.7688084160485176
2142,0.6156832032935508,0.714192515820519,0.6744715344483853,0.47035967770327364,1.0,0.7688364020118159
2143,0.5161284562322835,0.598709009229449,0.524985568161999,0.6003209018805971,1.0,0.7688437351182174
2144,0.6263671993823716,0.7265859512835512,0.6896030088278818,0.39596607451231675,1.0,0.7688381316252562
2145,0.7013243454483994,0.8135362407201434,0.7881245345349914,0.3232393173392624,1.0,0.768819440012471
2146,0.8870255268022857,1.0,0.9635316986297555,0.11436817428841851,1.0,0.7688058315070299
2147,0.6667355667675623,0.7734132574503724,0.7444437127167177,0.35524684948801405,1.0,0.7688351922744767
2148,0.34777056942794615,0.4034138605364176,0.2748126008376407,0.6200963269027971,1.0,0.7688465974288978
2149,0.5925139460925443,0.6873161774673514,0.6408932767825597,0.45173744578907743,1.0,0.7688113805323133
2150,0.7941171217517845,0.9211758612320702,0.8883015104069345,0.18608004735355912,1.0,0.7687453258843906
2151,0.36837254636813144,0.4273121537870325,0.30303613385914746,0.6928204119169077,1.0,0.7687252898197977
2152,0.7512197835054585,0.871414948866332,0.8451587457641925,0.319552954016604,1.0,0.7686630789351658
2153,0.8016946264930528,0.9299657667319413,0.895355170494804,0.20996074118920405,1.0,0.7686171319918053
2154,0.3720426344165542,0.43156945592320295,0.3081654637415372,0.5555339986934801,1.0,0.7686185330766385
2155,0.7287369467240246,0.8453348581998686,0.820360842360383,0.21922363220676394,1.0,0.7685404972571273
2156,0.4967888116780267,0.576275021546511,0.49502276502528486,0.3920314494071085,1.0,0.7684973837189126
2157,0.5860418968276803,0.6798086003201091,0.6313453758481185,0.44242222265108705,1.0,0.7684323974406784
2158,0.6586468902664588,0.7640303927090923,0.7337715055793169,0.4325645669814635,1.0,0.7683783301629181
2159,0.7073709048981324,0.8205502496818337,0.7954208595171128,0.2609340782886482,1.0,0.7683098962613629
2160,0.42220244065097967,0.48975483115513646,0.38091162978111437,0.5021725653398537,1.0,0.7682594780960592
2161,0.8958765122228589,1.0,0.9694830059457535,0.07411243493921657,1.0,0.7681671843275958
2162,0.6413435938638523,0.7439585688820688,0.7103976768503685,0.3481902263176182,1.0,0.7681257277041089
2163,0.4858278922131309,0.5635603549672319,0.4780424199741837,0.6678501505439508,1.0,0.7681674698717706
2164,0.6493696666107105,0.7532688132684243,0.7213295582947394,0.34580176184605094,1.0,0.7681668506566008
2165,0.5778257301388708,0.6702778469610903,0.6191304234094277,0.3758169350918942,1.0,0.7681511763433883
2166,0.49011818322863565,0.5685370925452174,0.48468629926828466,0.4675632461055473,1.0,0.7680985968029321
2167,0.6504921805027126,0.7545709293831467,0.7228462043237539,0.39488884090410803,1.0,0.7680450911861874
2168,0.5099401414137286,0.5915305640399252,0.5154040484494244,0.44735231459154634,1.0,0.7679942599421965
2169,0.40058945248824634,0.4646837648863658,0.3490095846159472,0.5279614447370737,1.0,0.7679208133397468
2170,0.6663731914195133,0.7729929020466356,0.7439691717055876,0.30381117354660425,1.0,0.7677631549397275
2171,0.5417989138404894,0.6284867400549677,0.5645535193485002,0.3575790741525396,1.0,0.7676364396280801
2172,0.70233619696545,0.8147099884799222,0.7893527498194255,0.2481975272834143,1.0,0.767528633512534
2173,0.538371179625142,0.6245105683651648,0.5592935633872355,0.5409381095806821,1.0,0.7674268875793977
2174,0.5672101000976222,0.6579637161132418,0.6032062222833805,0.4574997170406363,1.0,0.767305955073736
2175,0.5079523396805625,0.5892247140294526,0.5123245028019503,0.4220237121593764,1.0,0.7671819947044997
2176,0.6180057727546417,0.7168866963953845,0.677780992762506,0.3132582466888422,1.0,0.7670757389537948
2177,0.4808823869911641,0.5578235689097504,0.4703902419598818,0.6294576776426367,1.0,0.7669807531471282
2178,0.6676071077263546,0.7744242449625713,0.7455836324552614,0.2976342254240567,1.0,0.7668656040825548
2179,0.6303281820229328,0.7311806911466022,0.6951513769360843,0.39811201357897413,1.0,0.7667748858097775
2180,0.738000041500595,0.8560800481406903,0.8307589656619506,0.28152059379054895,1.0,0.7666558562519548
2181,0.6755388434845385,0.7836250584420648,0.7558667813803936,0.2909044991345665,1.0,0.7665651268115637
2182,0.6508663539433257,0.7550049705742579,0.7233510773959541,0.30366338161260487,1.0,0.766477599875476
2183,0.6557200394766252,0.7606352457928853,0.729869149090284,0.3721868092787273,1.0,0.7664237380375136
2184,0.5356279531501408,0.6213284256541634,0.5550777522709925,0.4661900259753653,1.0,0.7664006152682697
2185,0.5808739944622366,0.6738138335761946,0.6236740519236542,0.31228657654360703,1.0,0.7663736591700367
2186,0.8864642769686277,1.0,0.9631476129890675,0.1380309200952568,1.0,0.7663325960370762
2187,0.6343479819413578,0.7358436590519751,0.7007468792423021,0.31893778382666343,1.0,0.7663608573569706
2188,0.5887053912361807,0.6828982538339697,0.6352828990882278,0.5323197399629194,1.0,0.7664091395776775
2189,0.62508514679834,0.7250987702860745,0.6877999084755922,0.32150913659141367,1.0,0.766445024530622
2190,0.4115204573050532,0.47736373047386177,0.3650505404259508,0.6026946510186847,1.0,0.7664961688626423
2191,0.5165917886636113,0.5992464748497892,0.5257025333172974,0.34439083834974227,1.0,0.7665288966414991
2192,0.35497881378751844,0.41177542399352146,0.2845743220901462,0.46060564840403034,1.0,0.7665458763032009
2193,0.7263337017470589,0.8425470940265885,0.8176218894195255,0.2762342115954518,1.0,0.7665104712714987
2194,0.411708827922256,0.477582240389817,0.365328710776337,0.5509106555056625,1.0,0.7664672735297404
2195,0.6998534032233258,0.811829947739058,0.7863339066498084,0.3447710111199572,1.0,0.7663856199858645
2196,0.7406782857214429,0.8591868114368739,0.8337181623560103,0.32418271958767036,1.0,0.766273033438463
2197,0.5528511315060517,0.64130731254702,0.5814458504091948,0.4499949123893159,1.0,0.7662064930873461
2198,0.400256119180393,0.4642970982492559,0.34852365932955076,0.705141469594105,1.0,0.7661189970911562
2199,0.5701613232196661,0.6613871349348127,0.6076483277547299,0.39097389248718667,1.0,0.7660150043383512
2200,0.8643469103993835,1.0,0.9473599204292791,0.11615311871534624,1.0,0.7659360949037941
2201,0.608513812975075,0.7058760230510871,0.6641882078799538,0.4200570666540048,1.0,0.7659187418411197
2202,0.49153131352807133,0.5701763236925628,0.4868754968925221,0.6160705106986262,1.0,0.765965651352887
2203,0.5974706115806862,0.693065909433596,0.6481585262911622,0.4436946414320506,1.0,0.7659737206993179
2204,0.6350685322766481,0.7366794974409119,0.7017460609761511,0.4110507668970404,1.0,0.7660215915389544
2205,0.5240869736107114,0.6079408893884254,0.5372897473818999,0.385014506406302,1.0,0.7660580221548432
2206,0.6005110399212622,0.6965928063086643,0.6525939342951432,0.29238096831459903,1.0,0.7660649477371061
2207,0.5823299590452308,0.6755027524924678,0.6258394193997671,0.5361711216602704,1.0,0.7660371068253276
2208,0.5894352424430419,0.6837448812339287,0.6363598782244433,0.32437667383568425,1.0,0.7660322133803223
2209,0.5858607136492961,0.6795984278331836,0.6310771198322417,0.38633623539905415,1.0,0.7660408082350689
2210,0.5675372814558116,0.6583432464887415,0.6036992338117362,0.33614525558817265,1.0,0.7660810792608703
2211,0.5989054330588252,0.6947303023482373,0.6502536958933545,0.3113024141676253,1.0,0.7661074988431374
2212,0.5466577849281169,0.6341230305166157,0.571993350246663,0.3985805345248707,1.0,0.766161706121306
2213,0.6117717423406311,0.7096552211151322,0.6688736495910601,0.3515042773091274,1.0,0.766181083895478
2214,0.5894917231007479,0.6838103987968677,0.6364431859696003,0.3526234079400291,1.0,0.7662032995895234
2215,0.5836477834122952,0.6770314287582625,0.6277965842363589,0.3715640489780268,1.0,0.7662175522378913
2216,0.7415195639522326,0.8601626941845899,0.8346433073703889,0.27861153277197753,1.0,0.7662208734671414
2217,0.6571502802808598,0.7622943251257974,0.7317787501223089,0.28304782812014134,1.0,0.7662262427719218
2218,0.6576944420878716,0.7629255528219312,0.732503956141801,0.35551057928964785,1.0,0.7662070059252414
2219,0.6270465141944188,0.7273739564655259,0.6905569790786202,0.3788874908638177,1.0,0.7661837059608431
2220,0.5945587349192676,0.6896881325063505,0.6438955125654626,0.41070117098625347,1.0,0.7661652196346227
2221,0.7664451617651411,0.8890763876475638,0.8610986284454349,0.24201535396264473,1.0,0.7661132678461475
2222,0.9691725410647835,1.0,1.0,0.034265117191881675,1.0,0.7660842868855784
2223,0.6470837014645809,0.7506170936989139,0.7182315662967184,0.4152629490085252,1.0,0.7661265911473134
2224,0.4929426738829223,0.5718135017041899,0.4890622794168356,0.45862871016020573,1.0,0.7661505542246789
2225,0.6598297261099539,0.7654024822875467,0.7353424960174377,0.2756399636173724,1.0,0.766153030065343
2226,0.6971961810709362,0.808747570042286,0.7830837482784766,0.22787255542760856,1.0,0.7661532208912039
2227,0.3958138231710766,0.4591440348784489,0.3420668886440359,0.7409602566079457,1.0,0.766170956566406
2228,0.6358408982082359,0.7375754419215537,0.7028157949089704,0.43495073738541473,1.0,0.7661240267273097
2229,0.6456905884351294,0.7490010825847502,0.7163374551345724,0.36115835047547684,1.0,0.7660977971800124
2230,0.44826794860171415,0.5199908203779885,0.4202594132183605,0.5000415428363607,1.0,0.7660926798071128
2231,0.6165653537802283,0.7152158103850649,0.6757298067887936,0.2901014020795092,1.0,0.7661036456200245
2232,0.6222235823119964,0.7217793554819159,0.6837627555764376,0.2667814375743469,1.0,0.7661188026583794
2233,0.5976163115520823,0.6932349214004155,0.6483714465242143,0.31201942643558844,1.0,0.7661188825027371
2234,0.6869306782222252,0.7968395867377813,0.7703428200753911,0.3933263309143788,1.0,0.7660465308878432
2235,0.6099544112742171,0.7075471170780919,0.6662625538650518,0.38063716797038266,1.0,0.7659759300105651
2236,0.39361960948429187,0.4565987470017786,0.3388910124562309,0.45875670211649444,1.0,0.7659107399851157
2237,0.49693221290721223,0.5764413669723663,0.4952450232362232,0.5020228320795459,1.0,0.7658423179655827
2238,0.5638289211044991,0.6540415484812191,0.5981035570645656,0.5055648050003145,1.0,0.7657752114846794
2239,0.6211999350958903,0.7205919247112329,0.6823143911904226,0.3139804740714761,1.0,0.7657060859069822
2240,0.5604501348296265,0.6501221564023668,0.592990849313718,0.4054633087774286,1.0,0.7655950563074294
2241,0.7484988014062434,0.8682586096312425,0.8422373140608832,0.235906360166542,1.0,0.7654818448263874
2242,0.6977800060547175,0.8094248070234723,0.7837995477105075,0.25433549705570235,1.0,0.7654164678904914
2243,0.5302294806592305,0.6150661975647075,0.5467666947140329,0.5083738575661958,1.0,0.7653678296871693
2244,0.5666504422497707,0.6573145130097341,0.6023625938191061,0.4852024890284845,1.0,0.7653231888143438
2245,0.6298323509044091,0.7306055270491147,0.6944587109853646,0.3937510757506521,1.0,0.7652691381514192
2246,0.517681337637611,0.6005103516596288,0.5273882373772456,0.625199494004312,1.0,0.7652038404493643
2247,0.6062442126142705,0.7032432866325539,0.6609121470035273,0.2761904114242979,1.0,0.7650740197243214
2248,0.7244986119328717,0.8404183898421312,0.8155190670752603,0.1967719747337096,1.0,0.7649372051772823
2249,0.4394070435479079,0.5097121705155732,0.40679276869247033,0.43940440059557395,1.0,0.7648723061143051
2250,0.693843994880674,0.804859034061582,0.7789553536071324,0.32420454824675193,1.0,0.7647817947807594
2251,0.49062036544745086,0.569119623919043,0.4854642305569342,0.6128877967300199,1.0,0.7646759496243829
2252,0.8418533467283396,0.976549882204874,0.9299590285184985,0.13918488783719188,1.0,0.7645952844301322
2253,0.7831428414600748,0.908445696093687,0.877785418366215,0.2495420269384801,1.0,0.7645333532330892
2254,0.5599299554295355,0.6495187482982613,0.5922025556195378,0.5265705239498364,1.0,0.7644699406506515
2255,0.6460946152359369,0.749469753673687,0.7168872558611958,0.27160488258194826,1.0,0.7644422501634693
2256,0.1476863381765324,0.17131615228477762,0.061776595895658704,1.0,1.0,0.7644005147712347
2257,0.6110352041282927,0.7088008367888197,0.6678161830692707,0.38455408054147017,1.0,0.7642971929955369
2258,0.49771229222510005,0.5773462589811161,0.4964540916110926,0.38453811369155494,1.0,0.7642014696684241
2259,0.5377306663793229,0.6237675730000146,0.5583096981485476,0.4925531275956409,1.0,0.7640796498134772
2260,0.6476533265606597,0.7512778588103654,0.7190047084066847,0.291155434865469,1.0,0.7639309493112454
2261,0.5651841897940352,0.6556136601610809,0.6001505234383219,0.4182356912613498,1.0,0.7638272909835442
2262,0.4323915495480062,0.5015741974756872,0.3961935433958603,0.39774779114244846,1.0,0.7636672177876369
2263,0.6616709052532788,0.7675382500938035,0.7377808537524695,0.3768937105997916,1.0,0.7634743354196298
2264,0.5613618700353956,0.651179769241059,0.5943717738902009,0.5137647816515212,1.0,0.7633188912650103
2265,0.6812540520931285,0.7902547004280291,0.7631730575767923,0.3448763937363958,1.0,0.7631522690316459
2266,0.8249114564889575,0.9568972895271908,0.9159241184688816,0.1447919685852515,1.0,0.7630092625632341
2267,0.4468365960990865,0.5183304514749404,0.4180785288165067,0.6875053902871371,1.0,0.7629308090780615
2268,0.6474293902210928,0.7510180926564678,0.7187008561876984,0.2841321689141641,1.0,0.7628180511922514
2269,0.6565191837068284,0.761562253099921,0.7309367617073714,0.2678466874819908,1.0,0.762733424107801
2270,0.5815904868100293,0.6746449646996341,0.624740043745792,0.4759059646151588,1.0,0.7626974031875035
2271,0.7298439070846501,0.8466189322181942,0.8216167329636306,0.235311741122196,1.0,0.7626472020079851
2272,0.5511423281941232,0.639325100705183,0.5788414661038682,0.361846885085185,1.0,0.7626323549626361
2273,0.7787061931210446,0.9032991840204119,0.8734326258738156,0.19904223224931566,1.0,0.762590738432269
2274,0.7579622977490474,0.8792362653888951,0.8523029471785666,0.19430633165325406,1.0,0.7625936307002421
2275,0.5829180951936564,0.6761849904246415,0.6267132147389616,0.4298595812433541,1.0,0.7626307715957532
2276,0.7020191316460416,0.8143421927094083,0.78896819792113,0.32589992437456394,1.0,0.7626802921003912
2277,0.5148724046420258,0.59725198938475,0.5230416103873324,0.532152091486885,1.0,0.7627434493944907
2278,0.6495511233458374,0.7534793030811715,0.721574933819496,0.25205288170099455,1.0,0.7628108301729444
2279,0.6571772415872754,0.7623256002412396,0.7318146989235041,0.2580221929668447,1.0,0.7628729394508559
2280,0.6075697540948782,0.7047809147500589,0.6628266880137454,0.3108586184500592,1.0,0.7629380182811516
2281,0.600965188367604,0.6971196185064208,0.6532550390226532,0.40331468058829256,1.0,0.7629776672948055
2282,0.5715718136734382,0.6630233038611885,0.6097673745698287,0.5056356860052712,1.0,0.7630027035801288
2283,0.4354354660091198,0.5051051405705791,0.4007851150421228,0.681303924229318,1.0,0.7630127157596436
2284,0.5640258719754572,0.6542700114915304,0.5984011644950525,0.47804210971222205,1.0,0.762982776350549
2285,0.49913431740387565,0.5789958081884958,0.4986581940709189,0.3560217092705203,1.0,0.7629588467491157
2286,0.7186594750195441,0.8336449910226712,0.8087626413941454,0.3349620918862164,1.0,0.7629209218938551
2287,0.641241565760643,0.7438402162823459,0.7102577328601744,0.32982972752113193,1.0,0.7628539299199013
2288,0.5588094180662748,0.6482189249568788,0.5905034307375188,0.3557733836334119,1.0,0.7627901885502535
2289,0.7117047778572383,0.8255775423143965,0.8005863634095256,0.2906400797536138,1.0,0.7627229781465246
2290,0.7294238364882669,0.8461316503263897,0.821140569873437,0.2868684555370717,1.0,0.7626733755884982
2291,0.629593521882215,0.7303284853833695,0.6941248793557646,0.35987527681900605,1.0,0.7626824837154655
2292,0.49442341608215273,0.5735311626552972,0.49135685489303393,0.6082997591613498,1.0,0.7627116589106033
2293,0.6550055228166511,0.7598064064673155,0.7289132538583856,0.4137384845858133,1.0,0.7627650588782999
2294,0.7340710376510344,0.8515224036752,0.8263794224742672,0.28635088096199596,1.0,0.7628040177747581
2295,0.6243863045780049,0.7242881133104858,0.6868155675156684,0.3404140539144089,1.0,0.7628998331020738
2296,0.6812485808281402,0.7902483537606427,0.7631661050600966,0.4023408747023445,1.0,0.7629791898918138
2297,0.3751333244035789,0.43515465630815153,0.3125077033189315,0.6867605848519559,1.0,0.7630454686309809
2298,0.530834336226807,0.6157678300230962,0.5476987795690735,0.465607576974619,1.0,0.7630777698026945
2299,0.5204437077384414,0.6037147009765921,0.5316601846653444,0.5927117159055386,1.0,0.763132606018325
2300,0.8107186829641014,0.9404336722383578,0.9035358371854376,0.14814282034197837,1.0,0.7631768479766999
2301,0.48914912784976117,0.5674129883057231,0.4831852725272922,0.46459748431097153,1.0,0.7632101095953854
2302,0.5699071535152295,0.6610922980776662,0.6072661990563306,0.39008722774495175,1.0,0.7632208877221875
2303,0.8755961617751586,1.0,0.9555499919948809,0.13684141508453024,1.0,0.7632454501563835
2304,0.8655948984758999,1.0,0.9482851154330334,0.147004124307659,1.0,0.7633193383165885
2305,0.6152223452004651,0.7136579204325396,0.6738135585683175,0.37435692396509745,1.0,0.7634325045779033
2306,0.5913057053873054,0.6859146182492744,0.6391160015673087,0.31374610254049096,1.0,0.7635586802182648
2307,0.5302083371855573,0.6150416711352465,0.5467341086652395,0.4300765479249383,1.0,0.7636794136291993
2308,0.6480524520430037,0.7517408443698843,0.7195459713038724,0.3785722485071386,1.0,0.763787143145871
2309,0.6763351833018643,0.7845488126301626,0.7568900457740024,0.2688260097734637,1.0,0.7639021918747706
2310,0.6226725323934929,0.7223001375764518,0.6843972858711588,0.3386462359933798,1.0,0.7640300745463406
2311,0.4609939820704495,0.5347530192017215,0.4397315856929843,0.4279227052930328,1.0,0.7641640450829323
2312,0.7896948281609588,0.9160460006667124,0.8841067296926786,0.15143685942862772,1.0,0.7642691724422483
2313,0.45273660621122447,0.5251744632050205,0.42708077634110536,0.3875365516307043,1.0,0.7644148926485669
2314,0.6191089774637654,0.7181664138579679,0.6793491192604499,0.49037780570309597,1.0,0.7645276149241925
2315,0.6283662651516393,0.7289048675759017,0.6924074729462636,0.320242983727885,1.0,0.7646422866373347
2316,0.6640742103868038,0.7703260840486925,0.740950722087443,0.30679102371137434,1.0,0.7647615675257957
2317,0.6653133550712453,0.7717634918826447,0.7425793443818606,0.2769038235212941,1.0,0.7648633298239611
2318,0.69298886443002,0.8038670827388232,0.7778972033954807,0.22579180819478048,1.0,0.7649635086066439
2319,0.7742276323672033,0.8981040535459559,0.8689793333372914,0.23467346429095695,1.0,0.7650670350218677
2320,0.959155314512364,1.0,1.0,0.049580143851614106,1.0,0.7651939482459059
2321,0.6677538788385458,0.7745944994527132,0.7457754064124698,0.3441778046771484,1.0,0.7653826814575497
2322,0.35701044648885094,0.41413211792706717,0.28734804465496006,0.5474457167820506,1.0,0.7655479882419174
2323,0.5538626211975626,0.6424806405891726,0.5829860894948503,0.4618374262820718,1.0,0.7655981466457304
2324,0.7324290679311136,0.8496177188000918,0.8245356714209262,0.21486490866615268,1.0,0.765630020502981
2325,0.5396652444293881,0.6260116835380903,0.5612803971146851,0.46335604741154135,1.0,0.7657040456954427
2326,0.5413097037019188,0.6279192562942258,0.5638033687071363,0.5272675076859634,1.0,0.7657542205254282
2327,0.5474014965081611,0.634985735949467,0.5731303133198092,0.533326865909928,1.0,0.7657748305445875
2328,0.7457497286372695,0.8650696852192328,0.8392633583220761,0.19312079296489978,1.0,0.7658221080443728
2329,0.8482585405062938,0.9839799069873009,0.935055473475234,0.15555474312843776,1.0,0.7658877508086418
2330,0.5839708946206879,0.677406237759998,0.628276048279892,0.31611194636891904,1.0,0.7659878865213555
2331,0.6176022919338071,0.7164186586432163,0.677206852781308,0.4909494125620181,1.0,0.7661094446929713
2332,0.8400556674408924,0.9744645742314354,0.9285081439849889,0.14803379308901415,1.0,0.7662275427683061
2333,0.6273451321417155,0.7277203532843901,0.6909760172687814,0.4392333657491199,1.0,0.7663813076767041
2334,0.49587401363206474,0.5752138558131952,0.49360494793612064,0.4059290218859468,1.0,0.7665358108255563
2335,0.7597690322084844,0.8813320773618419,0.8541942961129214,0.2624266781380034,1.0,0.7666512886803167
2336,0.7221875017283399,0.8377375020048744,0.8128567748845955,0.35387663749105663,1.0,0.7667902688312025
2337,0.6898215219556167,0.8001929654685155,0.7739602379086741,0.3406923491597326,1.0,0.7669842217981657
2338,0.8142722081890041,0.9445557614992449,0.906692160588104,0.14031735684838617,1.0,0.7672070762517487
2339,0.6305713779489189,0.731462798420746,0.6954909192774937,0.333968414042188,1.0,0.7674683248633993
2340,0.7318462619552525,0.848941663868093,0.8238793345892275,0.1945728867490652,1.0,0.767723422876414
2341,0.5966191495602097,0.6920782134898433,0.6469134932362879,0.3005528100007773,1.0,0.7680017192519208
2342,0.8548041641360811,0.9915728303978542,0.9401466639448872,0.18571491976077747,1.0,0.7682443283988303
2343,0.603154853344019,0.699659629879062,0.6564373073352425,0.41340686637826457,1.0,0.7685079236197871
2344,0.6302549072078866,0.7310956923611485,0.6950490475028128,0.39895194325776107,1.0,0.7687767375511985
2345,0.39217043307192245,0.4549177023634301,0.33679844147943216,0.4768568680525037,1.0,0.7690489358683599
2346,0.6047587315763068,0.701520128628516,0.6587626828591809,0.4774987028435151,1.0,0.7692701890907965
2347,0.8825218437878405,1.0,0.9604268754721866,0.10890545391080882,1.0,0.7695004786474691
2348,0.5697387357690182,0.6608969334920612,0.6070129469104839,0.32843746442113964,1.0,0.7697735894910528
2349,0.6031912665180691,0.6997018691609602,0.6564901532903289,0.39896377837773894,1.0,0.7700106502316195
2350,0.6478564946163089,0.7515135337549184,0.7192802768391517,0.40683642029272893,1.0,0.7702700803101037
2351,0.9094007049700198,1.0,0.9781991691439145,0.09902164036987236,1.0,0.7705134497361859
2352,0.6410577668637764,0.7436270095619807,0.7100055691623189,0.2724809354581124,1.0,0.7708248985405997
2353,0.45918493444713515,0.5326545239586769,0.43695529719704956,0.4700495450693288,1.0,0.7710908606765055
2354,0.8299352794759971,0.9627249241921567,0.9201706641627274,0.12322891967774295,1.0,0.7712905315250715
2355,0.7345527854503175,0.8520812311223684,0.8269188639931437,0.268894977672357,1.0,0.7715328132065091
2356,0.8199751243930148,0.9511711442958972,0.9116812410791166,0.1912433565935728,1.0,0.7717837489081423
2357,0.6631696668198795,0.7692768135110604,0.7397593899002095,0.26964599154274393,1.0,0.7721481685202454
2358,0.5571856836298817,0.6463353930106629,0.5880388237071845,0.5169194070594438,1.0,0.7725110397472698
2359,0.8302555316924396,0.9630964167632301,0.9204389320196326,0.18942143922712013,1.0,0.7728737300479364
2360,0.3732452861185931,0.43296453189756806,0.30985267801474603,0.47574528284262824,1.0,0.7732781941153393
2361,0.6164609735783336,0.715094729350867,0.6755810038982349,0.3154203368987184,1.0,0.7736211308134406
2362,0.5837784048390203,0.6771829496132636,0.6279904323573258,0.35536558914674654,1.0,0.77396300923168
2363,0.7757025842709615,0.8998149977543155,0.8704525577602655,0.20770814995286574,1.0,0.7743218809313246
2364,0.9102240887318617,1.0,0.9787153726176093,0.06403276092965232,1.0,0.774690512182203
2365,0.6699153262514175,0.7771017784516444,0.7485931213603189,0.36471993264254177,1.0,0.7751108796949204
2366,0.8109692002519937,0.9407242722923128,0.9037595536909436,0.24277501469301477,1.0,0.775516595211605
2367,0.7481616467217974,0.8678675101972851,0.8418737879394714,0.18786546043762706,1.0,0.7759076296566663
2368,0.47882456836542125,0.5554364993038887,0.4672087077021902,0.5010125395225374,1.0,0.7763411715774877
2369,0.509170765921231,0.5906380884686281,0.5142121970825289,0.4670212096693551,1.0,0.7767313583727506
2370,0.7083925458208444,0.8217353531521796,0.7966433876312393,0.26752759223783795,1.0,0.7770833168489542
2371,0.625379116650728,0.7254397753148446,0.6882136632531302,0.3002847262489665,1.0,0.7774475409414936
2372,0.7805896196227092,0.9054839587623428,0.8752876001874088,0.24490832753871386,1.0,0.7777820346489785
2373,0.6390808780313072,0.7413338185163164,0.707288419142799,0.36477405127434276,1.0,0.7781477940576963
2374,0.5617442511628734,0.6516233313489332,0.5949506483820142,0.3111760936446715,1.0,0.7784774481274364
2375,0.5994930771234689,0.695411969463224,0.6511107434650693,0.4216304044936204,1.0,0.7787618933266987
2376,0.6574427290852533,0.7626335657388938,0.7321685893261909,0.39089312852295127,1.0,0.7790407886667304
2377,0.6909225411408572,0.8014701477233944,0.7753319356332027,0.38901236257671457,1.0,0.7793032933941003
2378,0.5441786404856924,0.6312472229634033,0.5681998073229045,0.526142236492692,1.0,0.779589612004219
2379,0.5771018104159783,0.6694381000825349,0.6180494001569307,0.509572284221816,1.0,0.7798483740091191
2380,0.5842126566524252,0.6776866817168132,0.6286346936802197,0.3290905723159624,1.0,0.7800849595762614
2381,0.650175776599451,0.7542039008553633,0.7224190147872116,0.44080097272325147,1.0,0.7803102432988499
2382,0.5761608691852217,0.6683466082548573,0.6166431875496965,0.33370872126185913,1.0,0.7805376264156425
2383,0.45492939373985963,0.5277180967382372,0.43043471165226693,0.44896600524136226,1.0,0.7807590140689233
2384,0.5605271895625218,0.6502115398925253,0.5931075940201861,0.4794154437921906,1.0,0.7809772689995973
2385,0.6378461332100831,0.7399015145236965,0.7055867457946072,0.29684740778007646,1.0,0.7811883465195167
2386,0.6491064158529043,0.7529634423893691,0.7209734352184931,0.4334230754036607,1.0,0.7814180598406837
2387,0.6594034279144068,0.764907976380712,0.7347767107518988,0.3969088982851867,1.0,0.7816283622115656
2388,0.6910492279993544,0.8016171044792513,0.7754895529440571,0.23885440179104883,1.0,0.7818356246465088
2389,0.6856052303993024,0.795302067263191,0.7686765821189411,0.3652310507936234,1.0,0.7820604723741917
2390,0.626537950005956,0.7267840220069091,0.689842889490948,0.3304778069486942,1.0,0.7822738767515016
2391,0.5711704737525011,0.6625577495529014,0.6091646896061061,0.4060324927944606,1.0,0.7824623595379254
2392,0.5178354494267611,0.6006891213350429,0.5276266404454358,0.4584525586655133,1.0,0.7826346716920932
2393,0.4689075297724448,0.5439327345360361,0.4519035006747015,0.4876033442873084,1.0,0.7828060286476379
2394,0.607728306505023,0.7049648355458267,0.6630554703183115,0.3920679526148873,1.0,0.7829387472557685
2395,0.604620584328714,0.7013598778213084,0.6585625775929439,0.47910497739460006,1.0,0.7830447426140488
2396,0.6537485541899595,0.758348322860353,0.7272285952255281,0.38005520019557876,1.0,0.7831440002819356
2397,0.6692491460062415,0.7763290093672403,0.7477259676170199,0.3612552984396321,1.0,0.7832353302149911
2398,0.7627127829891187,0.8847468282673778,0.8572550567309727,0.24186794334279424,1.0,0.7833768610979435
2399,0.7235083374564029,0.8392696714494274,0.81438022562498,0.21787954328563439,1.0,0.7835558841748245
2400,0.8529220313559048,0.9893895563728498,0.9386947765049048,0.12221233685439363,1.0,0.7837660881927482
2401,0.7710164305254122,0.8943790594094783,0.865749477482455,0.2536787010217038,1.0,0.7839775826928448
2402,0.6224342284179832,0.7220237049648607,0.6840605280526659,0.4430093283431694,1.0,0.7842334684724199
2403,0.7372169696600872,0.8551716848057013,0.8298897380479533,0.3112326981718036,1.0,0.7844911325520905
2404,0.6614042979648782,0.7672289856392588,0.7374283042645813,0.3828710848511827,1.0,0.7847161584547901
2405,0.46600611348623266,0.5405670916440299,0.44743596122067353,0.3983086047356861,1.0,0.7848976792723169
2406,0.8591352891121757,0.996596935370124,0.9434510521623685,0.13549991245985465,1.0,0.7850468955436092
2407,0.27887382126679483,0.32349363266948206,0.18837103928293109,0.6438318014474281,1.0,0.7852398446518332
2408,0.7523262021185629,0.8726983944575332,0.8463403692434501,0.23603409441576034,1.0,0.7853817650739452
2409,0.35999152199490736,0.4175901655140926,0.2914355085607754,0.5071687312051809,1.0,0.7855381971584074
2410,0.6469123088146029,0.7504182782249395,0.7179987862157886,0.2911448037344008,1.0,0.7856329944213004
2411,0.39459109519038316,0.4577256704208445,0.3402960218902398,0.623793555599433,1.0,0.7857293109260626
2412,0.6632528082127125,0.7693732575267466,0.7398689786892181,0.2806494912766085,1.0,0.7858107854160434
2413,0.4017068712628213,0.46597997066487273,0.350639966758279,0.6994762894035224,1.0,0.7858670561077341
2414,0.764958663615795,0.8873520497943224,0.8595728245615422,0.22014335771404456,1.0,0.7859124533263834
2415,0.6442433782045692,0.7473223187173004,0.7143649112917845,0.42416395881002816,1.0,0.7859827415719804
2416,0.9062768835870472,1.0,0.9762257953077902,0.11327688496379917,1.0,0.7860537790505593
2417,0.47729793425857836,0.553665603739951,0.4648495316267989,0.6302765622318096,1.0,0.7861662818859567
2418,0.6102708733907772,0.7079142131333017,0.6667176991432386,0.4411222222479933,1.0,0.786241566860546
2419,0.8634454838911743,1.0,0.9466890522564022,0.09586780050455088,1.0,0.7862997040475104
2420,0.5976847430227541,0.6933143019063949,0.6484714367885902,0.4775269918667914,1.0,0.7863721563321404
2421,0.4937735513008048,0.5727773195089336,0.490349783932779,0.6261628056737369,1.0,0.7863773703453633
2422,0.6034171296016746,0.6999638703379426,0.6568178911035372,0.4345245648263107,1.0,0.7863511114792328
2423,0.6150026687337796,0.7134030957311844,0.6734997725691024,0.4672563720835446,1.0,0.7863699935820463
2424,0.6359670048246486,0.7377217255965925,0.7029903256242112,0.3487443335849065,1.0,0.7863993144303321
2425,0.3473256439993291,0.40289774703922177,0.2742141837757468,0.8428173410070728,1.0,0.78641039248181
2426,0.7078203129237619,0.8210715629915639,0.7959590028168174,0.26847600877319394,1.0,0.7863865170636664
2427,0.8765112467787651,1.0,0.9562015365233165,0.15517162109413454,1.0,0.7863933298177268
2428,0.6864977634783065,0.7963374056348356,0.7697991252030475,0.3327898439995074,1.0,0.7864591779442142
2429,0.815536542385925,0.9460223891676731,0.9078063430136907,0.23206666764141765,1.0,0.7865123852731783
2430,0.45714401958734247,0.5302870627213173,0.43382623899140427,0.49731070283615547,1.0,0.7865581064226119
2431,0.39523743294488756,0.45847542221606963,0.34123176198289185,0.5659095130267089,1.0,0.7865796271000565
2432,0.7325180941924992,0.8497209892632992,0.8246358417903039,0.22179624248577154,1.0,0.7865604764825596
2433,0.5990079392548209,0.6948492095355923,0.6504032397644685,0.2882951901152121,1.0,0.786522543620403
2434,0.6545435271437979,0.7592704914868057,0.7282945145810141,0.4382672022507367,1.0,0.7864806480493914
2435,0.7265892281449488,0.8428435046481406,0.817913914407797,0.2138894652922497,1.0,0.7864685698579423
2436,0.5713889706055327,0.662811205902418,0.6094928288956332,0.35460233196544894,1.0,0.7864508816475052
2437,0.7215340902728391,0.8369795447164935,0.8121012500932052,0.3499789658362991,1.0,0.7864065803477791
2438,0.6255794223988087,0.7256721299826182,0.6884954825737313,0.3389151736423147,1.0,0.7863693163493419
2439,0.537840679340382,0.6238951880348432,0.5584787056108652,0.46261998592692893,1.0,0.7862992055694158
2440,0.6214413055103791,0.7208719143920399,0.6826561046594968,0.36992166998223575,1.0,0.7862145065871378
2441,0.4981006284916331,0.5777967290502944,0.49705599628871366,0.6062039195882676,1.0,0.786112475682168
2442,0.49996955508496255,0.5799646838985566,0.4999528103817831,0.5499497392262497,1.0,0.7859957723705551
2443,0.964091058308328,1.0,1.0,0.04294078677869134,1.0,0.7858186999286612
2444,0.6609135689517635,0.7666597399840457,0.7367789157964141,0.41070911850216263,1.0,0.7857119081769177
2445,0.5665829366109565,0.6572362064687096,0.602260809384506,0.305098494783394,1.0,0.7856138387368404
2446,0.5876452487744102,0.6816684885783159,0.6337170108884012,0.5258206343753599,1.0,0.7855501056306026
2447,0.8089376686092542,0.9383676955867349,0.9019400964518454,0.2326217787898717,1.0,0.7854852040906475
2448,0.6913414692697638,0.8019561043529261,0.7758529753880097,0.2384685035199804,1.0,0.7854090044453589
2449,0.6294088951025717,0.7301143183189832,0.6938667252434841,0.45082967045481803,1.0,0.7853569792814591
2450,0.5285322156398781,0.6130973701422586,0.544150080418231,0.5690654137290065,1.0,0.7853112340456214
2451,0.7386075733641504,0.8567847851024145,0.8314320905195612,0.28151746638123376,1.0,0.7852453827966432
2452,0.45258145505881486,0.5249944878682253,0.4268436293841617,0.6436218273066836,1.0,0.7851507643214453
2453,0.5837821259547105,0.6771872661074643,0.6279959542790827,0.42889349127702603,1.0,0.7850250586643784
2454,0.6436478199817962,0.7466314711788837,0.7135517299656124,0.4626628276511819,1.0,0.7849255516714949
2455,0.7789365861295796,0.9035664399103125,0.8736601046884198,0.26624689508249394,1.0,0.7847954981456889
2456,0.5928552942503066,0.6877121413303557,0.6413949461418769,0.40601764991356504,1.0,0.7846773353097793
2457,0.6325222561476296,0.7337258171312504,0.698209948013795,0.3306739788058725,1.0,0.7845218357895215
2458,0.6750754708769116,0.7830875462172175,0.7552705916234185,0.23875656539416507,1.0,0.7843654847209502
2459,0.7069923942967433,0.8201111773842223,0.7949671650224704,0.2997509254367984,1.0,0.7842350443461408
2460,0.7770826184661692,0.9014158374207564,0.871825110046055,0.2406692551780081,1.0,0.7840863298178442
2461,0.601234950928881,0.697432543077502,0.6536475573451592,0.4375705092038446,1.0,0.784014767445219
2462,0.8417409404049824,0.9764194908697796,0.9298685712877371,0.18525299549052016,1.0,0.7839426112596958
2463,0.9056697000081427,1.0,0.975839467778431,0.08269817053042841,1.0,0.7839190530161402
2464,0.7566795966870674,0.8777483321569983,0.8509542651933644,0.308368119656577,1.0,0.7839195956007239
2465,0.5683812233523187,0.6593222190886897,0.6049702991469664,0.39748480611317627,1.0,0.783892483899202
2466,0.43888677617474303,0.509108660362702,0.4060047340732983,0.4690572337309452,1.0,0.7838479094102039
2467,0.5392443662362152,0.6255234648340097,0.5606343420232576,0.34617805810287694,1.0,0.7837376973195418
2468,0.8510059106204525,0.987166856319725,0.9372067061039838,0.14473047692614108,1.0,0.7835931864811123
2469,0.8016766746118759,0.9299449425497761,0.8953386590481859,0.2193983995566578,1.0,0.7835200036094416
2470,0.8165262651393899,0.9471704675616923,0.908675300339296,0.20041582057090193,1.0,0.7835016672874853
2471,0.7897529212954995,0.9161133887027795,0.8841622088021612,0.22848488356507812,1.0,0.7835033451246651
2472,0.697481524657649,0.809078568602873,0.7834337135241719,0.3247384722434353,1.0,0.7835345599115655
2473,0.41995302554515473,0.48714550963237957,0.377557329153947,0.670014123943416,1.0,0.7835498787977652
2474,0.5858242770350267,0.679556161360631,0.631023166336274,0.45102400189006303,1.0,0.7835252951039313
2475,0.3784191130638852,0.4389661711541069,0.31714634223160026,0.5767424908114412,1.0,0.7835057833255694
2476,0.684935834878784,0.7945255684593895,0.7678332539296985,0.3777901938038598,1.0,0.7834470635870276
2477,0.6012869870978231,0.6974929050334749,0.6537232575483702,0.3957137136065266,1.0,0.783395054199685
2478,0.7495278719325927,0.8694523314418077,0.8433447848821349,0.26704537710966547,1.0,0.783328470694235
2479,0.38361495271757734,0.44499334515238975,0.32452724933892113,0.7449782062319218,1.0,0.7833008475556088
2480,0.5569020533995557,0.6460063819434847,0.5876080179447415,0.31880013823735953,1.0,0.7832392254767557
2481,0.5468700603995617,0.6343692700634916,0.5723179207735061,0.3592017456532847,1.0,0.7831745361516826
2482,0.6288423176299032,0.7294570884506878,0.6930740442121986,0.3570233413555988,1.0,0.7830931924774458
2483,0.487738264334019,0.5657763866274621,0.4810002606238656,0.3831810576033104,1.0,0.7830237717741562
2484,0.6571079606438119,0.7622452343468219,0.7317223196696515,0.24025226089583857,1.0,0.7829623392886722
2485,0.4696054435500771,0.5447423145180895,0.45297890155543774,0.4016438991380528,1.0,0.7829201343165473
2486,0.7998868855003123,0.9278687871803624,0.8936877338094631,0.25584342243547453,1.0,0.7828489121694475
2487,0.5851976080468655,0.6788292253343641,0.630094902149571,0.329561202651981,1.0,0.7828069671712972
2488,0.409309007273887,0.474798448437709,0.3617891439160821,0.6238640574592283,1.0,0.7827529234755151
2489,0.5971448861133268,0.6926880678914592,0.6476823898462822,0.47677157658210517,1.0,0.782649787850876
2490,0.6097549715926035,0.7073157670474202,0.6659756144937254,0.41910435810105545,1.0,0.7825338234330046
2491,0.7169840641198129,0.831701514378983,0.8068057333770673,0.20506484411159687,1.0,0.7824183170115548
2492,0.7824298532275081,0.9076186297439095,0.8770898503425646,0.2794413813013526,1.0,0.7823325222290147
2493,0.796544502120654,0.9239916224599587,0.8905794751680151,0.2079881644244917,1.0,0.7822969282826351
2494,0.5610462468745807,0.6508136463745137,0.5938938351628466,0.4232522793458822,1.0,0.7823213768096694
2495,0.5765422471720998,0.6687890067196358,0.6172132980531816,0.5425435089542735,1.0,0.7823366891101593
2496,0.49738695198921107,0.576968864307485,0.495949833196904,0.3912931609954781,1.0,0.7823464879409461
2497,0.44112114605404157,0.5117005294226883,0.4093912396268139,0.633461272202808,1.0,0.7823278477184135
2498,0.6472973456119527,0.7508649209098652,0.7185216327214455,0.2704483638765241,1.0,0.7822687036625651
2499,0.7864719934389701,0.9123075123892055,0.8810132620131781,0.1924518520300694,1.0,0.7821905591496645
2500,0.7281605237029469,0.8446662074954185,0.8197054431104304,0.28891345725011297,1.0,0.7821260924302277
2501,0.7397378897355339,0.8580959520932194,0.8326815364628546,0.3271926051214883,1.0,0.7820411026409964
2502,0.6697735288333564,0.7769372934466935,0.7484086433159567,0.36581226473040224,1.0,0.7819530324080999
2503,0.7933724334043406,0.9203120227490352,0.8875991780604615,0.24753816466814094,1.0,0.7818761253562652
2504,0.5002492573825238,0.5802891385637277,0.5003863488929045,0.5461230596379939,1.0,0.7818116334994594
2505,0.7384841145701205,0.8566415729013399,0.8312953907363441,0.27482518106861975,1.0,0.7817200684910528
2506,0.6554084203235203,0.7602737675752836,0.7294524138837065,0.35089609119224513,1.0,0.7816802964730937
2507,0.5760868208426105,0.6682607121774283,0.6165324711614677,0.36777535809077716,1.0,0.7816050467792912
2508,0.6498633186159554,0.7538414495945083,0.7219969147973965,0.40379584417155945,1.0,0.7815855529162267
2509,0.44684546959699195,0.5183407447325107,0.4180920426521625,0.5599794816772794,1.0,0.7815482005500236
2510,0.5517685485345607,0.6400515163000905,0.579796220926638,0.44550147046030003,1.0,0.7815276024653748
2511,0.7011386068511889,0.8133207839473792,0.7878987653152099,0.3104503449724735,1.0,0.7814904964464153
2512,0.6422549296282833,0.7450157183688088,0.7116466090740186,0.38708822276210597,1.0,0.7815096821601234
2513,0.6522593183666148,0.7566208093052732,0.7252276128981748,0.4088000356207057,1.0,0.7815245126842751
2514,0.7772979194208773,0.9016655865282178,0.8720387325506047,0.2651001340439783,1.0,0.7815839977331809
2515,0.6724662509990503,0.7800608511588984,0.7519028877206236,0.35088181237688726,1.0,0.7816439192966644
2516,0.7843522205137415,0.9098485757959403,0.8789617980665951,0.22825473517607564,1.0,0.7817071233303465
2517,0.5988425091856183,0.6946573106553173,0.6501618885368459,0.5162920665226535,1.0,0.7817464848036648
2518,0.690993238184055,0.8015521562935038,0.7754198987481379,0.24946765624013867,1.0,0.7818065434562705
2519,0.5388767324867133,0.6250970096845875,0.5600699091938144,0.5700967409541478,1.0,0.7818793303749608
2520,0.6049833326775321,0.7017806659059374,0.6590879403332214,0.31016837982142,1.0,0.7818915113108377
2521,0.731970929453596,0.8490862781661714,0.8240198150884231,0.29414609558836835,1.0,0.781904640564776
2522,0.8117099657047011,0.9415835602174534,0.9044200037612335,0.21680903923502387,1.0,0.7819602514691637
2523,0.7051318002124757,0.8179528882464719,0.7927310625481516,0.36023199399355144,1.0,0.7820516867569183
2524,0.7290226614472065,0.8456662872787597,0.8206853416198199,0.24272504057415942,1.0,0.7821566022297064
2525,0.6039965089819824,0.7006359504190997,0.6576581690531471,0.31547725254745884,1.0,0.782275120256503
2526,0.8186058564380386,0.9495827934681249,0.9104919251156878,0.17527307384505442,1.0,0.7824362834981926
2527,0.6413156420608774,0.7439261447906179,0.7103593399513936,0.45183081200349623,1.0,0.782612553240464
2528,0.4995448677253916,0.5794720465614543,0.49929454527879796,0.42487227046053294,1.0,0.782741199681618
2529,0.5856277016657175,0.6793281339322325,0.6307320516551015,0.49733220812780116,1.0,0.782832335208302
2530,0.8539112458671656,0.9905370452059122,0.9394590692091945,0.17122965716795283,1.0,0.7828793530778557
2531,0.36756962597908893,0.4263807661357432,0.3019179230658936,0.7555693080348632,1.0,0.7829963785120533
2532,0.5221600413906374,0.6057056480131395,0.5343129672094793,0.3350497859647235,1.0,0.783104912977971
2533,0.7002657205361157,0.8123082358218943,0.7868364497835525,0.2512043677333927,1.0,0.7831723269604067
2534,0.8556294884641843,0.9925302066184539,0.9407802726308196,0.10183424046201456,1.0,0.7832559449240002
2535,0.5533358769557161,0.6418696172686307,0.5821841221452606,0.3610208643205703,1.0,0.7833732498217236
2536,0.5864895544636957,0.6803278831778871,0.6320079474409046,0.45680000505201074,1.0,0.7834558499693012
2537,0.609041791794929,0.7064884784821177,0.6649489170500539,0.4319626941501517,1.0,0.7835386902175459
2538,0.6044954379447385,0.7012147080158967,0.6583812734620091,0.34014510863077163,1.0,0.7835987966446172
2539,0.6917588693444491,0.8024402884395611,0.7763716319260457,0.39692670730270296,1.0,0.7836533047616747
2540,0.750972052054485,0.8711275803832027,0.8448936762109216,0.2757082113638348,1.0,0.7837338829094211
2541,0.6316304473500772,0.7326913189260896,0.6969680380853135,0.36734104671650447,1.0,0.7838353592471131
2542,0.6739962783827746,0.7818356829240187,0.7538798642743235,0.40324100693967474,1.0,0.7839578266620688
2543,0.7595890005516795,0.8811232406399484,0.8540062697576847,0.2488192564184709,1.0,0.7841079448647695
2544,0.5981704415839383,0.6938777122373685,0.6491808910379766,0.4069517633912781,1.0,0.784216749150993
2545,0.6952855709786752,0.8065312623352633,0.7807345739293357,0.3158623860327289,1.0,0.7843109955457036
2546,0.544273044325742,0.6313567314178608,0.5683443589855783,0.5533798009173356,1.0,0.7844255810227589
2547,0.6432134939361168,0.7461276529658956,0.7129581703924446,0.35650724405222917,1.0,0.7845289219387019
2548,0.6077102946430928,0.7049439417859877,0.6630294826041325,0.4940510695028243,1.0,0.7845993322757255
2549,0.7354515552206671,0.8531238040559739,0.8279234391707528,0.21725114984744837,1.0,0.7846525766912056
2550,0.7180276480662834,0.8329120717568889,0.8080256128135705,0.2490482516442025,1.0,0.7847233114530425
2551,0.6516772780553042,0.755945642544153,0.7244440909837891,0.25170366728998256,1.0,0.7848260333498611
2552,0.659159815393241,0.7646253858561596,0.7344531817203209,0.2592137428981379,1.0,0.7849100261366195
2553,0.6245396124296382,0.7244659504183804,0.6870315953213004,0.26852499085323606,1.0,0.7850286832446354
2554,0.7025754091362363,0.8149874745980342,0.7896426894924259,0.2314561918250219,1.0,0.7851511169869763
2555,0.6502178332554391,0.7542526865763095,0.7224758111391454,0.3292914104797189,1.0,0.7852804846830945
2556,0.5899493817052429,0.6843412827780818,0.6371180312986631,0.3654525779459915,1.0,0.7853828019728122
2557,0.4191306299825313,0.48619153077973637,0.3763328307713805,0.6056000504098401,1.0,0.78548152667958
2558,0.5604340609283982,0.6501035106769419,0.5929664950870368,0.3371344273001253,1.0,0.7855388791524351
2559,0.6338714768025542,0.735290913090963,0.7000854722348734,0.36051717371957004,1.0,0.7855738755973138
2560,0.7721904527039073,0.8957409251365326,0.8669338831558686,0.2780859409988247,1.0,0.7855946603836974
2561,0.8219737731293386,0.9534895768300329,0.9134075423919206,0.13612638334351118,1.0,0.785613941036652
2562,0.796680063387705,0.924148873529738,0.8907061802264039,0.16711176776326858,1.0,0.7856723762580142
2563,0.7025750380932744,0.8149870441881983,0.7896422398912267,0.3433494557226468,1.0,0.7857209474648725
2564,0.4101393021354053,0.4757615904770702,0.3630127117712668,0.5717041979657971,1.0,0.7857315044963802
2565,0.46778492312262987,0.5426305108222507,0.45017431273310604,0.6297412557646453,1.0,0.7856793675639233
2566,0.6213806096735278,0.7208015072212923,0.6825701876373056,0.4205212056573173,1.0,0.785610687405399
2567,0.4569510981243111,0.5300632738242009,0.4335306324017307,0.5000279931048983,1.0,0.7855769165416601
2568,0.687374948571202,0.7973549403425944,0.7709002431020044,0.27631332023653865,1.0,0.7855293460155732
2569,0.8988157089816886,1.0,0.9714157103328482,0.08001414478018465,1.0,0.7854537490321001
2570,0.2773754587778845,0.32175553218234604,0.18663858082280527,0.7421586839647349,1.0,0.7853979049843176
2571,0.6231672074840688,0.72287396068152,0.6850959518647539,0.3608397565302008,1.0,0.7852466891128238
2572,0.7550087352098657,0.8758101328434443,0.8491901001025813,0.30358845665267714,1.0,0.7850700242889885
2573,0.7646248043292939,0.8869647730219811,0.8592292310266996,0.2715283929385949,1.0,0.7849090143077677
2574,0.5241450716536611,0.608008283118247,0.537379472810813,0.5172130068922837,1.0,0.7848148755461648
2575,0.6177144905198927,0.7165488090030756,0.6773665409681223,0.3846396935931514,1.0,0.7847124586904413
2576,0.6445996855528345,0.7477356352412882,0.7148510170843445,0.2552106673571567,1.0,0.7846561875083315
2577,0.5722699619305801,0.663833155839473,0.6108152605392823,0.3404708512347109,1.0,0.7845943439548064
2578,0.6955551664263016,0.8068439930545099,0.7810666707567497,0.30875436251780175,1.0,0.784529132643357
2579,0.705782928239202,0.8187081967574744,0.7935147236399505,0.23456887861698328,1.0,0.7844561625842599
2580,0.5706523552915025,0.661956732138143,0.6083863256070896,0.3896964033437223,1.0,0.7844433718625294
2581,0.49772857942316,0.5773651521308657,0.4964793359481982,0.3769561103619346,1.0,0.7844334399167916
2582,0.46264293880163876,0.536665809009901,0.44226431809973765,0.49629549510774623,1.0,0.7844149604628501
2583,0.4609751264873259,0.5347311467252981,0.4397026358362981,0.6183770791164702,1.0,0.7843671195043378
2584,0.5730064832749197,0.6646875205989069,0.6119200340378702,0.5058650541602892,1.0,0.7843158964097685
2585,0.5245019651107834,0.6084222795285088,0.5379306171481357,0.5363470906577262,1.0,0.7842510717421098
2586,0.6735060870861214,0.7812670610199008,0.7532471508712346,0.3487057605940858,1.0,0.7841980731883618
2587,0.5776684709737651,0.6700954263295675,0.6188956532998524,0.34948251438021327,1.0,0.7841239160475117
2588,0.6919730261447886,0.8026887103279549,0.7766375535324206,0.30783084702614694,1.0,0.7840506283762141
2589,0.791656125198656,0.9183211052304411,0.8859742545795919,0.2023701684848115,1.0,0.7840304188584519
2590,0.5627566989799256,0.6527977708167139,0.5964825395692622,0.45670098729691727,1.0,0.7840458276492581
2591,0.6515060511226544,0.7557470193022792,0.7242134340831832,0.2629259072811414,1.0,0.78405231448727
2592,0.4399603975870233,0.5103540612009471,0.4076312569766029,0.531024921625258,1.0,0.7840468206778017
2593,0.6493992056555914,0.7533030785604861,0.7213695079929299,0.357921206359166,1.0,0.7839798471806024
2594,0.6344604899193332,0.7359741683064266,0.7009029701555016,0.4135915396471264,1.0,0.7838883967349553
2595,0.29887863799198233,0.34669922007069953,0.21212220109980479,0.8107764928124644,1.0,0.7838129043664257
2596,0.6675812051508023,0.7743941979749308,0.7455497818632215,0.297645439459731,1.0,0.7836896973192995
2597,0.6109560967535101,0.7087090722340719,0.6677025437960189,0.3286567218670184,1.0,0.7836008214491561
2598,0.8093599711710958,0.9388575665584713,0.9023193031355969,0.18607476068310555,1.0,0.7835451821462431
2599,0.7535386784317427,0.8741048669808217,0.8476310723648742,0.30304747156987133,1.0,0.7835203832950179
2600,0.6029261874916704,0.6993943774903377,0.6561053921624735,0.39921246030651153,1.0,0.7834904004126284
2601,0.4997717933054875,0.5797352802343656,0.499646279661883,0.4408133330624497,1.0,0.7834387748361924
2602,0.6740611244484376,0.7819109043601877,0.7539635166858526,0.3162181587341005,1.0,0.7833455041296922
2603,0.7257808332488408,0.8419057665686555,0.8169893966034484,0.2770707933948098,1.0,0.7832558033115975
2604,0.5602504506697639,0.6498905227769262,0.592688278851054,0.4821147679937009,1.0,0.7831566270300179
2605,0.6081331950783125,0.7054345062908426,0.6636394854568486,0.304133636459959,1.0,0.7830712262516771
2606,0.5798555399725803,0.6726324263681933,0.6221574931502128,0.36904868677192426,1.0,0.7829649243311783
2607,0.619851071271163,0.7190272426745492,0.6804025470288044,0.4192416184888384,1.0,0.782848211949831
2608,0.6644454487965514,0.7707567206039998,0.7414390577603811,0.40158427800823837,1.0,0.7827428785050015
2609,0.6853577570742897,0.7950149982061762,0.7683649487569425,0.3358611423513816,1.0,0.7826433298469493
2610,0.6246473575091339,0.7245909347105954,0.687183390231537,0.47275918584860277,1.0,0.7825896998603846
2611,0.6308419735733577,0.731776689345095,0.6958685632093297,0.4170803724973964,1.0,0.7825507969590323
2612,0.4397412250057552,0.5100998210066761,0.4072991068531743,0.48479351602349674,1.0,0.7825004077507305
2613,0.6030605990689619,0.6995502949199959,0.6563005060863831,0.385514829844293,1.0,0.7824150777518457
2614,0.8188748349209103,0.949894808508256,0.910725980071404,0.19024829192683834,1.0,0.7823234518834539
2615,0.5432950026090548,0.6302222030265037,0.5668464144763189,0.5259106705988198,1.0,0.7822420586359039
2616,0.6944544284878674,0.8055671370459263,0.7797094687836914,0.3039927076190253,1.0,0.7821398563610702
2617,0.49533865015893924,0.5745928341843696,0.49277523478717816,0.6357960087366908,1.0,0.7820245385519167
2618,0.833762485944545,0.9671644836956724,0.9233576044887475,0.21186992471034868,1.0,0.7818940495824132
2619,0.7343760505031411,0.8518762185836438,0.8267210429207524,0.2767139759515933,1.0,0.7817931737465915
2620,0.35174582226580103,0.40802515382832927,0.28018060944221257,0.5497299668535831,1.0,0.7817305140630876
2621,0.7432587165509051,0.86218011119905,0.8365491826819311,0.22778268545168304,1.0,0.7816241514182146
2622,0.4435694197313564,0.5145405268883735,0.4131082931132308,0.5719431362653107,1.0,0.7815230114543654
2623,0.7387485114456949,0.8569482732770062,0.8315880891166738,0.3311675564076592,1.0,0.7813586403911563
2624,0.6119745173919209,0.7098904401746283,0.6691645929740366,0.3771823262063837,1.0,0.7812052514678656
2625,0.833214720993284,0.9665290763522095,0.922904019241288,0.20469957677231893,1.0,0.7810353955463436
2626,0.5490001250234435,0.6368401450271945,0.5755725493098187,0.5492092516177897,1.0,0.7809118945806293
2627,0.6909766457485997,0.8015329090683758,0.7753992552451574,0.39919149250081093,1.0,0.7807435696122318
2628,0.787616485497119,0.9136351231766582,0.8821153355860915,0.202327044466725,1.0,0.78058923337355
2629,0.7476016836176135,0.8672179529964318,0.8412692788580697,0.22283446124644365,1.0,0.7804913801132277
2630,0.5171713437640979,0.5999187587663536,0.5265992454210875,0.45824110776118754,1.0,0.7804256177674662
2631,0.7787170219084838,0.9033117454138413,0.8734433212261363,0.1893553227188347,1.0,0.7803012151096993
2632,0.7187519161691909,0.8337522227562615,0.808870377215787,0.21897859049755378,1.0,0.7802545510629324
2633,0.5460296409282697,0.6333943834767929,0.571032680471429,0.5802958839309018,1.0,0.7802446734750288
2634,0.6823474448379933,0.7915230360120723,0.7645608460062994,0.3846062856314477,1.0,0.7802073297204328
2635,0.733214133272485,0.8505283945960826,0.825418204607683,0.25530417598068694,1.0,0.780139915510622
2636,0.6658356341357474,0.7723693355974671,0.7432646015709162,0.3803758807252414,1.0,0.7801069018132425
2637,0.5924715800981485,0.6872670329138524,0.640830999136769,0.31141987869662613,1.0,0.7800891608211256
2638,0.4820808100016025,0.5592137396018589,0.4722438205942378,0.4221155028998027,1.0,0.7800689694206665
2639,0.5967492546090853,0.6922291353465391,0.6471038182733859,0.33094410438802935,1.0,0.7800273491291916
2640,0.827332745943148,0.9597059852940518,0.917979769405428,0.16132559545892905,1.0,0.7799698757158084
2641,0.6067801324615059,0.7038649536553468,0.6616865996914426,0.3877629204547847,1.0,0.7799278714297266
2642,0.8528402834244084,0.989294728772314,0.9386314961394528,0.14542666762153017,1.0,0.7798826542155475
2643,0.4450200752979299,0.5162232873455987,0.4153137564441822,0.473187328880959,1.0,0.7798709854387013
2644,0.5826145904209744,0.6758329248883304,0.6262623622914993,0.3628062837032581,1.0,0.7798030443186147
2645,0.656214624188048,0.7612089640581358,0.7305300739660843,0.2760350437699057,1.0,0.7797343413789214
2646,0.6164247698587733,0.7150527330361771,0.675529387266516,0.276851811988009,1.0,0.7796606667569965
2647,0.5378834772960351,0.6239448336634008,0.5585444516223543,0.45721705220269176,1.0,0.7796021896843255
2648,0.655386641999536,0.7602485047194618,0.7294232802579793,0.3440103231018553,1.0,0.7795265075208393
2649,0.6697761906035854,0.7769403811001592,0.7484121067543393,0.2658451920400212,1.0,0.7794616775647818
2650,0.5145557779814753,0.5968847024585114,0.5225515025790484,0.60301510919624,1.0,0.7793869709417749
2651,0.6405016111276292,0.74298186890805,0.709242070986973,0.3370342961708086,1.0,0.7792778805808429
2652,0.7510511016892031,0.8712192779594757,0.8449782781804108,0.30104580637644024,1.0,0.7791700513106921
2653,0.869458901286451,1.0,0.951123326171482,0.12836032284417093,1.0,0.7790819973501788
2654,0.6550212322648765,0.7598246294272568,0.7289342838628562,0.3516034283110123,1.0,0.7790406704804753
2655,0.821255299047991,0.9526561468956697,0.912788293126245,0.22332181836312998,1.0,0.7789920236650262
2656,0.7423984395893143,0.8611821899236046,0.8356075570551702,0.22639237644671178,1.0,0.7789756229978831
2657,0.4477067000455016,0.5193397720527819,0.4194040229355893,0.7005821145546179,1.0,0.7789871551811735
2658,0.4595178345834621,0.5330406881168162,0.43746600020190207,0.5379569090022127,1.0,0.7790034850915764
2659,0.6007546393129399,0.6968753816030104,0.6529485884183047,0.4221568160305509,1.0,0.7790011601839253
2660,0.7687731727120002,0.8917768803459203,0.8634749534537883,0.289733405224808,1.0,0.7789929439927554
2661,0.6307782240503571,0.7317027398984143,0.6957796087375917,0.2868103952291199,1.0,0.7789843591769221
2662,0.7244333056391852,0.8403426345414549,0.8154440513723981,0.33008738632272533,1.0,0.7789416167067297
2663,0.7473152083698447,0.8668856417090199,0.8409596535234722,0.3257286622721483,1.0,0.7788871520942482
2664,0.4572321762659824,0.5303893244685396,0.4339613284254247,0.5329701167224015,1.0,0.778842374650791
2665,0.559513714671978,0.6490359090194945,0.591571553541436,0.5281736908461879,1.0,0.7788074172479811
2666,0.593377073108694,0.6883174048060852,0.6421614116983605,0.3225047157960078,1.0,0.7787900197497342
2667,0.5835753876662028,0.6769474496927953,0.6276891344230805,0.46572922489717233,1.0,0.778768103539853
2668,0.6139810249235732,0.712217988911345,0.6720391907480714,0.3538125736816381,1.0,0.778769637188386
2669,0.6396984385681016,0.742050188738998,0.7081382000976744,0.3468667093653952,1.0,0.7787579139212064
2670,0.5406193347062567,0.6271184282592578,0.5627444420043082,0.557315207075086,1.0,0.7786999012433677
2671,0.6185225135158018,0.7174861156783302,0.6785158128881938,0.4486757039713825,1.0,0.7786910128435311
2672,0.6769751938044315,0.7852912248131406,0.7577112109491524,0.40652847953159293,1.0,0.7786815550507755
2673,0.6116457617252504,0.7095090836012906,0.6686928510453338,0.39800141855878063,1.0,0.7786583349543497
2674,0.667632640117033,0.7744538625357584,0.7456169975744424,0.42504151731404405,1.0,0.7786082752331478
2675,0.430996448522638,0.49995588028626015,0.3940929901040958,0.7201324193516995,1.0,0.7785855450659054
2676,0.5411750436915622,0.6277630506822123,0.5635968489610175,0.4147085442833366,1.0,0.7785298875561206
2677,0.5723750189629967,0.6639550219970762,0.6109728895094105,0.3885420370568974,1.0,0.7784572833360945
2678,0.8345039558039226,0.9680245887325503,0.9239702401930359,0.20097294135914964,1.0,0.7783868761529349
2679,0.6357966195383009,0.7375240786644292,0.7027545049842174,0.3718543632115204,1.0,0.778343591967358
2680,0.6400807079843521,0.7424936212618486,0.7086637727522631,0.3615979928773931,1.0,0.7782890087717824
2681,0.5349474067216433,0.6205389917971064,0.554031072627004,0.38752687652041096,1.0,0.7782485601755587
2682,0.5090054514000105,0.5904463236240123,0.5139560918053243,0.5709456474122315,1.0,0.7782160244261356
2683,0.8086686110246839,0.9380555887886335,0.9016982252452235,0.193612247736558,1.0,0.7781928100014628
2684,0.6750163606550297,0.7830189783598345,0.7551944976172671,0.3814915923590893,1.0,0.7782328768367468
2685,0.5040456575946118,0.5846929628097498,0.5062705554557173,0.5721843115101829,1.0,0.7782901034449008
2686,0.47584926996265103,0.5519851531566753,0.46261178858109786,0.5802154361855671,1.0,0.7783419311194573
2687,0.36627870969895765,0.42488330325079093,0.30012309776689916,0.6403410812308719,1.0,0.7783566257366947
2688,0.5649943001475226,0.6553933881711264,0.5998638524333937,0.4267025388565465,1.0,0.7783328293583858
2689,0.5377609401098011,0.6238026905273694,0.5583562070540218,0.5364401924035522,1.0,0.7782868907007465
2690,0.4774302838201961,0.5538191292314275,0.4650540178998503,0.36961624569856844,1.0,0.7781966290695204
2691,0.5408572923830252,0.6273944591643092,0.5631094769351904,0.36611991093085167,1.0,0.7780937165325024
2692,0.39066236829904266,0.45316834722688953,0.3346250716725909,0.67966202048134,1.0,0.7779739745950216
2693,0.5851032153792429,0.6787197298399219,0.6299550283898522,0.3263174957031895,1.0,0.7778489512703936
2694,0.6552936277005889,0.7601406081326831,0.7292988385643776,0.4459506980712979,1.0,0.7777161053672546
2695,0.7843085128153852,0.9097978748658468,0.8789193585898292,0.1711862207762002,1.0,0.7775909948060103
2696,0.6644823952409937,0.7707995784795528,0.7414876386775909,0.24618506424188955,1.0,0.7775570149390718
2697,0.7950150688850053,0.9222174799066062,0.8891462090845388,0.22843349724328815,1.0,0.7775234966823575
2698,0.5676693906009174,0.6584964930970643,0.6038982635986414,0.4697322557678615,1.0,0.7775241145883284
2699,0.7014861867185648,0.8137239765935352,0.788321176624024,0.34538459896100426,1.0,0.7774812096526175
2700,0.6595717547964354,0.7651032355638652,0.7350001697197427,0.37293615755239024,1.0,0.7774302224164695
2701,0.6863896171515461,0.7962119558957936,0.7696632249136895,0.3234199615518429,1.0,0.7773909609995209
2702,0.38983340047524245,0.4522067445512813,0.33343224928284787,0.7837418182914982,1.0,0.7773864686333729
2703,0.44285288412382934,0.5137093455836421,0.4120197517407866,0.7008348667044171,1.0,0.7773309500478942
2704,0.5898277741675649,0.6842002180343754,0.6369387468664831,0.3300518989301329,1.0,0.7772261699891374
2705,0.6642437330662223,0.770522730356818,0.7411737599247685,0.38038112243001837,1.0,0.7771298572503729
2706,0.7368042641847504,0.8546929464543106,0.829430896044208,0.19503040433595298,1.0,0.7770465337906092
2707,0.815640747472282,0.9461432670678472,0.9078979664355079,0.2031700806496253,1.0,0.7769939608049965
2708,0.7094478394086714,0.822959493714059,0.7979030521947841,0.3378671554726768,1.0,0.7769782071506686
2709,0.8174641601188937,0.9482584257379167,0.9094961424070921,0.1390683984050199,1.0,0.7769710265362806
2710,0.7358731497940261,0.8536128537610703,0.8283938432762268,0.20538268162191187,1.0,0.7769878404928721
2711,0.6373964447239512,0.7393798758797835,0.7049661366355908,0.2716466737386532,1.0,0.7770241706733774
2712,0.6793985058245595,0.7881022667564891,0.7608105324489937,0.2920533139894442,1.0,0.7770605907532745
2713,0.7649640745210025,0.887358326444363,0.8595783904931649,0.1810391857276554,1.0,0.7771390565413221
2714,0.5845415458553792,0.67806819319224,0.6291224447111061,0.3004494377537509,1.0,0.7772443109813096
2715,0.6662210141344252,0.7728163763959334,0.7437697902106296,0.29434267110647505,1.0,0.7773042277960658
2716,0.6297310853425541,0.7304880589973628,0.6943171787553197,0.3334499639162479,1.0,0.7773844737884537
2717,0.6449696368067989,0.7481647786958868,0.7153554196220645,0.3225205448214409,1.0,0.7774506621993039
2718,0.6098409398861442,0.7074154902679274,0.6660993088496319,0.5055143229286309,1.0,0.7775417985354253
2719,0.5235771787548505,0.6073495273556268,0.5365023638234396,0.4758788773531315,1.0,0.7775898949031724
2720,0.5807186354086729,0.6736336170740606,0.6234428091755397,0.43959133840832115,1.0,0.7775986045829725
2721,0.6550711390441957,0.7598825212912671,0.7290010892784671,0.28274427989060213,1.0,0.7776482680787442
2722,0.5792673166294654,0.6719500872901799,0.6212808877051448,0.33900846715124594,1.0,0.7776805679056915
2723,0.5822547907175756,0.6754155572323878,0.6257277039601172,0.33414668926622676,1.0,0.7777363243592723
2724,0.7274404319177789,0.8438309010246235,0.8188853215116808,0.23774290134090953,1.0,0.7777622392495145
2725,0.5756612007184894,0.6677669928334478,0.6158959387263708,0.4766775484030431,1.0,0.777808160557664
2726,0.5110408481977702,0.5928073839094135,0.5171089699499993,0.5500201669009057,1.0,0.7778063445929195
2727,0.6024882112518117,0.6988863250521017,0.6554693901827012,0.33106683451316526,1.0,0.7777977504372889
2728,0.5120521136157331,0.5939804517942505,0.5186751251417658,0.6244800415408324,1.0,0.7777734861881177
2729,0.7655450968182246,0.8880323123091406,0.8601755513305946,0.22120115295941428,1.0,0.7777003482794831
2730,0.8698939568076597,1.0,0.9514403985553372,0.13358502582611456,1.0,0.7776326343224835
2731,0.742504437546077,0.8613051475534494,0.8357236968724526,0.3282593416157822,1.0,0.7776304418545417
2732,0.6065563534417191,0.7036053699923942,0.6613632844116691,0.316717337415994,1.0,0.7776217968954531
2733,0.7405031990764601,0.8589837109286939,0.8335253577099117,0.2971535654262663,1.0,0.777593216083846
2734,0.5049234915556726,0.5857112502045803,0.5076310265361178,0.45753447216659443,1.0,0.7776004979370539
2735,0.7943796459149378,0.921480389261328,0.8885487128071676,0.2378302503144178,1.0,0.7775756250230748
2736,0.5959583597512182,0.6913116973114133,0.6459464002415487,0.38972783361637686,1.0,0.7775625080887907
2737,0.5978852235478617,0.6935468593155196,0.648764326480648,0.5072116505463319,1.0,0.7775372067531459
2738,0.6542174637262237,0.7588922579224195,0.7278575089967876,0.4064322789728231,1.0,0.7775136389133912
2739,0.40947316730522626,0.47498887407406254,0.3620309696215331,0.706452926426903,1.0,0.7775217627064998
2740,0.8298150711263095,0.9625854825065191,0.9200698932377058,0.2022916067065362,1.0,0.7774959330901003
2741,0.6208328244163597,0.7201660763229774,0.6817944319659981,0.3066078466689589,1.0,0.7774713251807258
2742,0.713176730141197,0.8272850069637886,0.8023285070683069,0.2319428759532458,1.0,0.7774499849931844
2743,0.6641074588322176,0.7703646522453724,0.7409944722429911,0.3997902966646698,1.0,0.7774041455716783
2744,0.5871721226420203,0.6811196622647436,0.6330175986125883,0.34202804424809097,1.0,0.7773991170618535
2745,0.7548747729358832,0.8756547366056247,0.849048296832789,0.2860569015694114,1.0,0.7773950597631234
2746,0.32710222624400237,0.3794385824430428,0.2475389094089308,0.5496216254397502,1.0,0.7774088830101297
2747,0.8493366089158738,0.9852304663424137,0.9359020959670551,0.12904286162067957,1.0,0.7773702135018752
2748,0.5587145470236922,0.648108874547483,0.5903595090142744,0.4673355784268624,1.0,0.7773887656425598
2749,0.49633747068809336,0.5757514659981884,0.4943232382089275,0.416323947524871,1.0,0.7773893602419283
2750,0.6922328855033799,0.8029901471839208,0.7769600540901862,0.3318896927350132,1.0,0.7773587180337309
2751,0.46296590308728097,0.537040447581246,0.44276060893332037,0.6474014313574276,1.0,0.7773609769711334
2752,0.6953733480724036,0.8066330837639882,0.7808427230009537,0.26844774783720987,1.0,0.7773312117129666
2753,0.5470225059454963,0.6345461068967758,0.5725509861906556,0.46033286536169715,1.0,0.7772923174168938
2754,0.902024703395983,1.0,0.9735013055188021,0.10234312554143732,1.0,0.7771965513985417
2755,0.5593849516620457,0.6488865439279731,0.5913763153213771,0.4076096441379514,1.0,0.7771481189855438
2756,0.6400066397779302,0.742407702142399,0.7085619646078687,0.33547446381540613,1.0,0.7770540028824064
2757,0.8793193646232049,1.0,0.9581872764428052,0.14481386363942556,1.0,0.7769442797383971
2758,0.5653244053939507,0.6557763102569829,0.6003621747366537,0.4140597932546388,1.0,0.776915538568332
2759,0.6602866788927283,0.7659325475155649,0.7359484580769874,0.3587070908970624,1.0,0.7769067048161147
2760,0.6931573488553149,0.8040625246721653,0.7781058490348367,0.3723819597682414,1.0,0.7769088518435883
2761,0.7054051996437579,0.8182700315867593,0.7930602576362091,0.3640864329499043,1.0,0.7768973236119436
2762,0.7968335203603997,0.9243268836180637,0.8908495465710413,0.1568960558488526,1.0,0.7768995740828549
2763,0.4555099770135583,0.5283915733357276,0.4313234306681477,0.4568395834880391,1.0,0.7769147890782888
2764,0.5840507913478834,0.6774989179635448,0.6283945821769531,0.4333224328030868,1.0,0.7768770226822155
2765,0.7109240933548425,0.8246719482916174,0.7996598484202726,0.20771283628266235,1.0,0.7768632166287393
2766,0.6412151824532067,0.7438096116457199,0.7102215409949045,0.35510376638485347,1.0,0.7768770786250301
2767,0.5632140705844687,0.6533283218779837,0.5971741743746268,0.5470241636986777,1.0,0.7768991356211141
2768,0.7704450460493708,0.8937162534172702,0.8651715531317632,0.2841530609070767,1.0,0.776916865870241
2769,0.4433178153620657,0.5142486658199963,0.412725999993103,0.5815931086401795,1.0,0.7769622277356969
2770,0.9407745711409735,1.0,0.9967399773103262,0.07195854621047292,1.0,0.7769708802330118
2771,0.7196663147960721,0.8348129251634437,0.8099347292549128,0.24841729281747574,1.0,0.7770513010979656
2772,0.5774228023788146,0.669810450759425,0.6185288271043979,0.44313512474320843,1.0,0.7771475152212013
2773,0.6596533541630375,0.7651978908291236,0.7351084696708491,0.31325822387068974,1.0,0.7772229234902832
2774,0.6575941698866945,0.7628092370685657,0.7323703786257335,0.40794676458680423,1.0,0.7773047108779315
2775,0.5244402871068908,0.6083507330439935,0.537835373159303,0.5777249370261985,1.0,0.7773822377193089
2776,0.7238673405721903,0.8396861150637408,0.8147934195331019,0.25207502476029076,1.0,0.7774742586463901
2777,0.7913928196538733,0.9180156707984931,0.8857241988715099,0.15629405543767563,1.0,0.7775964035590974
2778,0.6826551785732419,0.7918800071449607,0.7649508542366189,0.23602387446279308,1.0,0.7777543073285479
2779,0.536087493308914,0.6218614922383403,0.5557843459550672,0.4124510347135052,1.0,0.7778801412050133
2780,0.47639462681752315,0.5526177671083269,0.463454086473938,0.628931390236274,1.0,0.7779842524224634
2781,0.6235695886607155,0.7233407228464301,0.6856638840938201,0.3889812900742153,1.0,0.77805577680878
2782,0.6361663585201176,0.7379529758833365,0.7032661563074178,0.4666741065338093,1.0,0.7781411074562561
2783,0.7321023776785938,0.8492387581071689,0.8241678868343232,0.24649603665584208,1.0,0.7782467671475897
2784,0.6935717201714461,0.8045431953988775,0.7786186576186651,0.3400594824341423,1.0,0.7783354751261808
2785,0.5160376602921678,0.5986036859389148,0.5248450617282515,0.6192306682400796,1.0,0.7784248618301273
2786,0.6162412775791569,0.7148398819918221,0.6752677366451553,0.4628767916752227,1.0,0.7785137254934409
2787,0.5540087135414947,0.6426501077081339,0.5832084649211409,0.5051980324252618,1.0,0.778625193808226
2788,0.38243937963845964,0.44362968038061323,0.32285246338174567,0.5882262616808548,1.0,0.7787671094742592
2789,0.6859837896715575,0.7957411960190068,0.7691529635624517,0.30551148153443164,1.0,0.7788719077846198
2790,0.5819109595718873,0.6750167131033894,0.6252165924257389,0.3576559836662339,1.0,0.7790002422585908
2791,0.6789338220412513,0.7875632335678516,0.760217437782047,0.330886366684915,1.0,0.7791435332199779
2792,0.6905238901447854,0.8010077125679512,0.774835665196131,0.22168873084837867,1.0,0.7793073792278618
2793,0.6347547222062989,0.7363154777593068,0.7013110465507256,0.4010584344403318,1.0,0.7795202849294414
2794,0.537611369775428,0.6236291889394966,0.558126418805154,0.4276501080139358,1.0,0.7797357407312026
2795,0.544231373338296,0.6313083930724234,0.5682805530739758,0.5857433244654364,1.0,0.7799235500524844
2796,0.6942162285273474,0.8052908250917231,0.7794153255920029,0.31508560079292186,1.0,0.7800625112090218
2797,0.45372681106060386,0.5263231008303005,0.42859480120783233,0.507819595208486,1.0,0.7802026556208547
2798,0.5913310506786443,0.6859440187872275,0.6391533083591472,0.3648651359791279,1.0,0.7802771638139241
2799,0.6898957674192976,0.8002790902063853,0.7740528412862001,0.34570965165871714,1.0,0.7803536958600155
2800,0.520809847829374,0.604139423482074,0.5322261953252942,0.41968007399962887,1.0,0.7804258456692503
2801,0.36920961379614864,0.42828315200353245,0.3042034198098227,0.626072137844789,1.0,0.7804708538409539
2802,0.5877923841470402,0.6818391656105667,0.6339344453289835,0.3021967241894835,1.0,0.7804574193669025
2803,0.8318329297617293,0.9649261985236061,0.9217560356788586,0.121605644031443,1.0,0.7804800205441336
2804,0.5691174096009204,0.6601761951370677,0.6060783321919009,0.5239370362762168,1.0,0.7805719600942626
2805,0.5142782291559654,0.59656274582092,0.5221218602905895,0.5130511521909935,1.0,0.7806574135922657
2806,0.693414601516421,0.8043609377590485,0.778424270299701,0.28705905566453205,1.0,0.7807133096946248
2807,0.6447131973785162,0.7478673089590788,0.7150058169016444,0.37984786380249824,1.0,0.7807597187746329
2808,0.4392632809714544,0.5095454059268871,0.4065749845642882,0.7101369982414146,1.0,0.7807739686232239
2809,0.589313964927832,0.6836041993162851,0.6361809790393352,0.3952931943985118,1.0,0.7807391577558385
2810,0.5443971476944467,0.6315006913255582,0.5685343752796912,0.38323033269972306,1.0,0.7806643241793401
2811,0.6413110807875612,0.7439208537135711,0.7103530838291224,0.3276999566892444,1.0,0.7805572699297589
2812,0.5155085859477987,0.5979899596994466,0.5240262704500186,0.4068529724115176,1.0,0.7804541319421565
2813,0.7472359383132722,0.8667936884433959,0.8408739345480192,0.25813097897470016,1.0,0.7803245879086043
2814,0.4985870490301221,0.5783609768749417,0.49780993510566546,0.5605332826510898,1.0,0.7801957391315414
2815,0.5953784553595294,0.6906390082170542,0.6450970663043878,0.3313894702951743,1.0,0.7800552840083618
2816,0.5936243846307484,0.6886042861716682,0.6425245392699116,0.42648634104354627,1.0,0.7799062908782981
2817,0.42276430420274735,0.490406592875187,0.3817506135662995,0.7184155641647353,1.0,0.7797552683360081
2818,0.45107031068216125,0.5232415603913071,0.4245350062722652,0.3869382668852204,1.0,0.7795687795101182
2819,0.6303390057365879,0.731193246654442,0.6951664914225476,0.2709040007188501,1.0,0.7793593066357483
2820,0.6697894942916567,0.7769558133783219,0.7484294169513397,0.2997752068796278,1.0,0.7791753350764661
2821,0.6890762448017643,0.7993284439700468,0.7730298425612766,0.3583235685940054,1.0,0.7790129154185612
2822,0.48662683883553953,0.5644871330492259,0.4792793198620727,0.522348461915344,1.0,0.7788614892694301
2823,0.6606123156494741,0.76631028615339,0.7363799614967108,0.4289051756804315,1.0,0.7786979306187698
2824,0.6284835575650278,0.7290409267754324,0.6925717522018884,0.462276225861416,1.0,0.7785533830821171
2825,0.4499730394897873,0.5219687258081533,0.4228599966637101,0.5287088369408558,1.0,0.7783953597341805
2826,0.7990258699212178,0.9268700091086128,0.8928901708978276,0.1576674537429829,1.0,0.7782194532176608
2827,0.5209212993870651,0.6042687072889956,0.5323984760243716,0.41440939183384207,1.0,0.778100661200547
2828,0.5823023882629836,0.6754707703850611,0.6257984445929953,0.4666595930412422,1.0,0.7779707508998108
2829,0.7027169040995205,0.8151516087554439,0.7898141137488317,0.3346138540982394,1.0,0.7778573829575334
2830,0.48798283840333045,0.5660600925478634,0.48137900147737733,0.4645360739359907,1.0,0.7777361069788349
2831,0.4820661050843264,0.5591966818978187,0.4722210736903462,0.45836569079954215,1.0,0.7775497252781844
2832,0.8221378158041726,0.9536798663328403,0.9135487221660745,0.1609276309042124,1.0,0.7773220561287105
2833,0.7263298312517562,0.8425426042520373,0.8176174646046712,0.34984416062020846,1.0,0.777140021716946
2834,0.27244453704186766,0.3160356629685665,0.1809835661390779,0.6326831875754908,1.0,0.776960897131326
2835,0.8271556821579645,0.959500591303239,0.9178300109302218,0.12105768490579162,1.0,0.7767453000714621
2836,0.4765538611046752,0.5528024788814233,0.463700047821434,0.3854989724381677,1.0,0.776542070609918
2837,0.3820916240754276,0.4432262839274961,0.32235756936615134,0.5105583046103748,1.0,0.7763234452224637
2838,0.41360338017467374,0.4797799210026216,0.3681295778551351,0.4772077740999928,1.0,0.7760725357487279
2839,0.6820402889482078,0.7911667351799211,0.7641713146823153,0.2273567256061263,1.0,0.7757858430241651
2840,0.7824833761491088,0.9076807163329663,0.8771421179646974,0.21480385550395448,1.0,0.7755568131632347
2841,0.7172102123795057,0.8319638463602267,0.8070703533076734,0.34669685637835373,1.0,0.7753261344930364
2842,0.6723804643955218,0.7799613386988054,0.7517918587899459,0.29643746478305416,1.0,0.7751197241127774
2843,0.5556734506251165,0.6445812027251353,0.5857409022616099,0.5381524286817286,1.0,0.774912162716092
2844,0.42010933687222807,0.4873268307717846,0.3777901802664206,0.687215119487508,1.0,0.7746913100398299
2845,0.7134823799792899,0.8276395607759763,0.8026894798776538,0.34742502812571374,1.0,0.7744470116424171
2846,0.39878567987354907,0.462591388653317,0.34638245689854075,0.5231185147450313,1.0,0.7742025915661945
2847,0.6767673322092085,0.7850501053626819,0.7574446338149028,0.2757031449216326,1.0,0.7739784071139117
2848,0.7000554017094306,0.8120642659829396,0.7865801675291166,0.38811531201005256,1.0,0.7737298857253905
2849,0.4692061424393931,0.5442791252296961,0.45236359149410366,0.5538311496263723,1.0,0.7735142613323682
2850,0.6960481003101165,0.8074157963597353,0.7816733587788529,0.3150258789367083,1.0,0.7733002220320517
2851,0.5886691301731537,0.6828561910008584,0.6352293693112678,0.4893875893856215,1.0,0.7730932906494101
2852,0.6148490503003665,0.7132248983484253,0.6732802865825216,0.4717018645397815,1.0,0.7729151937891232
2853,0.7300517408949339,0.8468600194381234,0.8218521273347799,0.33326854050708266,1.0,0.7727279454610458
2854,0.5610241133070325,0.6507879714361577,0.593860314669577,0.36065869641751874,1.0,0.7725792598451018
2855,0.47318775269173774,0.5488977931224158,0.45850314795144176,0.4230705260901605,1.0,0.7723736546914199
2856,0.5594840679018013,0.6490015187660896,0.591526602969096,0.3205981458145012,1.0,0.7721587021965339
2857,0.30631149046607276,0.35532132894064444,0.2212368949482984,0.4859056015651577,1.0,0.7719357042135568
2858,0.7325509673609496,0.8497591221387016,0.824672824046995,0.22989831309845465,1.0,0.7716162547527207
2859,0.495788372800002,0.5751145124480024,0.4934722190642549,0.3564797035374387,1.0,0.7713364895568637
2860,0.7073297907872182,0.8205025573131732,0.7953715986671042,0.20961109494778565,1.0,0.7710355076217859
2861,0.7599142560498033,0.881500537017772,0.8543458984971879,0.27547628612238306,1.0,0.7707461061843079
2862,0.3575005111669298,0.41470059295363865,0.2880185668848576,0.5230752785396257,1.0,0.7704751984201077
2863,0.5219422130537424,0.6054529671423413,0.5339763573154473,0.5702582245456534,1.0,0.7701333379471784
2864,0.830872209206346,0.9638117626793614,0.9209546885078359,0.15954571956829433,1.0,0.7698136910909242
2865,0.6620087872264325,0.7679301931826619,0.7382273947652894,0.35493317247027123,1.0,0.7695480614955723
2866,0.3813447569969977,0.4423599181165174,0.3212955301213075,0.456948498915313,1.0,0.7692815960329777
2867,0.7023153451360366,0.8146858003578025,0.7893274684643821,0.2615335964055362,1.0,0.768976347857679
2868,0.7479029826704849,0.8675674598977626,0.8415946626214912,0.23980223510417636,1.0,0.7687052953570583
2869,0.5631569541442986,0.6532620668073864,0.59708781671943,0.4576463818978251,1.0,0.7684383168600482
2870,0.8161857767173806,0.9467755009921616,0.9083766775964395,0.22881293466998454,1.0,0.7682009187629291
2871,0.6861939264184761,0.7959849546454324,0.7694172321495523,0.29367823093949685,1.0,0.7679482166257274
2872,0.4234210082834772,0.4911683696088336,0.3827317844686472,0.5223594603471217,1.0,0.7676970705227337
2873,0.526122669886679,0.6103022970685477,0.5404326733927516,0.41774090953834286,1.0,0.7674257384798927
2874,0.5932766349043863,0.6882008964890882,0.6420139088421953,0.30044948352968964,1.0,0.7671385108751672
2875,0.526253621031928,0.6104542003970365,0.5406347801236959,0.5426485768583191,1.0,0.7668483229422867
2876,0.5698757925398746,0.6610559193462546,0.6072190439072425,0.34308075034408303,1.0,0.7665671670474989
2877,0.5965650428246049,0.6920154496765417,0.6468343341978843,0.30324745122937063,1.0,0.7662667273509092
2878,0.8365996992188428,0.9704556510938578,0.9256934548875554,0.18927933862408583,1.0,0.7659402318453878
2879,0.6788779249673793,0.7874983929621601,0.7601460550869525,0.39552370075231347,1.0,0.7656512412187482
2880,0.789137625373507,0.9153996454332681,0.8835740922315007,0.2606269895218257,1.0,0.7653966225886064
2881,0.8356044616080457,0.9693011754653331,0.9248766683439005,0.20202657408401808,1.0,0.7652059362571089
2882,0.5832084362325491,0.6765217860297571,0.6271443817908351,0.31996328480893055,1.0,0.7650591367926869
2883,0.4928777013926115,0.5717381336154294,0.48896160368857305,0.35511212315956414,1.0,0.7649072088861857
2884,0.6090127891224059,0.7064548353819908,0.6649071439927389,0.3888728586773255,1.0,0.7647167783751481
2885,0.5874037226818515,0.6813883183109478,0.6333600124826234,0.5345543227408558,1.0,0.7645168401718528
2886,0.799263605066524,0.927145781877168,0.8931106037948836,0.21215030877003632,1.0,0.7643357460058866
2887,0.5169122848217712,0.5996182503932547,0.5261984320497151,0.3725428616783006,1.0,0.764193028683847
2888,0.5172673353852317,0.6000301090468689,0.5267477570472299,0.5204747028129684,1.0,0.764047915524299
2889,0.6652965642992175,0.7717440145870923,0.7425573023900975,0.3234962239960605,1.0,0.763931424791572
2890,0.328421532412196,0.3809689775981474,0.24924705699390615,0.515491020694044,1.0,0.7638147050802597
2891,0.7237362732629149,0.8395340769849814,0.8146426114966321,0.25332830602025913,1.0,0.7636558588633979
2892,0.38139029548739994,0.442412742765384,0.32136025285342307,0.8038529942398319,1.0,0.763509842474262
2893,0.5328879601376061,0.6181500337596232,0.5508617793900736,0.5538271376712279,1.0,0.7633125625297619
2894,0.5934863921591691,0.6884442149046363,0.6423219376008535,0.41994875528954395,1.0,0.7631028649664242
2895,0.7261476984604267,0.8423313302140951,0.8174091977584798,0.345326676677249,1.0,0.762909515834016
2896,0.8315906584956123,0.9646451638549104,0.9215542012982565,0.18141981597305382,1.0,0.7627547121141018
2897,0.7255940983123753,0.8416891540423554,0.8167755659127709,0.3415801053701642,1.0,0.7626292799031795
2898,0.7706753591940395,0.893983416665086,0.865404619447064,0.18285791233864587,1.0,0.7625565467702902
2899,0.37714482420256285,0.43748799607497296,0.31534469346929217,0.5233138988660055,1.0,0.7625182776069201
2900,0.6851902961402574,0.7948207435226987,0.7681539771146051,0.277860181219797,1.0,0.7624248613486724
2901,0.514818101683127,0.5971889979524274,0.5229575566286887,0.5288596848850423,1.0,0.7623638360588678
2902,0.5907966834868695,0.6853241528447688,0.6383665267419991,0.4863804035760757,1.0,0.7623308510555771
2903,0.5877291908131013,0.6817658613431975,0.6338410634008305,0.37234705149835257,1.0,0.7622993963762664
2904,0.8243376011273946,0.9562316173077778,0.9154344656428557,0.16560904602615545,1.0,0.7622249466643242
2905,0.63953747613396,0.7418634723153936,0.7079167959099975,0.2661814187337384,1.0,0.7621986700782151
2906,0.7226876612736421,0.838317687077425,0.8134342571190615,0.24020267367084625,1.0,0.7621957284541452
2907,0.5607730819549881,0.6504967750677862,0.5934800974423603,0.5381683413335592,1.0,0.7621981442295538
2908,0.8886057816739307,1.0,0.9646088093347085,0.11666063341371216,1.0,0.7621853783109238
2909,0.6015781448685553,0.6978306480475243,0.654146732435796,0.3899892458546407,1.0,0.7622538770199792
2910,0.7530331244091352,0.8735184243145969,0.8470934331989022,0.2633447879236766,1.0,0.7623225283201522
2911,0.5721093031652402,0.6636467916716787,0.6105741773734588,0.334943559761089,1.0,0.7624266745571286
2912,0.605856567105087,0.702793617841901,0.6603516282238573,0.3992191184392087,1.0,0.7625152400870239
2913,0.7120067347844096,0.8259278123499152,0.8009442556716324,0.3632086612202094,1.0,0.7626174112876305
2914,0.5453661358375844,0.632624717571598,0.5700175548245059,0.5539737606130043,1.0,0.7627101760955839
2915,0.8620823747221621,1.0,0.9456704404807654,0.1665416619412396,1.0,0.7628085781949239
2916,0.6875897923854984,0.7976041591671783,0.7711696122459394,0.3044008889498085,1.0,0.7629520349367689
2917,0.5460176931074276,0.6333805240046162,0.571014404368937,0.4662292378203695,1.0,0.7631081017497545
2918,0.7838467808290656,0.9092622657617162,0.8784706779301946,0.20652742521402365,1.0,0.7632816721683533
2919,0.6781980747638421,0.786709766726057,0.7592771907464682,0.2867546059619948,1.0,0.7635099352390207
2920,0.5561301637567166,0.6451109899577914,0.5864351592733548,0.3570980822158118,1.0,0.763739965049993
2921,0.7102621852784087,0.8239041349229541,0.7988729264191938,0.22625436504357946,1.0,0.7639426352871397
2922,0.6870509499751797,0.7969791019712086,0.770493777585108,0.33972372305618265,1.0,0.7641430388864577
2923,0.6325988010815506,0.7338146092545988,0.6983164601969125,0.2902111258662603,1.0,0.7643735067178015
2924,0.622306890834187,0.721875993367657,0.6838805328658248,0.31836523786563625,1.0,0.7645920180815827
2925,0.6224139386756907,0.7220001688638014,0.6840318502200046,0.48210765273331646,1.0,0.764802862304439
2926,0.6133561377649739,0.7114931198073698,0.6711448056387257,0.3721068874529338,1.0,0.765038420562463
2927,0.528018625313298,0.6125016053634258,0.5433579801398584,0.3758571053994378,1.0,0.7652334915209582
2928,0.6917691893164664,0.8024522596071011,0.7763844492971121,0.22617213102629088,1.0,0.7654239878693652
2929,0.6948375257128905,0.806011529826953,0.780182208117596,0.37396232251941186,1.0,0.7656284733515096
2930,0.6792897697768785,0.7879761329411792,0.7606718001414425,0.3469194675038136,1.0,0.7658254059810801
2931,0.523599935035463,0.6073759246411371,0.5365375136785958,0.3422064956954815,1.0,0.7660508658794107
2932,0.8140651355747955,0.944315557266763,0.9065092387695477,0.21164518733773066,1.0,0.7662770380701827
2933,0.8384308756496642,0.9725798157536106,0.9271890166738732,0.12631180031063738,1.0,0.76649497201279
2934,0.6939150586011837,0.8049414679773732,0.779043197364121,0.22435906481989124,1.0,0.7667265461251109
2935,0.7676907632933868,0.8905212854203288,0.8623720908426089,0.20648809035763335,1.0,0.7670270377079429
2936,0.7918534776784995,0.9185500341070595,0.8861615417389359,0.2445854787503561,1.0,0.7673078108578943
2937,0.6662347200788329,0.7728322752914463,0.7437877500773582,0.2632113310786938,1.0,0.7676369147443303
2938,0.6674070487872955,0.7741921765932629,0.7453221418128508,0.33605330877065304,1.0,0.768007291271454
2939,0.4378513876382338,0.5079076096603512,0.4044373865858737,0.600907238800211,1.0,0.768412241163114
2940,0.580005851681882,0.6728067879509833,0.6223814152768782,0.4924530996449909,1.0,0.7687610885557887
2941,0.6820464630161005,0.7911738970986767,0.76417914707117,0.33103604980653345,1.0,0.7690630245722789
2942,0.7769751186999984,0.9012911376919982,0.8717183966925524,0.2893765978815427,1.0,0.769349573033389
2943,0.3109874770028002,0.3607454733232483,0.22704977794689618,0.7605872396127137,1.0,0.7696463520784407
2944,0.20343702745170344,0.23598695184397603,0.10940325789202848,0.6107168164746964,1.0,0.7698901842768888
2945,0.5909891765126006,0.6855474447546168,0.6386500002402296,0.30383149549713745,1.0,0.7700877004936877
2946,0.46454507301411535,0.5388722846963738,0.44518833201988045,0.5323833401544026,1.0,0.7702572424473586
2947,0.7230817709925852,0.838774854351399,0.8138887806965432,0.20120105525648022,1.0,0.7704335348331848
2948,0.5747057193358379,0.6666586344295721,0.6144660564333335,0.508854618684486,1.0,0.7706128750464172
2949,0.46419408739142126,0.5384651413740488,0.44464859821827907,0.6061733339086992,1.0,0.7707642721104253
2950,0.4799694516505038,0.5567645639145845,0.4689785759425349,0.5272654963565941,1.0,0.7709102250926045
2951,0.4521703707853986,0.5245176301110624,0.42621539638625056,0.5203917943916082,1.0,0.7710129053285597
2952,0.7711968667142374,0.8945883653885155,0.8659317766944904,0.19480790494112876,1.0,0.7710879353807463
2953,0.7309259791466254,0.8478741358100855,0.822840906733804,0.280851641012805,1.0,0.7711888571383219
2954,0.7983215650482814,0.9260530154560066,0.8922361498882038,0.14659141380080742,1.0,0.7712869086060555
2955,0.2196874523334782,0.2548374447068347,0.12498462450744113,0.5543337020986246,1.0,0.7714247320710705
2956,0.5396923224389619,0.6260430940291959,0.561321957728401,0.3990526668183902,1.0,0.7715127907780706
2957,0.8662763355979062,1.0,0.9487885397476037,0.12298938838522942,1.0,0.7715946452096774
2958,0.5611093404331354,0.6508868349024372,0.5939893850078247,0.3751587476404483,1.0,0.7717748376804597
2959,0.7477331305638514,0.8673704314540677,0.8414112663725725,0.19801281207008384,1.0,0.7719187648842716
2960,0.5847059323343514,0.6782588815078477,0.6293661714644243,0.29993644588216334,1.0,0.7721037243283665
2961,0.5633206203687774,0.6534519196277818,0.5973352628334967,0.5640611200834613,1.0,0.7722610626946171
2962,0.5842139269442596,0.6776881552553412,0.6286365778757886,0.29148866670791085,1.0,0.7723782940554575
2963,0.6879920197529465,0.7980707429134181,0.7716735808780931,0.31347427883382145,1.0,0.7725328168903128
2964,0.6679869103672835,0.774864816026049,0.7460797752879045,0.352033730399373,1.0,0.7727125930053282
2965,0.7235494458930218,0.8393173572359054,0.8144275583748981,0.2018034007367315,1.0,0.7728576564831021
2966,0.4309836479983154,0.49994103167804593,0.39407372832594356,0.5609925977749168,1.0,0.7730094453751027
2967,0.7813907623509843,0.9064132843271419,0.8760734435917914,0.22561552180045946,1.0,0.7731656156007236
2968,0.6424754806628283,0.745271557568881,0.7119485699148571,0.4117233266396032,1.0,0.7733313342946746
2969,0.5847491131003127,0.6783089711963629,0.6294301862728078,0.32908310587901013,1.0,0.7734731044774457
2970,0.6273090503798893,0.7276784984406717,0.6909253954549914,0.46504849595611314,1.0,0.7736145081433456
2971,0.8207048038086192,0.9520175724179984,0.9123128207115598,0.16160428227002452,1.0,0.773717671888528
2972,0.9693234685460922,1.0,1.0,0.02725769618799838,1.0,0.773841952679285
2973,0.6600506842719037,0.7656587937554085,0.7356355728766185,0.3217414325949604,1.0,0.7740607674891666
2974,0.4689755894186125,0.5440116837255906,0.4520083596683541,0.6874722277846389,1.0,0.7742971248973411
2975,0.300682437670393,0.3487916276976559,0.21431990549682545,0.6674422081967116,1.0,0.774504017395083
2976,0.7911520332552928,0.9177363585761398,0.8854953497629487,0.16831988164113515,1.0,0.7746641003048874
2977,0.5528851954800016,0.6413468267568019,0.5814977378556913,0.34641038633788074,1.0,0.7748592104507266
2978,0.8030257514232195,0.9315098716509348,0.8965768557509416,0.24596444669695752,1.0,0.7750406049196684
2979,0.6652968830927934,0.7717443843876405,0.742557720891318,0.4185556442531753,1.0,0.7752105142439388
2980,0.6282804922491164,0.7288053710089751,0.6922873208542788,0.44079957785744206,1.0,0.7753728817009438
2981,0.35726483596774056,0.41442720972257907,0.2876960382829712,0.49453079002007505,1.0,0.7755014238502761
2982,0.6415338468715909,0.7441792623710455,0.7106585673486113,0.33202656420797105,1.0,0.7755400086025133
2983,0.7145101383395508,0.8288317604738791,0.803901288349772,0.28054918936301787,1.0,0.7755879343860983
2984,0.6570473628802718,0.7621749409411154,0.7316415087671206,0.4203813631131392,1.0,0.7756743162348263
2985,0.5514901151609983,0.6397285335867582,0.5793717600576532,0.3653824276762082,1.0,0.7757667528513688
2986,0.6894445196068997,0.7997556427440037,0.7734897836976224,0.3484894908956121,1.0,0.7758499519200612
2987,0.6043810147281572,0.7010819770846625,0.6582154790098169,0.3734744054710789,1.0,0.7759108875813102
2988,0.5076590160489854,0.5888844586168231,0.5118700242824699,0.44822438384651003,1.0,0.7759857395441049
2989,0.4691639251777859,0.5442301532062317,0.45229854155896676,0.5630671491549019,1.0,0.7760566164505351
2990,0.9234860029881485,1.0,0.9868063635627309,0.08463413726295074,1.0,0.7760900631747307
2991,0.6958380504092019,0.8071721384746743,0.7814149187280757,0.28266117185569944,1.0,0.776229618101904
2992,0.6331507662788427,0.7344548888834577,0.6990841327714129,0.34181528833472824,1.0,0.7763599647011485
2993,0.8239272590908336,0.9557556205453671,0.915083755855687,0.17117385644342856,1.0,0.7765317177871582
2994,0.6386417309275829,0.7408244078759962,0.7066836060168132,0.41788245943373825,1.0,0.776750705354399
2995,0.5375581168770076,0.6235674155773289,0.5580446012940329,0.38489530669106226,1.0,0.7769712512556011
2996,0.7499524297162647,0.8699448184708672,0.8438007696974918,0.20840434219454204,1.0,0.777151234655082
2997,0.5329648317248155,0.618239204800786,0.5509801266253647,0.420431770419424,1.0,0.7773111236713981
2998,0.6475151956296948,0.7511176269304461,0.7188172970558424,0.4553344486632663,1.0,0.7774315427492391
2999,0.8620471909862185,0.9999747415440136,0.9456440825275312,0.11546845775017431,1.0,0.7775261804253032
