step,coherence,ethical,symbolic,entropy
0,0.6433892401721948,0.6755587021808044,0.671934195551424,0.34384305552601346
1,0.9162046881227923,0.9620149225289317,0.8890450297329135,0.06886488902635628
2,0.6533673888288708,0.6860357582703143,0.6828362643881164,0.34471071795294755
3,0.5979767640166676,0.6278756022175008,0.6200790629418321,0.32926724153623116
4,0.5283149630956314,0.5547307112504128,0.5353347045242559,0.4494000231715435
5,0.5721329686204504,0.6007396170514728,0.5892013642932151,0.39945800344609417
6,0.6568820412244318,0.6897261432856533,0.6866298350763453,0.24926628097901002
7,0.8274807280742864,0.8688547644780006,0.8371813406534301,0.16600227113178265
8,0.7667715151966014,0.8051100909564313,0.7914780072013106,0.2795402376537063
9,0.706068021235365,0.7413714222971332,0.736981827196677,0.22939047185888267
10,0.6096124893442917,0.6400931138115061,0.6336859471215598,0.29239114709502556
11,0.4273905393346871,0.4487600663014214,0.4102221004061378,0.4381882981066231
12,0.8291261630290443,0.8705824711804964,0.8382996679060556,0.17040237186932505
13,0.6236634347675233,0.6548466065058993,0.6498357193503328,0.29987396163326124
14,0.5891360802730904,0.6185928842867449,0.6096117212024331,0.4577065558111691
15,0.588592999372464,0.6180226493410871,0.6089653029241867,0.40532032936938733
16,0.5574162268030666,0.5852870381432198,0.5712813965189579,0.5289950150448209
17,0.5736554564596106,0.602338229282591,0.5910426436072043,0.3552640413486471
18,0.8135982778197511,0.8542781917107386,0.8274970763484298,0.15049154549640936
19,0.5506895706904732,0.5782240492249967,0.5630249524050116,0.5328609344701293
20,0.8363276739004133,0.8781440575954338,0.8431213563792408,0.13826882347975297
21,0.791849883487876,0.8314423776622697,0.811417848296046,0.23651051606623283
22,0.661785395612288,0.6948746653929023,0.6918808027088772,0.42592929342199237
23,0.5350473932922102,0.5617997629568205,0.5436974769805961,0.36343805548508296
24,0.5541562201145622,0.5818640311202903,0.5672846539587099,0.4896862207297607
25,0.591086590382135,0.6206409199012416,0.6119301877800349,0.3750404782249629
26,0.589563904395168,0.6190420996149263,0.6101206808684696,0.4698556467193662
27,0.5757577184467274,0.6045456043690637,0.5935808929169728,0.3386816866354766
28,0.6897853863748965,0.7242746556936412,0.7208993241592361,0.3797649941376698
29,0.859606666899023,0.902587000243974,0.8579093655392406,0.12429667113709372
30,0.7954848128562674,0.8352590534990806,0.8141831855178098,0.19781414454496452
31,0.7057525246635531,0.7410401508967306,0.7366759342388598,0.2628544228081761
32,0.487162027012037,0.5115201283626387,0.48395804157874683,0.463715901134566
33,0.8052633589932237,0.8455265269428847,0.8214667780752196,0.20485887195777455
34,0.45829951444324896,0.48121449016541135,0.4480624148864393,0.5343952232660685
35,0.45596554125644834,0.4787638183192707,0.4451782088779885,0.6127192842268551
36,0.7583507941679384,0.7962683338763351,0.7844439189773291,0.18768677049097665
37,0.6520317136792488,0.6846332993632112,0.6813881597140166,0.24677126580151898
38,0.545077036819727,0.5723308886607132,0.5561089759799177,0.5503318499604931
39,0.5443043616117565,0.5715195796923442,0.5551550891291248,0.5739931963560577
40,0.6062379390780179,0.6365498360319187,0.6297605467588971,0.4825826455130486
41,0.6081373753939606,0.6385442441636585,0.6319721883536489,0.4506408313525337
42,0.4362739352711835,0.4580876320347426,0.42100958469374594,0.5245781166542852
43,0.8228121755176476,0.8639527842935298,0.8339744227738126,0.1361580039536728
44,0.6735108699320905,0.7071864134286949,0.7042365543410537,0.35145132927328204
45,0.6196387609286147,0.6506206989750454,0.6452429685628955,0.42301953732030523
46,0.7929046614492022,0.8325498945216622,0.8122235281356676,0.16313732992793553
47,0.6331486078187119,0.6648060382096473,0.6605493000891561,0.27646140154037696
48,0.40665914525432445,0.4269921025170406,0.38539659385755015,0.5899423878080448
49,0.666498481088038,0.6998234051424398,0.6968816777868528,0.3769835978118113
50,0.709008786639805,0.7444592259717951,0.7398220632572065,0.3115429283024685
51,0.5759673145245873,0.6047656802508166,0.5938336856333525,0.454127170487508
52,0.7332836825965712,0.7699478667263996,0.7624970170065029,0.23091286166233732
53,0.8391223849311598,0.8810785041777176,0.8449607576965088,0.1847052260001149
54,0.7138449237515765,0.7495371699391552,0.7444494317916495,0.27272386388002967
55,0.5612377742053084,0.5892996629155737,0.5759547362449332,0.32485821831233597
56,0.5492198611635759,0.5766808542217546,0.5612161754096947,0.5351857501117372
57,0.7965244651280274,0.8363506883844287,0.8149683408069195,0.19872877731822294
58,0.3720928597779159,0.39069750276681164,0.34535150233199907,0.7911103367000915
59,0.705672346180875,0.7409559634899187,0.736598159945325,0.3059344999440078
60,0.5162916162362364,0.5421061970480482,0.5203532671684341,0.4787226383576315
61,0.5954707076929128,0.6252442430775583,0.6171227569840929,0.38088910506453766
62,0.5138885794322399,0.5395830084038518,0.5173537510781564,0.5382099201821492
63,0.4536495374394667,0.47633201431143996,0.44231985356153186,0.6987083769961361
64,0.8038827860799084,0.8440769253839037,0.820452162652298,0.19930182630332108
65,0.6100161800566547,0.6405169890594873,0.634154360291172,0.49455465097933327
66,0.7908761970358356,0.8304200068876272,0.8106717563423409,0.24276336531678286
67,0.6417329748808086,0.6738196236248489,0.6701060787688768,0.2972364775187316
68,0.5696757672320196,0.5981595555936206,0.5862243957840804,0.3625970187344389
69,0.8267590813986255,0.8680970354685567,0.8366889083221473,0.1526494272485853
70,0.8133995130327834,0.8540694886844223,0.827355166113502,0.15341211609592745
71,0.46994940953997744,0.49344688001697623,0.46250727156141586,0.4677331995360577
72,0.4322104762192182,0.45382100003017906,0.4160651356428278,0.6849237230011525
73,0.4965678988908078,0.5213962938353481,0.4957099788911659,0.3642005853294035
74,0.40567100049947374,0.42595455052444736,0.3842269687358847,0.5036880776377624
75,0.6227384872134616,0.6538754115741345,0.6487826358477136,0.36314098279969037
76,0.5490981127732454,0.5765530184119075,0.5610662655518865,0.5443306298882492
77,0.7386726592865953,0.7756062922509249,0.7673420473944933,0.2562255183314475
78,0.6354900728024956,0.6672645764426203,0.6631694077134952,0.45415346803872575
79,0.2896365090964485,0.30411833455127085,0.25887625241627144,0.563387034584575
80,0.580557146297518,0.6095850036123938,0.599356777652381,0.47504216226582846
81,0.5381050196808198,0.5650102706648606,0.5474877118447382,0.4318657322950441
82,0.8485082083628486,0.8909336187809909,0.8510095374657951,0.12658851676525598
83,0.6914400718436646,0.7260120754358478,0.7225609204012562,0.28858380201216555
84,0.7189544689363456,0.7549021923831628,0.7492793195449547,0.23332695053548233
85,0.3538229028546994,0.3715140479974343,0.3250004437554806,0.6291238096120199
86,0.7343623520793643,0.7710804696833323,0.7634723437900566,0.2071229773852972
87,0.5638272195525031,0.5920185805301282,0.5791136981375394,0.4405895083923226
88,0.5337216891558065,0.5604077736135967,0.5420525333336677,0.4945858598212105
89,0.4579703245967123,0.4808688408265478,0.44765540243331564,0.577595657167312
90,0.8118399163998983,0.852431912219893,0.8262384682054813,0.1455882986398293
91,0.5635808585974001,0.5917599015272701,0.5788134275575159,0.4299993591439411
92,0.41922830891880275,0.4401897243647428,0.40038565852749486,0.5298520712182285
93,0.7752113842520352,0.8139719534646368,0.7983569778701162,0.17211592610922402
94,0.6379118363916719,0.6698074282112554,0.6658688574102412,0.3405084332066124
95,0.7718137078374201,0.8104043932292909,0.7956082692225441,0.1867406532232629
96,0.6227174524392329,0.6538533250611944,0.6487586701624294,0.41838393308721084
97,0.5660002616325269,0.5943002747141531,0.5817596951379225,0.31737250519989446
98,0.650394300753756,0.6829140157914437,0.6796081281412816,0.3169477600642012
99,0.5386836068104573,0.5656177871509801,0.5482043230004028,0.364579615458738
100,0.4822766213910798,0.5063904524606337,0.477860263370193,0.607980164982289
101,0.5344206175386859,0.5611416484156201,0.5429198854856059,0.3391262621014052
102,0.7437441829972482,0.7809313921471105,0.7718383758952927,0.18023760604429448
103,0.7373116493532752,0.7741772318209388,0.7661249443751935,0.31953028805205
104,0.7093627633250535,0.7448309014913062,0.7401625953073411,0.20498795671198522
105,0.7053688900473585,0.7406373345497262,0.7363036695000892,0.3431459895479789
106,0.6630744170360746,0.6962281378878782,0.6932530801368387,0.3205663069642772
107,0.4022661495880059,0.4223794570674061,0.3802071079315038,0.4250084141275591
108,0.6675263021461662,0.7009026172534744,0.697966150428539,0.4063328822305367
109,0.6381287824446698,0.6700352215669031,0.6661101529208258,0.4102219599005349
110,0.560136414678899,0.5881432354128439,0.5746092468499013,0.35105464605290837
111,0.7220720772141765,0.7581756810748852,0.7521962924380867,0.3300925154006949
112,0.700581499207185,0.7356105741675442,0.7316298428676856,0.2625080859657837
113,0.47899005353709295,0.5029395562139475,0.47376169177127403,0.6700228066203427
114,0.6342527975788876,0.6659654374578319,0.6617861294358254,0.3249987244511485
115,0.5368049211925635,0.5636451672521916,0.5458767562641852,0.3877121760616031
116,0.5027975295909789,0.5279374060705277,0.5034968549743516,0.6027776971696968
117,0.5868268322870612,0.6161681739014142,0.6068604346971687,0.39697082684035306
118,0.4497912541090768,0.47228081681453055,0.43756661841597094,0.4442175084323238
119,0.6021565306969027,0.6322643572317477,0.624989928786185,0.39124729283026993
120,0.5679657292897732,0.5963640157542618,0.5841488985087734,0.31964995015811143
121,0.4311367125645418,0.4526935481927688,0.4147613453892321,0.6894771156601534
122,0.6478001490788771,0.6801901565328208,0.6767773081337873,0.4478979026556483
123,0.38621303137368673,0.405523682942371,0.3614826405491699,0.7444333234194648
124,0.6227996194570035,0.6539396004298536,0.6488522817842266,0.41410354917976094
125,0.4936883501379269,0.5183727676448231,0.49211109239031775,0.6210952780566442
126,0.8079408389227964,0.8483378808689361,0.823421719708288,0.18399531167928015
127,0.5725510973968777,0.6011786522667215,0.5897072957196039,0.3997119475669996
128,0.540129620771963,0.5671361018105611,0.5499944085721061,0.3222525960577183
129,0.710426386400766,0.7459477057208043,0.7411840784508672,0.3081578985534398
130,0.6009829792691497,0.631032128232607,0.6236136530071792,0.49074087058372384
131,0.783084164357629,0.8222383725755102,0.8046195418576367,0.2679580891062879
132,0.5961736812036915,0.625982365263876,0.6179529152258885,0.43483520959944166
133,1.0,1.0,0.9241418199787564,0.0107422918471916
134,0.5699364291231261,0.5984332505792823,0.5865404979355966,0.4096871494425875
135,0.7597404767331339,0.7977275005697905,0.785616515338456,0.24383080324081538
136,0.7291494716544972,0.765606945237222,0.7587332975556229,0.3193536334945977
137,0.531888859441559,0.5584833024136368,0.5397768411437338,0.53960184229544
138,0.7923451139115544,0.831962369607132,0.811796454284949,0.23262997642573122
139,0.8058639350533922,0.8461571318060617,0.8219067527796124,0.14139761170342263
140,0.6248105025450198,0.6560510276722706,0.6511396673207209,0.3657811916308775
141,0.7406655606335784,0.7776988386652571,0.7691162521013736,0.33143826128763515
142,0.612267401851107,0.6428807719436622,0.6367618419501527,0.4382374009599639
143,0.5015982821802887,0.526678196289303,0.5019978420930816,0.560555648719674
144,0.7224524051723434,0.7585750254309604,0.7525505824279168,0.3116968658160895
145,0.6793706809992407,0.7133392150492026,0.7103024474209716,0.41010989233940426
146,0.6563425940050064,0.6891597237052566,0.6860491807203148,0.30891012022332837
147,0.6865193244946423,0.7208452907193742,0.7176017868342017,0.30131039309319085
148,0.6903007022745952,0.7248157373883248,0.7214174457598018,0.26047950153474964
149,0.5960646068852334,0.625867837229495,0.6178241517429756,0.5148569682298811
150,0.8247934090363684,0.8660330794881868,0.8353415074348671,0.22762739006710409
151,0.7449498838604451,0.7821973780534672,0.7728982788442766,0.20264907538201557
152,0.7538671730486041,0.7915605317010341,0.780629037796464,0.29314847705826985
153,0.5703212767619129,0.5988373406000085,0.5870070685287965,0.4302043974995007
154,0.646996143199289,0.6793459503592534,0.6758973033837771,0.3905683272551062
155,0.551413970232873,0.5789846687445165,0.5639158603871719,0.42905716618835016
156,0.713354362159806,0.7490220802677962,0.7439825189074688,0.3254224522600094
157,0.5165047640392254,0.5423300022411865,0.5206192546391564,0.5577496836225476
158,0.5876127324057383,0.6169933690260251,0.6077975435735066,0.3202607023521481
159,0.6013474558476642,0.6314148286400474,0.6240413056525748,0.2973192151963712
160,0.7102664478087953,0.745779770199235,0.7410306435729104,0.3684775855658466
161,0.6757784422714685,0.7095673643850419,0.706592607485192,0.33507958643611785
162,0.5905299564629158,0.6200564542860615,0.6112690584222408,0.47711475064609304
163,0.6041230813651491,0.6343292354334065,0.627291657747956,0.3326942961543547
164,0.7957088748021802,0.8354943185422891,0.8143526163191188,0.2195091415737583
165,0.7392938931794784,0.7762585878384521,0.7678961257725536,0.3326532995493925
166,0.5295665328388908,0.5560448594808353,0.5368910043138564,0.5642469525204159
167,0.5625880123585927,0.5907174129765222,0.5776027341657277,0.4162559733945354
168,0.44951898626544773,0.47199493557872,0.4372316185368991,0.6799238417952118
169,0.6436803965670588,0.6758644163954116,0.6722550257788648,0.26038623379476056
170,0.6829208102958798,0.7170668508106737,0.7139413694215386,0.3406183806057659
171,0.6647559609087771,0.6979937589542158,0.6950380981155673,0.23470270128124598
172,0.8105454348223821,0.851072706563501,0.8253072715444698,0.18608079568268066
173,0.725797910375872,0.7620878058946655,0.7556523762709273,0.3389698962626794
174,0.38257919261472684,0.40170815224546313,0.3572995982326521,0.8023128711253756
175,0.5808244679323494,0.6098656913289668,0.5996776923428321,0.3109393272086572
176,0.49451608760778076,0.5192418919881697,0.4931455389548238,0.420147177594988
177,0.6157614306044361,0.6465495021346578,0.6407928860994117,0.39977886120481004
178,0.6792352980375006,0.7131970629393755,0.7101631368843702,0.30802315265148345
179,0.7579354377345685,0.7958322096212967,0.7840925449994208,0.24674860914601832
180,0.5190040459687959,0.5449542482672356,0.5237372001913788,0.33712037749638857
181,0.7607214219514683,0.7987574930490415,0.7864414277827488,0.19706059456814148
182,0.6310773560491143,0.6626312238515699,0.658223332535977,0.2594762934928641
183,0.6478698800821611,0.680263374086269,0.6768535716418657,0.28383035470099965
184,0.5122567710371984,0.5378696095890582,0.5153161705041429,0.5946071743910953
185,0.5677970406967406,0.5961868927315775,0.5839439956876391,0.48106162940712227
186,0.6952073409654912,0.7299677080137656,0.726321104502298,0.2137951824763097
187,0.775575503465342,0.814354278638609,0.7986499038991197,0.19323199669346536
188,0.5863312992134739,0.6156478641741475,0.6062691549465269,0.3687173490507168
189,0.618441580569112,0.6493636595975675,0.6438715806203654,0.3374022840942283
190,0.748351715295878,0.7857693010606718,0.7758699716131179,0.29357490060782754
191,0.71753867240241,0.7534156060225303,0.747947117830378,0.23776822176390244
192,0.4933692024079008,0.5180376625282958,0.4917122621437213,0.468187084565118
193,0.589844907499438,0.6193371528744097,0.6104548449804015,0.37759255903507033
194,0.5714585558283799,0.6000314836197987,0.5883849346203813,0.336338487329988
195,0.6146824852888316,0.6454166095532731,0.6395502013064768,0.35153696917198685
196,0.49019952259939314,0.5147094987293627,0.48775185403980137,0.5205076106350432
197,0.7817944206049856,0.8208841416352347,0.8036037666735567,0.16549105302208317
198,0.5514732528641731,0.5790469155073817,0.5639887513767509,0.5827775031689049
199,0.8344306819948492,0.8761522160945915,0.8418627154669198,0.1676658493108529
200,0.7638590822376449,0.8020520363495269,0.7890644574199801,0.27122919040397253
201,0.7288299848866441,0.7652714841309761,0.7584407551320356,0.22866807511318468
202,0.6006094910973723,0.6306399656522408,0.6231752268353596,0.5151858393207183
203,0.6840536966269637,0.7182563814583117,0.7150968078317371,0.2374905924277552
204,0.6566316481993079,0.6894632306092732,0.6863603876885305,0.43229519439042285
205,0.8752092544076543,0.9189697171280369,0.8671563327002956,0.09483277991899518
206,0.5948862955067304,0.6246306102820669,0.6164320899417363,0.42459694479750204
207,0.8275970513350712,0.8689769039018246,0.8372606044943466,0.1867742230260385
208,0.6813821369693787,0.7154512438178475,0.7123675775638505,0.2521605520425816
209,0.6439046997697215,0.6760999347582075,0.6725020796367518,0.44756906956566017
210,0.7450673969760915,0.7823207668248959,0.7730013956537239,0.2219991463937686
211,0.49620575026170943,0.5210160377747948,0.4952573300701304,0.6328575617148712
212,0.6872154616208102,0.7215762347018505,0.7183066113578697,0.3705040185906138
213,0.5750324127013783,0.6037840333364471,0.5927057235878161,0.4314278188823617
214,0.5927668517738129,0.6224051943625035,0.6139233738275808,0.3835903211017341
215,0.7613918750707502,0.7994614688242876,0.7870039045434016,0.2101026628116863
216,0.4366508684620291,0.4584834118851305,0.4214690601023647,0.7259817159663287
217,0.2574368028554942,0.27030864299826884,0.22920317401718582,0.5725200886512947
218,0.7397802809227211,0.776769294968857,0.768329291836862,0.2825000972765195
219,0.3224727940299363,0.33859643373143306,0.291597908679673,0.8548409617920523
220,0.7729059916589668,0.8115512912419149,0.7964949482985227,0.22216943302443307
221,0.7016185045539735,0.736699429781672,0.7326466869902901,0.3623610519609954
222,0.4968014256705438,0.5216414969540709,0.49600186730533063,0.3536523885109472
223,0.5123685776436807,0.5379870065258646,0.5154557964222902,0.4919855513864163
224,0.6939137948605381,0.7286094846035648,0.7250335768897838,0.2845687288750442
225,0.5059412109347852,0.5312382714815244,0.5074259675896167,0.5917963326512669
226,0.4698798924016903,0.49337388702177476,0.4624208648683086,0.6433310631399373
227,0.6244698777677514,0.6556933716561388,0.6507526916293473,0.4775267619258868
228,0.5924035626775317,0.6220237408114082,0.6134927482653196,0.33851350107814465
229,0.8556467588686092,0.8984290968120395,0.8554786382536488,0.13074574224786992
230,0.875263823605457,0.9190270147857297,0.8671877603803497,0.12479689842754106
231,0.46519876628364987,0.4884587045978323,0.45660788870308555,0.4476292175803041
232,0.5417628993770384,0.5688510443458902,0.5520147593270658,0.45520142929579904
233,0.7549159156749474,0.7926617114586947,0.7815256882285871,0.31115190978872526
234,0.5657409096239429,0.59402795510514,0.5814441400995148,0.40655757460030767
235,0.8293152768938475,0.8707810407385398,0.8384278019832936,0.13883934927830258
236,0.5099305043240396,0.5354270295402416,0.5124105807840122,0.5952265224052191
237,0.5559003875517222,0.5836954069293082,0.569424113118008,0.4645526547767227
238,0.6904868673008685,0.7250112106659118,0.7216044791414391,0.2284473243235642
239,0.7824361063614902,0.8215579116795646,0.8041096429497145,0.18907908983263988
240,0.7101312722258831,0.7456378358371771,0.740900918614711,0.2974513662676964
241,0.6857440690223975,0.7200312724735173,0.7168155991579549,0.37826342716251515
242,0.6009073251646907,0.6309526914229251,0.6235248613261991,0.397739192235556
243,0.5966208616982687,0.626451904783182,0.6184806435801895,0.4254789629430259
244,0.6169368951421397,0.6477837398992465,0.6421445903324079,0.33616388165748484
245,0.6446022936324941,0.6768324083141187,0.673269817863182,0.3244407748241186
246,0.7801486204454825,0.8191560514677565,0.8023017811807391,0.23418693356199358
247,0.5580700427648304,0.5859735449030719,0.5720818689114795,0.46684716443844626
248,0.43802354237702523,0.45992471949587643,0.42314347126386626,0.7102567353016183
249,0.6385097699307852,0.6704352584273244,0.6665336909864974,0.2933392342175958
250,0.7180597914177409,0.7539627809886278,0.7484380129958155,0.34510076970412734
251,0.5478747627743296,0.5752685009130459,0.5595593297741992,0.5645887200247054
252,0.7015837214658109,0.7366629075391014,0.732612619834753,0.38180380442869766
253,0.7979467526964309,0.8378440903312523,0.8160383085738534,0.1447510034796004
254,0.6520051735837533,0.6846054322629409,0.6813593499678173,0.3905225007727486
255,0.6784630214310409,0.7123861725025928,0.709367698266773,0.2684503384746351
256,0.9564756635691894,1.0,0.9074070656309522,0.043867659084465466
257,0.7152929163118883,0.7510575621274825,0.7458243553638892,0.2172392292507809
258,0.5003436997681722,0.5253608847565807,0.5004296246044833,0.4628850658683395
259,0.45727744891831473,0.4801413213642304,0.4467989562485912,0.6045072830353391
260,0.35913764324093617,0.37709452540298294,0.3308569440991176,0.8067379808045153
261,0.6941877542258137,0.7288971419371042,0.7253065752389118,0.34868451481566654
262,0.8729677804726157,0.9166161694962464,0.8658599651977115,0.12671100656802403
263,0.5434751330445088,0.5706488896967341,0.5541309335966145,0.3464486758902006
264,0.5875117277448342,0.6168873141320758,0.6076771497232194,0.3508387586353717
265,0.5214359969141179,0.5475077967598238,0.5267693748387083,0.4655756119083569
266,0.7535022998457291,0.7911774148380155,0.7803164600198047,0.28256615589247225
267,0.6361504236138943,0.6679579447945889,0.6639065416866672,0.34003232935164357
268,0.5859415107332188,0.6152385862698796,0.6058038327857967,0.35787083601026654
269,0.7960005940674084,0.8358006237707787,0.8145730293584583,0.15725522857673196
270,0.5891573063855434,0.6186151717048205,0.6096369784191653,0.3863998520354853
271,0.3500551754916793,0.3675579342662632,0.3208814161128828,0.7407706068269219
272,0.5092954108361489,0.5347601813779563,0.5116171724165881,0.5724105503903614
273,0.4772887265508443,0.5011531628783864,0.4716413754612102,0.39203066887999427
274,0.34308514645933835,0.36023940378230523,0.31333486498823787,0.6905351972840283
275,0.7663629513061795,0.8046810988714883,0.7911406583591879,0.17342298543958803
276,0.7725875313742553,0.811216907942968,0.7962367291203805,0.20146314508168744
277,0.6202494028154778,0.6512618729562516,0.6459415515466993,0.33659935262150914
278,0.7732911362995882,0.8119556931145675,0.7968069119909542,0.18655715031718056
279,0.6964137263777206,0.7312344126966065,0.7275184852321482,0.3617064879146656
280,0.5379284230756209,0.5648248442294019,0.5472689481293196,0.4103077987785755
281,0.6358725911612766,0.6676662207193403,0.6635965009132354,0.35801356477755863
282,0.7228796879479621,0.7590236723453601,0.7529482068912939,0.3101442928200208
283,0.7875827839508114,0.8269619231483518,0.8081314020821885,0.1946489890527778
284,0.40427784978953474,0.42449174227901143,0.3825802297584161,0.4181142505286252
285,0.913843314627444,0.959535480358816,0.8878749926528109,0.10385104915383404
286,0.6509671177389946,0.6835154736259442,0.6802314355654628,0.42146216493235494
287,0.6509465433981093,0.6834938705680147,0.6802090588441705,0.3443713934806976
288,0.9662924192743156,1.0,0.9114494126490451,0.02593638858137057
289,0.5422047581064021,0.5693149960117221,0.5525610424182684,0.3328889199810049
290,0.5106422121800783,0.5361743227890822,0.5132996273072675,0.4261146444079471
291,0.5866143949921812,0.6159451147417901,0.6066069886041577,0.3492328439118265
292,0.5580610812843552,0.5859641353485728,0.5720708998355736,0.49634232840741976
293,0.4863650773792968,0.5106833312482616,0.4829629449169904,0.38182454226490414
294,0.609820347612193,0.6403113649928025,0.6339271622759937,0.29674685933232237
295,0.6573356690852155,0.6902024525394761,0.6871176623256294,0.3871504361499805
296,0.5533799739946831,0.5810489726944171,0.5663316698388542,0.43504358357028333
297,0.3869074545184945,0.4062528272444192,0.36228443460736437,0.645944070498632
298,0.5409267312282886,0.5679730677897029,0.5509806371733835,0.3351539281159786
299,0.5013547442671558,0.5264224814805134,0.50169342385896,0.6418386333209238
300,0.6043845327471289,0.6346037593844852,0.6275972393813545,0.4461213875222979
301,0.4245083190683785,0.44573373502179736,0.4067400449172229,0.677338254150393
302,0.5688156312316287,0.5972564127932101,0.585180814442779,0.41387970921107964
303,0.7851730746088947,0.8244317283393393,0.8062562754110201,0.17975595666752914
304,0.7507797866306166,0.7883187759621473,0.7779740553925756,0.19232900548714174
305,0.5588520713961674,0.5867946749659757,0.5730388174595533,0.5454968342950112
306,0.5779729606283381,0.606871608659755,0.5962501529819028,0.30354847017259845
307,0.6142890082402185,0.6450034586522293,0.6390965439600198,0.3555056280285765
308,0.7753793667983425,0.8141483351382595,0.7984921557542326,0.2841786140385887
309,0.7668942559185848,0.805238968714514,0.7915792750776232,0.16428323668840872
310,0.47984980526986404,0.5038422955333571,0.474833541207534,0.5022428232831512
311,0.7157951467663657,0.7515849041046838,0.7463001015409972,0.36082388626529527
312,0.7224919989594398,0.7586165989074117,0.7525874460041997,0.33662428115255344
313,0.5254050345051219,0.5516752862303779,0.531713661890927,0.49399901497937576
314,0.8496552361500042,0.8921379979575043,0.8517352460439868,0.13665043419644018
315,0.5239623494061495,0.5501604668764569,0.5299171572797475,0.49300817582001355
316,0.787580663126687,0.8269596962830211,0.8081297578544789,0.25927584023764694
317,0.5334163871697912,0.5600872065282807,0.5416735811023367,0.5382847112554375
318,0.8097316276038233,0.8502182089840143,0.8247198407731247,0.22332450751596644
319,0.3279145162417347,0.3443102420538214,0.2972500533562332,0.5442947334641621
320,0.5126284263237455,0.5382598476399327,0.5157802903452156,0.5322155827253978
321,0.5376745593489197,0.5645582873163656,0.5469544357491075,0.5753525566184893
322,0.6095134945113082,0.6399891692368735,0.6335710421241312,0.4744746200783759
323,0.6069636140685689,0.6373117947719973,0.6306061475937209,0.46825861507531563
324,0.6958286135867084,0.7306200442660438,0.7269381492008302,0.23258787240472295
325,0.6043319391563396,0.6345485361141565,0.6275357767267574,0.36073760027590146
326,0.7023571137523742,0.7374749694399928,0.7333694424959376,0.3241124715793814
327,0.7410354906802066,0.7780872652142168,0.7694445429030843,0.31861640807556685
328,0.6454010357072654,0.6776710874926285,0.6741477358904676,0.2662173398346032
329,0.5892459866626676,0.6187082859958009,0.6097424938313415,0.39744377398425484
330,0.6315385290917234,0.6631154555463095,0.6587418829544693,0.39983061560935057
331,0.8866522870390899,0.9309849013910443,0.8736099721800125,0.12597869915206888
332,0.4921630158519625,0.5167711666445605,0.4902050230975287,0.5979553236100772
333,0.6928961827971973,0.7275409919370571,0.7240180611896234,0.24373365026961724
334,0.6132652347018919,0.6439284964369864,0.6379150274342118,0.4049500457959078
335,0.6861914384264026,0.7205010103477226,0.7172694386685368,0.37109826127219336
336,0.6218518674894431,0.6529444608639151,0.6477718284318542,0.3642622465541925
337,0.621988343877124,0.6530877610709801,0.6479275073699855,0.27061519025928854
338,0.6669530728152532,0.7003007264560157,0.6973615971528805,0.30856124341752383
339,0.43525070448622327,0.45701323971053437,0.4197629748898545,0.5638455541953854
340,0.7479346662529984,0.7853313995656482,0.7755071477290141,0.2439592858641911
341,0.850112297073379,0.8926179119270478,0.8520236076883626,0.1854221822161602
342,0.646004067838446,0.6783042712303682,0.6748097358621783,0.42577849260289125
343,0.6089349482934364,0.6393816957081081,0.6328992100956817,0.47636524356722715
344,0.762623192473901,0.8007543520975959,0.7880341020067848,0.2598980324097529
345,0.8273746711501644,0.8687434047076724,0.8371090452982235,0.1597519172740445
346,0.5904466157064302,0.6199689464917516,0.611170037014407,0.4193404214099285
347,0.442962042808218,0.4651101449486288,0.4291818928063688,0.4258960012227065
348,0.6202123139071857,0.6512229296025448,0.6458991390351077,0.35454166295774214
349,0.6683874229101655,0.7018067940556737,0.6988730378016259,0.2732266361792417
350,0.767581706645701,0.805960791977986,0.7921457900916573,0.20740032496047928
351,0.7200928896096439,0.7560975340901259,0.7503471190545848,0.23715801111820844
352,0.7326531775508007,0.7692858364283406,0.7619256370938616,0.3079108356165185
353,0.6959755904478977,0.7307743699702924,0.7270839987264806,0.24702307685651537
354,0.6005737061976987,0.6306023915075835,0.6231332094517694,0.2975598399425529
355,0.6922521689023091,0.7268647773474245,0.7233741761704326,0.348511659885653
356,0.5331211313834201,0.559777187952591,0.5413070527214072,0.486696182471886
357,0.5372205465604413,0.5640815738884633,0.5463918648940971,0.537825944904522
358,0.5721181997737276,0.6007241097624139,0.5891834906870422,0.5029561767536863
359,0.7270864077446197,0.7634407281318506,0.7568399689241612,0.2058274121478826
360,0.4547380892983221,0.4774749937632381,0.4436628536337052,0.5973200898819749
361,0.5771737291901452,0.6060324156496524,0.5952877655687562,0.3129708034271773
362,0.552207266583097,0.5798176299122518,0.5648910283019527,0.4408111110220572
363,0.5427634433407105,0.5699016155077459,0.5532515798280627,0.49269257299796443
364,0.7827533807859361,0.8218910498252329,0.8043594034983412,0.1776653872882059
365,0.7130095885703073,0.7486600679988226,0.743654031338882,0.33484413734631824
366,0.5842664100336263,0.6134797305353076,0.603801953791731,0.511433504408659
367,0.5136064739343424,0.5392867976310595,0.5170015354267956,0.42318905780794
368,0.5075023617641674,0.5328774798523757,0.5093768526889019,0.4790967960999695
369,0.7531175439673293,0.7907734211656957,0.7799865027630792,0.25174645296353704
370,0.5333760520818475,0.5600448546859398,0.5416235120689569,0.4473448877391154
371,0.4886477584074395,0.5130801463278114,0.4858135066828603,0.4138902510804678
372,0.7215309836321937,0.7576075328138032,0.7516916572453877,0.24233916882451156
373,0.706039964282085,0.7413419624961892,0.7369546335477604,0.28171396857438535
374,0.6315762795665331,0.6631550935448596,0.6587843134081971,0.37762974345934425
375,0.8722299647811396,0.9158414630201964,0.8654309130997362,0.11181892836826814
376,0.6195244347107078,0.6505006564462431,0.6451121087844247,0.37532671618885927
377,0.7719484957926672,0.8105459205823005,0.7957178406123009,0.24678103194324405
378,0.8280215712855252,0.8694226498498013,0.8375496129270368,0.19261169925847454
379,0.5170818987463338,0.5429359936836504,0.5213394028195101,0.6135785430618271
380,0.9630604034239734,1.0,0.9101364412122291,0.027755975051361452
381,0.6161197677113246,0.6469257560968907,0.6412051874354365,0.27760649080515937
382,0.6314449712545476,0.6630172198172748,0.6586367156632995,0.3565566497390433
383,0.5551571848685881,0.5829150441120174,0.5685127858053722,0.47149082803534453
384,0.5572809173977583,0.5851449632676461,0.5711156893381838,0.5392420875705047
385,0.5159758983315887,0.5417746932481681,0.5199592611496139,0.583261729385187
386,0.7771384957127347,0.8159954204983714,0.7999036814021678,0.25969959730329856
387,0.4827244965944014,0.5068607214241214,0.4784190371740642,0.3984070329662249
388,0.5957904859939609,0.6255800102936588,0.6175004758675281,0.5249024202419149
389,0.6990973376109474,0.7340522044914947,0.7301702828010779,0.32795218530396386
390,0.34843606694282764,0.36585787028996897,0.3191198275398548,0.8034649784670067
391,0.732550369182379,0.7691778876414979,0.7618323799399903,0.3225187061567935
392,0.5939998447536802,0.6236998369913641,0.6153835726675564,0.450286233384194
393,0.6979611332476231,0.7328591899100041,0.729049536083844,0.2654808049922768
394,0.5696103047608381,0.5980908199988799,0.5861449989066868,0.5022405794603281
395,0.7030008208006457,0.7381508618406779,0.7339983178075765,0.24244884842818512
396,0.6517768358639883,0.6843656776571876,0.6811114280351618,0.335049490796043
397,0.5873364503643308,0.6167032728825472,0.6074681944452741,0.3266809622997025
398,0.37676293621384926,0.39560108302454167,0.3506495374710358,0.6312868352027338
399,0.6087704115134293,0.6392089320891006,0.6327080486386154,0.5058348128350598
400,0.3851966322639193,0.4044564638771152,0.3603104778700772,0.734957937458964
401,0.5236737541274881,0.5498574418338624,0.5295576892418996,0.3787504071970955
402,0.8016740507459194,0.8417577532832152,0.8188195529342825,0.2113511382419832
403,0.5439943102506031,0.5711940257631332,0.5547722082775113,0.35017600683664524
404,0.523249989085452,0.5494124885397245,0.5290298012029606,0.5833843908956391
405,0.675364695946264,0.7091329307435771,0.7061635358645557,0.34673596977623006
406,0.4694928255174498,0.4929674667933222,0.46193979946279967,0.4476257897327717
407,0.5491892921629931,0.5766487567711426,0.5611785365813095,0.46088107361231
408,0.6327778700165487,0.664416763517376,0.6601335350523915,0.32000579333856016
409,0.6483234317276677,0.680739603314051,0.6773493830401404,0.28315420694439464
410,0.5524323949077619,0.5800540146531499,0.5651676785678936,0.4291913932703855
411,0.5695283952540058,0.598004815016706,0.5860456477555913,0.38192338355347605
412,0.3445913755800607,0.36182094435906365,0.3149575105604257,0.51968210535629
413,0.4837773090426537,0.5079661744947863,0.47973274726928206,0.6041402221442339
414,0.6953881078017091,0.7301575131917944,0.7265007307819465,0.21676334239734227
415,0.5965755610201117,0.6264043390711171,0.6184271958766312,0.4112784645791586
416,0.5361014610934896,0.5629065341481639,0.5450046941020356,0.4265389765732218
417,0.48989195697237214,0.5143865548209907,0.4873676350192052,0.5818339279230901
418,0.43302038155689887,0.45467140063474376,0.4170493213268456,0.5963111092738411
419,0.6966569655849312,0.7314898138641777,0.7277595115421014,0.26270120313056206
420,0.5694347499617586,0.5979064874598464,0.5859320532458884,0.5008997934860664
421,0.4907187320219592,0.515254668623057,0.4884004966270465,0.37318137620191993
422,0.5749046237467859,0.603649854934125,0.5925514695785339,0.5234227467417494
423,0.4934174264572622,0.5180882977801252,0.4917725257638288,0.38631455009777266
424,0.6782360199870505,0.712147820986403,0.7091336437196571,0.38802406382255805
425,0.7547109105191862,0.7924464560451453,0.7813506214541086,0.1985393606381841
426,0.651230771261803,0.683792309824893,0.6805181125397903,0.41575535551236514
427,0.4439230414758207,0.4661191935496116,0.4303594415489057,0.614145079152631
428,0.6185187529550905,0.6494446906028449,0.6439600542218447,0.3094814266009548
429,0.7142297209363492,0.7499412069831665,0.7448152873031914,0.3708205588873678
430,0.7337055014162825,0.7703907764870965,0.7628787525867651,0.2722332508202196
431,0.45457595397888745,0.47730475167783176,0.44346276661900863,0.6418605844760168
432,0.9529283621461628,1.0,0.9059060464928722,0.032955213736376394
433,0.660616681167378,0.6936475152257469,0.6906336648831413,0.39982225657495096
434,0.5604266350325611,0.588447966784189,0.574963906216708,0.5357148300854578
435,0.6045384075853525,0.63476532796462,0.6277770390454236,0.38628252817732006
436,0.6524155343394707,0.6850363110564441,0.6818046487376253,0.3011632448154762
437,0.6901172129927552,0.7246230736423929,0.7212330251464097,0.372185912256381
438,0.7938547673332143,0.8335475056998748,0.8129469876908749,0.19133691937407674
439,0.6749792028151959,0.7087281629559555,0.7057634344355505,0.40982158799731594
440,0.5670891334057101,0.5954435900759955,0.5830837985655195,0.37064019508185453
441,0.5974424572264628,0.6273145800877858,0.619449498665492,0.5232384830842507
442,0.8067138730510869,0.8470495667036411,0.8225279548402941,0.2005764290264149
443,0.6331837952537577,0.6648429850164455,0.6605887482982749,0.41581457856159626
444,0.7897451138774015,0.8292323695712714,0.8098022203841251,0.24621427983226057
445,0.5636986038035408,0.5918835339937177,0.5789569454969611,0.5033025140074446
446,0.6822666727613418,0.7163800063994088,0.7132729327200541,0.3874490411153016
447,0.6957700846148593,0.7305585888456022,0.7268800556088324,0.31317469102316225
448,0.6947499021180559,0.7294873972239585,0.7258662236069171,0.33163778234007185
449,0.5676492083154071,0.5960316687311774,0.5837644026498847,0.4425717728493223
450,0.5442129091728857,0.5714235546315298,0.5550421617643775,0.39622451275435244
451,0.6443027887340113,0.6765179281707117,0.6729403106264256,0.45364807734799567
452,0.8503257749249749,0.8928420636712234,0.8521581329037193,0.13604373197393294
453,0.7495533353409343,0.7870310021079808,0.776913022813065,0.2574874217552743
454,0.3773535960920547,0.3962212758966574,0.35132228356369244,0.5368276898068506
455,0.6151689609591012,0.6459274090070561,0.6401107365852431,0.44597859662499567
456,0.5849250961340877,0.614171350940792,0.6045895552472154,0.46826811033335874
457,0.6104277582708816,0.6409491461844256,0.6346316644456442,0.44577212251110276
458,0.5535408688072108,0.5812179122475712,0.5665292382034699,0.55459714283974
459,0.7694053600235388,0.8078756280247156,0.7936431213099753,0.29776998067333166
460,0.4059039114258256,0.42619910699711683,0.3845025355302456,0.6694185301122959
461,0.6163193983260725,0.647135368242376,0.6414347912441678,0.3512003601812143
462,0.5932027479931167,0.6228628853927725,0.6144398291926684,0.4726056981307823
463,0.6454182873628447,0.6776892017309868,0.6741666841830721,0.43590674458575795
464,0.656827754337905,0.6896691420548001,0.6865714277597893,0.31052070056678877
465,0.5577424215967755,0.5856295426766142,0.5716808064480363,0.35914403800641836
466,0.7213552498996182,0.757423012394599,0.7515276163210106,0.22554689377293796
467,0.7232946124111707,0.759459343031729,0.7533339197855191,0.3041435562140844
468,0.5434060617507758,0.5705763648383144,0.5540456048341303,0.5656710590495706
469,0.7239218223493442,0.7601179134668113,0.7539162034933876,0.3049171652944394
470,0.44734037656127057,0.46970739538933404,0.4345531314701332,0.5347242809936242
471,0.5175662998432706,0.543444614835434,0.5219437697501388,0.5383004742585193
472,0.7170433929415746,0.7528955625886532,0.7474799753021963,0.22549510321306973
473,0.5306788395375064,0.5572127815143816,0.5382735315218428,0.5052038311373802
474,0.42704241504718277,0.4483945357995418,0.4098010404846366,0.6231874445810583
475,0.5989440949610219,0.6288912997090729,0.6212178233976737,0.46203646741772464
476,0.6556907051566588,0.6884752404144917,0.6853467176694519,0.3664853484145966
477,0.729098275537348,0.7655531893142152,0.7586864353934133,0.2851203391273433
478,0.5389679002346678,0.5659162952464011,0.548556362597654,0.3586575753767562
479,0.6572627388234372,0.6901258757646089,0.6870392616931972,0.32293536696020414
480,0.8157222829220422,0.8565083970681442,0.8290077705180262,0.13175668824635292
481,0.516016494657164,0.5418173193900222,0.5200099254889309,0.5906775349594615
482,0.8927218371019577,0.9373579289570555,0.876923018571802,0.12361870537929542
483,0.5100808084314797,0.5355848488530537,0.5125983434071661,0.4319057917914184
484,0.5885872211194484,0.6180165821754207,0.6089584231248818,0.4885231899238879
485,0.7449176194037184,0.7821635003739041,0.7728699612571066,0.2368922816043321
486,0.4249584705780448,0.44620639410694696,0.4072832723194578,0.6056249610861008
487,0.6220009143279971,0.6531009600443969,0.64794184493283,0.46226471718793405
488,0.6324393665520622,0.6640613348796652,0.6597537036641765,0.42252194795740716
489,0.8081671137987049,0.8485754694886399,0.8235861595350522,0.17113385360096717
490,0.6861396890592408,0.7204466735122027,0.7172169634152896,0.392760650181154
491,0.7339627009832597,0.7706608360324225,0.7631113042095157,0.21721908280795846
492,0.7498113211087587,0.7873018871641965,0.7771365123578492,0.2789728073029446
493,0.713578942176262,0.7492578892850751,0.744196341924473,0.20452138574859038
494,0.8054826886010087,0.845756823031059,0.8216275548055587,0.15577494047748647
495,0.5254203025696423,0.5516913176981244,0.5317326701457845,0.5959328211946586
496,0.6854379208633933,0.7197098169065628,0.716504769459311,0.26302401000049797
497,0.6801405457807724,0.7141475730698109,0.7110938922204252,0.328270411505465
498,0.8899193740955426,0.9344153428003196,0.8754026779888899,0.11091032405992667
499,0.49343324351109397,0.5181049056866486,0.4917922917405821,0.5856431296040167
500,0.6555013812390003,0.6882764503009502,0.6851425465720358,0.2591117544931009
501,0.4592215812734369,0.48218266033710866,0.4492028330417466,0.48297741357300283
502,0.6025526937991896,0.632680328489149,0.6254540723434346,0.30628328458518356
503,0.6402410239082824,0.6722530751036965,0.6684549085071287,0.44124274914089984
504,0.5700873922964391,0.598591761911261,0.5867235369264452,0.36557888481542683
505,0.4582001631930431,0.4811101713526951,0.4479395690019908,0.4613794795596736
506,0.7328618746049655,0.7695049683352136,0.762114868326476,0.31586633576325174
507,0.5794400248098045,0.6084120260502947,0.598014774340841,0.32206001512881827
508,0.6165362390533039,0.647363051005969,0.6416841157034592,0.268872897166193
509,0.46388713985148033,0.4870814968440543,0.4549811725549456,0.5970639674340766
510,0.7092384307421119,0.7447003522792174,0.7400430180480779,0.23561750944951254
511,0.648761732319142,0.6811998189350991,0.6778281435997313,0.43809908264100395
512,0.6247467637537613,0.6559841019414492,0.651067270334569,0.38117509466498767
513,0.732044706195232,0.7686469415049935,0.7613733292136597,0.3351325701875776
514,0.5574646271096388,0.5853378584651207,0.5713406662606076,0.40926124805754077
515,0.573649112443112,0.6023315680652676,0.5910349764846847,0.4995147561110785
516,0.6335919490126184,0.6652715464632492,0.6610461615643192,0.41300793449685064
517,0.6018417443375844,0.6319338315544635,0.6246209620496254,0.43522503878476426
518,0.657149227627233,0.6900066890085946,0.6869172149452101,0.4215631108793437
519,0.9167922933380612,0.9626319080049641,0.8893345171744287,0.08797501519765792
520,0.6443672517248727,0.6765856143111163,0.6730112455015911,0.4064611398115379
521,0.7846268883051593,0.823858232720417,0.805829327716474,0.16324406466950814
522,0.5254013360174261,0.5516714028182973,0.5317090573774944,0.6040829050051256
523,0.7252567652068082,0.7615196034671484,0.7551524404982213,0.3507096538471733
524,0.8333079058892467,0.874973301183709,0.8411139050720409,0.1684519331356403
525,0.6830904001558273,0.7172449201636186,0.7141145139150062,0.29838698255836527
526,0.5832015262869982,0.612361602601348,0.602527517547176,0.35795269398236906
527,0.8142948692090013,0.8550096126694512,0.8279936863894757,0.19645192027624872
528,0.6877345237802719,0.7221212499692854,0.7188314546582035,0.2860770961614602
529,0.6120281111778468,0.6426295167367391,0.6364850615784177,0.500597164500265
530,0.7445071816596204,0.7817325407426012,0.7725095142602247,0.23865707582128154
531,0.7256668885251539,0.7619502329514115,0.755531395420624,0.2520451750906446
532,0.42191617402702647,0.4430119827283777,0.4036164077939739,0.6597213691428535
533,0.6820837795814946,0.7161879685605692,0.7130858745720243,0.3682843886121745
534,0.6168642865826313,0.6477075009117628,0.6420611606390089,0.3237737671497169
535,0.5280176545588476,0.5544185372867899,0.5349649055071098,0.41998979623719623
536,0.5801886330247155,0.6091980646759512,0.598914244561404,0.34595047528829276
537,0.7344219027784238,0.7711429979173449,0.763526108589998,0.276422132532726
538,0.663056394760585,0.6962092144986141,0.6932339173261373,0.3850827885691067
539,0.6068814604289474,0.6372255334503947,0.6305104572817348,0.280402640028364
540,0.6306889787428169,0.6622234276799577,0.6577863411712063,0.2827949497019913
541,0.7515741122227163,0.7891528178338519,0.778659318938008,0.29961645781540275
542,0.666450158529094,0.6997726664555485,0.6968306376510838,0.35969153791569514
543,1.0,1.0,0.9241418199787564,0.011241288446859163
544,0.5493267955680136,0.5767931353464142,0.561347835462096,0.5290043063247216
545,0.42264086031870585,0.4437729033346411,0.4044889084733919,0.533132898562612
546,0.6811026507099923,0.7151577832454918,0.7120811589207479,0.37039417538220065
547,0.774086416211233,0.8127907370217945,0.7974499537939547,0.257743394655549
548,0.8252131416627709,0.8664737987459094,0.8356299671931777,0.14011707820403912
549,0.7490506915752015,0.7865032261539615,0.7764771306653937,0.27389014720065114
550,0.6219817996197133,0.6530808896006989,0.6479200430372088,0.3139907634712337
551,0.6758430654709536,0.7096352187445012,0.7066595912584779,0.2569131722322177
552,0.5916329206104739,0.6212145666409975,0.6125786787555084,0.37121058259772266
553,0.6033402672668459,0.633507280630188,0.6263761054740993,0.33944234917307164
554,0.5539797844636897,0.581678773686874,0.5670680903737328,0.38389033567570585
555,0.7137331639040219,0.7494198220992229,0.7443431088031056,0.3077631491572978
556,0.5592717143051037,0.5872353000203587,0.5735520989666686,0.4699014551058662
557,0.5875794286100773,0.616958400040581,0.6077578481186908,0.5322407561703782
558,0.478279129730168,0.5021930862166764,0.472875567765227,0.629829340613648
559,0.39721228646473916,0.41707290078797604,0.3742706881483259,0.6889898007235026
560,0.6282242669959391,0.6596354803457359,0.6550068959054038,0.3548811854993033
561,0.6651721740019396,0.6984307827020365,0.6954790219192473,0.3282918235168415
562,0.8629676931795993,0.9061160778385792,0.8599456304745601,0.09667902544740609
563,0.5987674445057605,0.6287058167310484,0.621009966385302,0.3584049442727011
564,0.5144054149516096,0.5401256856991901,0.5179989879505356,0.5448983660727924
565,0.8563602889176467,0.8991783033635289,0.8559191653156017,0.14734292791495196
566,0.6566792952751274,0.6895132600388836,0.6864116702952783,0.33051433805106445
567,0.5929420521723165,0.6225891547809322,0.614130984370892,0.4989603175959594
568,0.5029354176336244,0.5280821885153055,0.5036692061748435,0.44098121371448235
569,0.6449919643064942,0.6772415625218188,0.6736982671273601,0.3168941531418941
570,0.7067074584307776,0.7420428313523164,0.7376010987569298,0.24058025148946663
571,0.7800922901337517,0.8190969046404392,0.8022571036000319,0.16433098298067764
572,0.6663099609831995,0.6996254590323594,0.6966825281661009,0.30176654907447265
573,0.7107254137352418,0.7462616844220038,0.7414707874364375,0.29978277188478863
574,0.5389154006190563,0.565861170650009,0.5484913561470038,0.5823822158652654
575,0.6239406195357734,0.655137650512562,0.6501510197649193,0.2690244776616242
576,0.6178864420797279,0.6487807641837141,0.6432348577924432,0.31861636084135686
577,0.6765255395332964,0.7103518165099612,0.7073664485272035,0.34352741858538366
578,0.6604341959525507,0.6934559057501781,0.6904386831163173,0.3419344479646914
579,0.6328381754410063,0.6644800842130565,0.6602011815818369,0.442831444793376
580,0.6707366083760641,0.7042734387948671,0.7013391733906255,0.37476590037179186
581,0.5625864625207375,0.5907157856467743,0.5776008435343183,0.4836205074734804
582,0.6317162649053993,0.6633020781506692,0.6589416307190108,0.4063786451553766
583,0.6798388021859648,0.7138307422952629,0.7107838434664703,0.3196270813296735
584,0.26866312748799037,0.28209628386238983,0.23927027569109743,0.6605981624157286
585,0.6812601025474114,0.7153231076747819,0.7122425370922617,0.26097402783237084
586,0.6932635303213266,0.7279267068373928,0.7243849195339783,0.3830958253748443
587,0.4872355516343192,0.5115973292160351,0.48404985329125544,0.4901224284371926
588,0.625153042094855,0.6564106941995976,0.6515286174850574,0.27750382429709514
589,0.44395517217955505,0.4661529307885327,0.4303988262305041,0.533811188164225
590,0.6305373268461975,0.6620641931885072,0.6576156339142439,0.3221980369775164
591,0.5272796345158108,0.5536436162416013,0.5340467743463456,0.570598948379209
592,0.5390747423726959,0.5660284794913306,0.548688652316122,0.44981532618699155
593,0.46349767700259187,0.48667256085272137,0.4544983330866247,0.5787427618623212
594,0.7478139690139373,0.785204667464634,0.7754020658418574,0.24501611908140328
595,0.6788039901594431,0.7127441896674152,0.7097190521437364,0.35641675919544474
596,0.7119163769277453,0.7475121957741325,0.742610634806357,0.34673110493570863
597,0.759329533475722,0.7972960101495079,0.7852702503460645,0.2535788621332667
598,0.7722824647123436,0.8108965879479607,0.7959891414205705,0.16348633275166174
599,0.693471702139702,0.7281452872466869,0.7245926799752335,0.25271388885089635
600,0.63929200949613,0.6712566099709364,0.6674024523827429,0.4264430750277696
601,0.6079021329811549,0.6382972396302126,0.6316985785813267,0.4912749909849241
602,0.658175825538833,0.6910846168157746,0.6880200651686956,0.33281299601728376
603,0.7053212821110165,0.7405873462165672,0.7362574489787599,0.2937787116174019
604,0.7690870820730763,0.80754143617673,0.793382371701121,0.24030854021372594
605,0.4734087977338899,0.4970792376205843,0.4668098754203145,0.49966060043468763
606,0.6301126475701604,0.6616182799486683,0.6571373758091382,0.29627857348577696
607,0.5696818384311111,0.5981659303526665,0.5862317590775781,0.4879620190503969
608,0.6372617288913816,0.6691248153359505,0.6651452638782219,0.26604710671691795
609,0.6418776668754028,0.6739715502191729,0.6702659899814488,0.3506383219298536
610,0.530678177780635,0.5572120866696666,0.5382727091725658,0.4317845844938346
611,0.7264108401510556,0.7627313821586083,0.7562177953075664,0.3103939205119158
612,0.48426154578555036,0.5084746230748278,0.48033707802850484,0.4468597413925378
613,0.5248346908418978,0.5510764253839926,0.5310035367043416,0.39531225256767943
614,0.595044767952375,0.6247970063499937,0.616619421602124,0.4135795449566061
615,0.681353703569814,0.7154213887483045,0.7123384466648293,0.3290523975952358
616,0.6419449792884007,0.6740422282528206,0.6703403691296747,0.3550672510195475
617,0.4572741503847992,0.48013785790403907,0.44679487976531274,0.49469590902647537
618,0.7232404484530313,0.7594024708756827,0.7532835920780927,0.2522117728775363
619,0.4785458539309906,0.5024731466275401,0.47320800380101496,0.661047972666084
620,0.5462772751506176,0.5735911389081484,0.5575898777440574,0.38670283098915953
621,0.5320744003201151,0.5586781203361207,0.5400072909103479,0.502179090391963
622,0.7422559461675055,0.7793687434758806,0.7705253043439979,0.24756422313255008
623,0.7067088000529786,0.7420442400556274,0.7376023970810205,0.29385090643601297
624,0.5833696634840252,0.6125381466582264,0.6027288344792435,0.31489849851261065
625,0.5329813197384398,0.5596303857253616,0.5411334759439396,0.37300728272299516
626,0.524652008552268,0.5508846089798813,0.5307760554047828,0.3716852583842722
627,0.7455136323726252,0.7827893139912564,0.7733926623213399,0.23872110920459397
628,0.6559086064508165,0.6887040367733572,0.685581618571,0.26487243333674354
629,0.6196998308879685,0.6506848224323668,0.6453128613990843,0.4170468454200202
630,0.7558314591192037,0.7936230320751637,0.782306295346618,0.25581672242859577
631,0.6596396320525796,0.6926216136552085,0.6895889182610402,0.36999453125882487
632,0.6438620452584062,0.6760551475213263,0.6724551061141618,0.28463013255572017
633,0.7684996424714416,0.8069246245950136,0.7929004713600123,0.2590944980099986
634,0.6625120539629831,0.6956376566611321,0.6926548137703876,0.28234541066541025
635,0.6710405989881216,0.7045926289375276,0.7016574491531841,0.23906143633809057
636,0.5883005073404081,0.6177155327074284,0.6086169968699752,0.3774163783664361
637,0.4852171343271328,0.5094779910434893,0.4815298261947057,0.5503281763372749
638,0.660742542194128,0.6937796693038343,0.6907681053336904,0.3794977371112499
639,0.7822796394792639,0.821393621453227,0.8039863824066675,0.18186508148400818
640,0.5677321358342323,0.5961187426259439,0.5838651492534789,0.5325121782322989
641,0.780883206409723,0.8199273667302089,0.8028837111334143,0.26399117645343206
642,0.698411108337094,0.7333316637539485,0.7294937390779118,0.2520882644457001
643,0.6265948226799631,0.6579245638139611,0.6531635271770513,0.4507812218485104
644,0.671025126054347,0.7045763823570643,0.7016412538237963,0.38379362954836843
645,0.5846506422805526,0.6138831743945802,0.6042614521100754,0.5317966411872261
646,0.7040028811285521,0.7392030251849796,0.7349754055015979,0.22595160030804645
647,0.46272000737618196,0.485856007744991,0.45353446824363397,0.587178697392265
648,0.6512048380414749,0.6837650799435485,0.6804899207564211,0.39443597284764803
649,0.6589652952883936,0.6919135600528132,0.688866728002895,0.24730503694531783
650,0.574889198307709,0.6036336582230943,0.5925328483009391,0.3564075477725322
651,0.9024149900767542,0.9475357395805918,0.882059052287407,0.10497035787739427
652,0.5063892357507289,0.5317086975382652,0.507985865529826,0.4410338303425111
653,0.7483677208392242,0.7857861068811853,0.7758838877864027,0.2707220092582119
654,0.5421415510418053,0.5692486285938955,0.5524829053893775,0.560705051419349
655,0.6723045106157706,0.705919736146559,0.7029786611319107,0.4045896750738439
656,0.459807122395053,0.4827974785148056,0.4499273121586769,0.45423253893645543
657,0.43354388626847745,0.45522108058190125,0.4176858293593342,0.530939585604646
658,0.5923076885593955,0.6219230729873652,0.6133790740180732,0.308318661262774
659,0.6469423832763094,0.6792895024401248,0.6758384173190202,0.4474299138322844
660,0.6945666664264171,0.7292949997477378,0.7256838806210304,0.25370389351971157
661,0.5190024414476888,0.5449525635200732,0.5237351990599884,0.6030360150110594
662,0.8013105500064616,0.8413760775067844,0.818549762565048,0.21852663082715515
663,0.4745227529415184,0.49824889058859423,0.4681964365889491,0.41744080021673496
664,0.6237887375215598,0.6549781743976377,0.6499782687070065,0.2763322628091467
665,0.5848608568825634,0.6141038997266914,0.6045127671617222,0.30991425024580416
666,0.9670561290296172,1.0,0.911757121528947,0.03814074401420669
667,0.7720251939726877,0.8106264536713219,0.795780170356507,0.17003758925106532
668,0.6198506392402455,0.6508431712022577,0.6454854307065927,0.40005420069406167
669,0.6727283679114815,0.7063647863070555,0.7034209769981619,0.23913858208225222
670,0.5874212134822795,0.6167922741563934,0.6075692489172957,0.5004979811062175
671,0.4596323907538314,0.4826140102915229,0.4497110975800793,0.41573913184965394
672,0.8001703260143943,0.8401788423151139,0.8177014594463006,0.15464317780617018
673,0.7102227479443464,0.7457338853415636,0.7409887104207249,0.23906829453452408
674,0.6878585110651044,0.7222514366183596,0.7189567347415663,0.32045381289391106
675,0.7072564813037778,0.7426193053689666,0.7381320572403876,0.21823140349962017
676,0.46812771766291444,0.4915341035460601,0.46024374916349836,0.47710105147818155
677,0.7048471128181003,0.7400894684590053,0.7357968144805307,0.2796179846273244
678,0.7168583587364512,0.7527012766732737,0.7473053059032231,0.331994040339701
679,0.7886798704201851,0.8281138639411941,0.8089805086909856,0.1907221136020448
680,0.7094376009134681,0.7449094809591413,0.7402345533863052,0.27100799598001846
681,0.7111652563905227,0.7467235192100488,0.7418921347927722,0.3459979727591683
682,0.7383425416502843,0.7752596687327984,0.7670472407856259,0.2770840966703113
683,0.5171690061068586,0.5430274564122014,0.5214480876778776,0.44559067092447674
684,0.7716032822020893,0.8101834463121936,0.7954371233951643,0.2512227039292554
685,0.44084520093563606,0.4628874609824178,0.42659088872281004,0.42425310764984336
686,0.7882006820637982,0.827610716166988,0.8086099871835002,0.14841643689635217
687,0.5728869341645956,0.6015312808728253,0.5901135173304072,0.39209932491223676
688,0.7020277732007821,0.7371291618608211,0.7330473246600023,0.21041195665576978
689,0.6275491881337535,0.6589266475404411,0.6542437498312025,0.47334548026410855
690,0.5992180161353686,0.6291789169421369,0.6215400466585796,0.48768585006976106
691,0.7256158334385381,0.7618966251104649,0.7554842420264933,0.28226476259041816
692,0.6786057249206785,0.7125360111667123,0.709514778732357,0.23569911239753719
693,0.5479160476229537,0.5753118500041012,0.5596102029577802,0.40941665329690297
694,0.6006026460886273,0.6306327783930586,0.623167189807583,0.40625786599628966
695,0.7565060081097977,0.7943313085152874,0.782880137529006,0.199016783683863
696,0.47214783504373165,0.49575522679591816,0.4652409508480171,0.3929354571128621
697,0.4521278152283741,0.4747342059897927,0.44044384700669686,0.5310246931058996
698,0.5608146342287217,0.5888553659401576,0.5754379341488594,0.3806769977824256
699,0.48933560277999405,0.5138023829189937,0.48667266105419227,0.5893436845144925
700,0.7834114183426707,0.8225819892598041,0.8048766466283377,0.17875885030304264
701,0.7619862333089689,0.8000855449744172,0.7875016373217074,0.23738153137503465
702,0.7760836762597065,0.8148878600726918,0.7990581857139051,0.2188683819736193
703,0.43855232709791575,0.46047994345281146,0.4237889654940841,0.40576101967060274
704,0.6008964629387237,0.6309412860856598,0.6235121121586866,0.3308776603740414
705,0.5786194919977411,0.607550466597628,0.5970281268242237,0.460739190570915
706,0.4225702662742101,0.44369877958792053,0.4044038887093657,0.4209539548802487
707,0.4865153353706849,0.5108411021392191,0.48315055172836596,0.4572127560828671
708,0.5348015566010916,0.5615416344311461,0.5433925118630547,0.45614508004414656
709,0.6036173030689989,0.6337981682224487,0.6267002208542108,0.4337889578861249
710,0.7946533448591214,0.8343860121020773,0.8135534043246938,0.22227527855279686
711,0.6926026262574103,0.7272327575702807,0.723724678442045,0.28514534334415975
712,0.73779204591324,0.7746816482089018,0.7665550505393948,0.2265186917386153
713,0.8305184576014233,0.8720443804814944,0.8392410978372027,0.19720849583776845
714,0.5020989075356203,0.5272038529124011,0.5026236103402223,0.35881899089174957
715,0.7703796476919259,0.8088986300765221,0.7944397936889434,0.2318110988951754
716,0.7405732341970943,0.777601895906949,0.7690342669167254,0.19564916216695016
717,0.600186307534977,0.6301956229117258,0.6226782210277174,0.3058724109510269
718,0.36351296608917977,0.3816886143936387,0.33571801487643027,0.7902129776981041
719,0.6420185483449287,0.674119475762175,0.6704216520159574,0.37237105176431384
720,0.8517771515811995,0.8943660091602593,0.8530700543184182,0.1516476860801882
721,0.5971084132697775,0.6269638339332663,0.6190556962459479,0.3077596858864576
722,0.7984921711460794,0.8384167797033832,0.8164473462936394,0.1960946893589385
723,0.5100572345359483,0.5355600962627456,0.5125688947020939,0.5144758880771573
724,0.7034354406436012,0.7386072126757811,0.7344223882940789,0.25042852198734317
725,0.49723108363291685,0.5220926378145626,0.49653890982393784,0.42294642626814966
726,0.721351156999185,0.757418714849144,0.7515237948858942,0.32115864260594634
727,0.5657339328057275,0.5940206294460137,0.581435650443964,0.47294867752007647
728,0.6672404194258171,0.7006024403971078,0.6976647313572157,0.3540795302245083
729,0.6877311392262417,0.7221176961875537,0.7188280343371725,0.3698585229933254
730,0.6527757435903123,0.6854145307698278,0.682195252440557,0.29436358331272705
731,0.6770519602950436,0.7109045583097956,0.707910994261282,0.3018966793763362
732,0.5230647877436337,0.5492180271308154,0.5287990737128463,0.4767648907982847
733,0.5667897425607392,0.5951292296887761,0.5827198481634375,0.41045317429050227
734,0.7593937128933886,0.7973633985380579,0.7853243553434928,0.2549164564539296
735,0.8403708908713611,0.882389435414929,0.8457767821449493,0.1632718143904141
736,0.6371428541186291,0.6689999968245605,0.6650128677539671,0.4123462661121149
737,0.6557381275598702,0.6885250339378636,0.685397847820866,0.414575060601096
738,0.7271534154879462,0.7635110862623434,0.7569016218755843,0.20527296797063804
739,0.7861672029693033,0.8254755631177684,0.807031543142362,0.22740033545117128
740,0.49266203302828593,0.5172951346797001,0.4908285701010391,0.630740273132438
741,0.6376184790819979,0.6694994030360977,0.6655424363477533,0.3585062718566949
742,0.5674067182431266,0.5957770541552828,0.5834697673002415,0.46437700625438194
743,0.7779271032742444,0.8168234584379565,0.8005340490411723,0.1769533830795231
744,0.6061629585843977,0.6364711065136175,0.6296731294228448,0.4359323091860942
745,0.4373301915349081,0.45919670111165345,0.4222974868254882,0.52901720785205
746,0.8609875252301267,0.9040369014916328,0.8587489268257255,0.17536900539606198
747,0.89371252340566,0.9383981495759428,0.8774566402746486,0.11791670292390997
748,0.5431235536829842,0.5702797313671333,0.553696569089262,0.5203992103228405
749,0.6578358608480084,0.6907276538904087,0.6876550841299424,0.26065043484567757
750,0.7020464729347302,0.7371487965814666,0.7330656209173112,0.31901442490144455
751,0.7520907309354046,0.7896952674821747,0.7791041920207797,0.22025585806207154
752,0.5363670133359971,0.5631853640027968,0.545333925406002,0.37596561430478875
753,0.5246632174561957,0.5508963783290054,0.5307900134271732,0.35452239888843323
754,0.4788886129959037,0.5028330436456988,0.4736352419634139,0.5404234717300028
755,0.5984298988076863,0.6283513937480705,0.6206126673194146,0.4662946221691822
756,0.5744961491458157,0.6032209566031064,0.5920582777800121,0.5050199067730606
757,0.5178062085863551,0.5436965190156727,0.5222430701496448,0.35420575141163346
758,0.7533432409699252,0.7910104030184213,0.7801800981316531,0.24916622454444254
759,0.7791256156157602,0.818081896396548,0.8014892139315641,0.21157770186050073
760,0.6255700716324165,0.6568485752140373,0.652001877791181,0.4057864473624206
761,0.6581639463902649,0.691072143709778,0.6880073158218799,0.25207045341238776
762,0.618531451925124,0.6494580245213801,0.6439746119024687,0.2676113290557779
763,0.6086198525938983,0.6390508452235931,0.6325330903052742,0.39326890444182344
764,0.8043490613238481,0.8445665143900404,0.820795342099534,0.24635183588897833
765,0.683251824463505,0.7174144156866801,0.7142792633120947,0.2651007903251354
766,0.5828213057534,0.6119623710410699,0.6020721374424143,0.4505246072071225
767,0.6711304069512583,0.7046869272988211,0.701751440063973,0.2993906358022141
768,0.6028382406219761,0.6329801526530748,0.6257884752049784,0.34441821645179227
769,0.4983612265540693,0.5232792878817727,0.49795154465358926,0.39552209191145127
770,0.6454971235619745,0.6777719797400732,0.6742532663870416,0.3662352248974247
771,0.5661535067450836,0.5944611820823377,0.5819461178928055,0.422142815127325
772,0.6545171505810781,0.6872430081101318,0.6840799783963426,0.4027207534664141
773,0.47773929121857445,0.501626255779503,0.4722028051798397,0.396657348476222
774,0.4517317252403562,0.4743183115023739,0.43995581677128665,0.5551785306412018
775,0.6296224113116361,0.6611035318772178,0.6565848929096614,0.37438997004481694
776,0.846873433141567,0.8892171047986452,0.8499701766245185,0.14350419757946303
777,0.4062531004965302,0.4265657555213566,0.38491581477743675,0.5116675746017006
778,0.7767283906704399,0.8155648102039618,0.7995752770446328,0.17347616513553643
779,0.7457619319607567,0.7830500285587944,0.7736101689925448,0.32298771937282195
780,0.5128935825220962,0.5385382616482008,0.5161113984747204,0.4768034468131548
781,0.8315980474270193,0.87317794979837,0.8399680317904703,0.1624590969748795
782,0.6443746593930008,0.6765933923626507,0.6730193963699032,0.43796041639743255
783,0.6668240984508378,0.7001653033733796,0.6972254806674187,0.23624091080247137
784,0.7567259895208771,0.7945622889969208,0.7830670402688533,0.30145857152322786
785,0.692603831336704,0.7272340229035391,0.723725883201985,0.28554451622736793
786,0.8420109350800237,0.8841114818340247,0.8468433757508942,0.17019695617370662
787,0.7355571638898165,0.7723350220843072,0.764549454682488,0.2437157852270465
788,0.5718180956190885,0.6004090004000427,0.5888202466365575,0.5333223598882706
789,0.5490159175173107,0.5764667133931761,0.5609650515102824,0.3886175202071905
790,0.3637432692441898,0.38193043270639926,0.3359748646160897,0.7968837988484904
791,0.5624329922037853,0.5905546418139744,0.5774136154059559,0.4624457261293035
792,0.44226552621452087,0.4643788025252468,0.42832892415904394,0.5417584845070377
793,0.32502221717286317,0.3412733280315063,0.29423803995020936,0.8494027344412906
794,0.6621818111337183,0.6952909016904041,0.6923031847170505,0.3720384169418425
795,0.6910539427291169,0.7256066398655726,0.7221737241239606,0.25144565229563587
796,0.5471537123301904,0.5745113979466998,0.5586706158121059,0.4856169679320321
797,0.659234513992226,0.6921962396918372,0.6891551619913,0.3417815169256866
798,0.7114118115039854,0.7469824020791845,0.742128126358883,0.35383586255726773
799,0.4942392161312284,0.5189511769377897,0.49279951798993904,0.4218759582247785
800,0.7556758986964601,0.793459693631283,0.7821738041066741,0.23841570910592433
801,0.3627714974841613,0.3809100723583693,0.3348917391985805,0.47906846854561247
802,0.7549532711332256,0.7927009346898868,0.7815575775203167,0.2629958707553237
803,0.5395309785185262,0.5665075274444523,0.5492534767872578,0.4991738836550142
804,0.6391909092189597,0.6711504546799076,0.6672902335015286,0.39835293914325914
805,0.7326431027237719,0.7692752578599603,0.7619164993590364,0.3425552433920166
806,0.48001990883077733,0.5040209042723162,0.4750456365096858,0.6649196298847911
807,0.8464362663750571,0.8887580796938098,0.8496912238992971,0.11299082009089328
808,0.4476125427966542,0.4699931699364868,0.4348875401577988,0.42318089544521503
809,0.5178318684149918,0.5437234618357414,0.5222750813675082,0.6205455832345795
810,0.4140639376690106,0.4347671345524611,0.39420267277638077,0.5863696789475985
811,0.5184114700680651,0.5443320435714682,0.522998098323083,0.47669521811379845
812,0.5550786512362954,0.5828325837981101,0.568416459359858,0.3378470388805309
813,0.6174271719656964,0.6482985305639811,0.6427077094370578,0.3155034728033433
814,0.6635745785503171,0.6967533074778328,0.6937846278189734,0.3258101581817252
815,0.45083847937619653,0.4733804033450063,0.4388556584146764,0.5240253909338823
816,0.6308612547619722,0.6624043175000707,0.6579802144581355,0.36357680075800947
817,0.5777682963719509,0.6066567111905484,0.5960037785587611,0.3839188808141612
818,0.7743090454121473,0.8130244976827545,0.7976296935291138,0.18112408973316682
819,0.7784584451527465,0.8173813674103837,0.80095793180767,0.21417504359047357
820,0.615673619101528,0.6464573000566043,0.6406918187524377,0.49303093922654573
821,0.6811273699909899,0.7151837384905393,0.7121064981869949,0.23267793888826768
822,0.5301525609067207,0.5566601889520566,0.5376194723697321,0.4652964220305355
823,0.671103079783346,0.7046582337725132,0.7017228418922885,0.38891242007426047
824,0.565815157619698,0.5941059155006828,0.5815344848718614,0.39124832155147704
825,0.4688977544904069,0.49234264221492713,0.46120035499769296,0.5270753645472508
826,0.5497408872627808,0.5772279316259198,0.5618575928617049,0.559183161251311
827,0.8077754560742039,0.8481642288779139,0.8233014555508464,0.1385919618883467
828,0.5693288312666779,0.5977952728300117,0.5858035597189357,0.4223503178400503
829,0.6675439241954741,0.7009211204052478,0.6979847245730373,0.429809006120614
830,0.5100760557697342,0.5355798585582209,0.5125924063498781,0.5552685170281372
831,0.6434401678275598,0.6756121762189377,0.6719903252072067,0.4074134271773132
832,0.7850044085988072,0.8242546290287474,0.8061245072501231,0.21867271366089447
833,0.6904794252668978,0.7250033965302425,0.7215970038746432,0.2599807206681593
834,0.5892396416441076,0.6187016237263129,0.6097349446103157,0.33718827580769273
835,0.7950237911221885,0.8347749806782977,0.8138341955096544,0.1741467317905105
836,0.5801228208648628,0.6091289619081058,0.5988351963293768,0.5435479690629761
837,0.6267818361306552,0.6581209279371878,0.6533753278368082,0.36452590136758506
838,0.7136447212245113,0.7493269572857367,0.7442589480731936,0.33245445568914367
839,0.6810274490384005,0.7150788214903204,0.712004062945287,0.3694491210147792
840,0.7863651693467147,0.8256834278140504,0.8071856444316148,0.2765331581229827
841,0.37121610459396237,0.3897769098236604,0.3443610744699608,0.7081658991000471
842,0.6468282513282233,0.6791696638946344,0.6757133841545353,0.37911968729238477
843,0.8129588386793665,0.8536067806133346,0.8270402125416396,0.14808863168164083
844,0.6432392636155254,0.6754012267963015,0.6717688711085879,0.27315402322155236
845,0.7374915657768173,0.7743661440656581,0.766286090673176,0.19683145762123136
846,0.6038879058788691,0.6340823011728124,0.6270167002036829,0.3001350490173937
847,0.6080234724185694,0.6384246460394977,0.6318397187276786,0.4515361263124208
848,0.44950556918893503,0.4719808476483817,0.4372151115684395,0.570899900488117
849,0.6216815960822992,0.6527656758864141,0.6475775554130483,0.36798057548697194
850,0.5565881890061156,0.5844175984564213,0.570267087835875,0.45659298766176626
851,0.5383255083257051,0.5652417837419903,0.5477608222244438,0.5529524161646586
852,0.4808319142299697,0.5048735099414681,0.476058216196595,0.5741521025801254
853,0.44996480821291884,0.4724630486235647,0.43778019009697083,0.7150405627112216
854,0.3592883521176493,0.3772527697235317,0.3310237930205311,0.7892543280846036
855,0.594690677526917,0.6244252114032627,0.6162008005547139,0.36903180430205174
856,0.8899877719181759,0.9344871605140845,0.875439974920394,0.11798925509647659
857,0.8244172084957045,0.8656380689204897,0.8350826196745429,0.16427241971805873
858,0.7225866009335464,0.7587159309802236,0.7526755097212582,0.32395710940009936
859,0.7712715786273804,0.8098351575587492,0.7951671222626797,0.28475704010572744
860,0.6498314350692109,0.6823230068226713,0.678995024175647,0.2543879841576024
861,0.5898708461768783,0.6193643884857222,0.6104856855906573,0.3359857581179641
862,0.4894795196367295,0.5139534956185658,0.4868524310302794,0.39957113083728474
863,0.5216879343715319,0.5477723310901085,0.5270833833390687,0.5080979048436498
864,0.5270060895547855,0.5533563940325247,0.5337064127917648,0.4421857806193011
865,0.4707277758675023,0.49426416466087736,0.46347489867520236,0.6111288482458408
866,0.7296707977912679,0.7661543376808311,0.7592101378974845,0.3404027248454953
867,0.5045134569982299,0.5297391298481413,0.5056415818199815,0.3626666333181466
868,0.6586716889832414,0.6916052734324033,0.6885519985408134,0.26419734327962174
869,0.6433859680655826,0.6755552664688615,0.6719305890477459,0.4260191202987141
870,0.7286224738416466,0.7650535975337288,0.7582506153558966,0.3185456985740987
871,0.6974328235101431,0.7323044646856501,0.7285274187022263,0.2564910246918893
872,0.6887891314751007,0.7232285880488556,0.7198959723787888,0.25489085969868486
873,0.84541440311432,0.8876851232700359,0.8490375156660364,0.1558392678337597
874,0.48548996704228076,0.5097644653943947,0.48187041023654564,0.42210511410528856
875,0.5930971729615971,0.6227520316096768,0.6143147661546657,0.3095425603231393
876,0.48311725310398057,0.5072731157591795,0.4789090888140237,0.3673236813059742
877,0.7266919100916214,0.7630265055962023,0.7564767816589667,0.3396247743993606
878,0.3359290865454925,0.35272554087276703,0.3056884002852208,0.7871364739761794
879,0.78945542940958,0.8289282008800589,0.809579030520647,0.17952986213360603
880,0.49114498299619663,0.5157022321460064,0.48893303655135045,0.5194268585013141
881,0.3396150320456199,0.3565957836479008,0.30961392761476414,0.5109898135850799
882,0.5667318722354556,0.5950684658472283,0.5826494884829638,0.3111925590779104
883,0.8294051393891831,0.8708753963586422,0.8384886595720924,0.15464803427479318
884,0.6262090726764795,0.6575195263103034,0.6527264573656486,0.3213238008164882
885,0.4466618834868992,0.4689949776612441,0.4337197318848527,0.5531353319084203
886,0.6412254144798372,0.673286685203829,0.669544820312963,0.4636342462935167
887,0.5109121378472652,0.5364577447396284,0.5136367895657838,0.352217671155596
888,0.6036943507591724,0.6338790682971309,0.6267903418549903,0.28776690833902907
889,0.590696656181798,0.6202314889908878,0.6114670953107217,0.47693657500102765
890,0.4779497589524261,0.5018472469000473,0.472465084369863,0.6670031451246842
891,0.7509108252838315,0.7884563665480229,0.7780872065916673,0.2286034190893203
892,0.5353669188490584,0.5621352647915112,0.5440938055522289,0.6017622257230084
893,0.39574901456299366,0.4155364652911433,0.3725588365925433,0.6685255052716174
894,0.5942427234007573,0.6239548595707951,0.6156709630065921,0.4036624011769384
895,0.722634760003351,0.7587664980035185,0.7527203322729945,0.24560197504286146
896,0.25255565693460214,0.2651834397813322,0.22491995660577463,0.6449021848241144
897,0.5371692803317923,0.5640277443483819,0.5463283330303343,0.5639525200009741
898,0.4974768069479379,0.5223506472953346,0.49684605051737263,0.5703465101091754
899,0.9257468048331537,0.9720341450748112,0.8936647650481675,0.08741878721286546
900,0.68986572289342,0.7243590090380908,0.7209801369264572,0.3719695755090028
901,0.6041305833560527,0.6343371125238553,0.6273004274146873,0.4882645549492871
902,0.5709034075891414,0.5994485779685983,0.5877125185901515,0.39932883638394573
903,0.7093864031824274,0.7448557233415487,0.7401853269767467,0.3572012474632431
904,0.7366803432553265,0.7735143604180927,0.7655588900557744,0.3198903712811627
905,0.5296685843144043,0.5561520135301244,0.5370178718345145,0.44897525274998484
906,0.5640595722797278,0.592262550893714,0.5793968415384638,0.4987658044959802
907,0.7010203564171515,0.736071374238009,0.7320604666596068,0.37704167413245293
908,0.7673356374190978,0.8057024192900526,0.7919431397554852,0.20066664808270288
909,0.5679622991703852,0.5963604141289044,0.5841447322975394,0.3263659692962377
910,0.6598087896344461,0.6927992291161683,0.6897699352361172,0.38829032118839857
911,0.4838306843075876,0.5080222185229669,0.47979935708780824,0.5505678066167186
912,0.6065856941791953,0.636914978888155,0.6301658719286413,0.41354935924159897
913,0.5369547405822418,0.5638024776113538,0.5460624475041667,0.4665909374062984
914,0.32661201936833856,0.34294262033675543,0.29589144320036764,0.6104472610891373
915,0.4215782665885172,0.442657179917943,0.4032097852657496,0.5203781370598909
916,0.5853329434429843,0.6145995906151334,0.605076953103117,0.45937138326428145
917,0.6738630679705488,0.7075562213690761,0.7046032144950138,0.29437008143692756
918,0.4971456025804364,0.5220028827094582,0.49643206378796956,0.6053556273604901
919,0.46786562647809743,0.4912589078020022,0.45991822344210126,0.4430113532829017
920,0.9243251443965042,0.9705414016163292,0.8929873842789351,0.06950432568309364
921,0.3485998437285145,0.36602983591494015,0.3192977829238037,0.5527921390229595
922,0.6137929717279527,0.6444826203143502,0.638524287389752,0.42318801554076013
923,0.7474087581168428,0.7847791960226849,0.7750490240831658,0.18766323337986826
924,0.7296667158794821,0.7661500516734561,0.7592064068041469,0.27177404606985195
925,0.6152119792936307,0.6459725782583121,0.6401602855413678,0.48236617510295365
926,0.4015684496842022,0.42164687216841223,0.3793853884232561,0.6869152031003835
927,0.5641626438088128,0.5923707759992533,0.5795224270667149,0.5310992100712002
928,0.7034264587046823,0.7385977816399163,0.7344136287391083,0.3220112476490951
929,0.6568953453301698,0.6897401125966782,0.686644148074552,0.2664383386486753
930,0.5098184404726722,0.5353093624963058,0.5122705863017412,0.3611143971819583
931,0.6336399133729081,0.6653219090415534,0.6610998949529692,0.3852503441580856
932,0.6498184461540298,0.6823093684617312,0.6789808686405905,0.30777498022044897
933,0.45011641741917785,0.47262223829013666,0.43796677576906506,0.6558648329347061
934,0.5712232646429584,0.5997844278751062,0.5880999813938912,0.4923925229899721
935,0.6877352512210707,0.7221220137821242,0.7188321897830816,0.307762830043953
936,0.7027742030105872,0.7379129131611165,0.7337770294476054,0.23489786430747547
937,0.703569757968438,0.7387482458668598,0.7345533580512599,0.3851949540864345
938,0.4270414011670612,0.4483934712254142,0.4097998143789398,0.5783630737286694
939,0.8874332522438765,0.9318049148560702,0.8740404972119313,0.1215781359907469
940,0.621311927776437,0.6523775241652587,0.6471556103347538,0.35221841896319417
941,0.5326012445416743,0.559231306768758,0.5406615605663736,0.5677970923910242
942,0.7289250671169193,0.7653713204727651,0.7585278437352174,0.2845382528489762
943,0.5106143502833695,0.5361450677975379,0.5132648245130299,0.623042377124463
944,0.6462910744829046,0.6786056282070497,0.6751245627549431,0.30757845305306974
945,0.6872970937401844,0.7216619484271936,0.7183891921211245,0.35423186958081915
946,0.6697114684219435,0.7031970418430405,0.7002644245192036,0.32963516953908023
947,0.6034626606683038,0.6336357937017189,0.6265193124699714,0.4686668518613542
948,0.3477157548242388,0.36510154256545063,0.3183377822524215,0.7551050994253066
949,0.6885409391201724,0.722967986076181,0.7196456694257851,0.2540913446734741
950,0.59559468563619,0.6253744199179994,0.6172692152890747,0.5202033072822855
951,0.6419857860362475,0.6740850753380597,0.670385455786723,0.43751455834751096
952,0.687442767288384,0.7218149056528032,0.7185365219605069,0.39207311965966013
953,0.6237442633524929,0.6549314765201174,0.6499276762029843,0.2711539759370457
954,0.5336345504350323,0.5603162779567837,0.541944378440143,0.3833148732733263
955,0.6586642081798908,0.6915974185888852,0.6885439772622785,0.26694957812332065
956,0.7038147950364946,0.7390055347883192,0.7347921818135332,0.35068587371126025
957,0.7536523602187665,0.7913349782297047,0.7804450517263335,0.2820033966702437
958,0.42184992594184334,0.44294242223893543,0.40353667738997234,0.44769881736021966
959,0.5980823920923846,0.6279865116970037,0.6202034748972816,0.29375260240237705
960,0.6560484304418878,0.688850851963982,0.6857323009368013,0.3413468752610456
961,0.6863400281442678,0.720657029551481,0.7174200798546564,0.31079482754845933
962,0.4772295587495351,0.5010910366870117,0.4715676542457585,0.4828866876660949
963,0.5181961661045295,0.5441059744097558,0.5227295311302547,0.5670013382184301
964,0.529541569724623,0.556018648210854,0.5368599701454402,0.495866105603484
965,0.5754940760881317,0.6042687798925382,0.593262844866786,0.4483790255046261
966,0.7863876800512692,0.8257070640538325,0.8072031613163093,0.23716336575982142
967,0.5775831409232279,0.6064622979693892,0.595780847084777,0.4879227967553297
968,0.7853068864010843,0.8245722307211383,0.8063607657525362,0.19986976926534736
969,0.7051174074323476,0.7403732778039649,0.7360594569224127,0.22408588801452203
970,0.628620700466676,0.6600517354900096,0.6554546742094001,0.32847916579662695
971,0.6635258071426808,0.6967020974998147,0.6937328185484308,0.254608255002428
972,0.36941988587456137,0.3878908801682894,0.34233619836624474,0.48544585607940577
973,0.6262348695509452,0.6575466130284924,0.6527556942744335,0.45011722564893364
974,0.5185242603068856,0.5444504733222297,0.5231387860123371,0.5972659907380842
975,0.5609159434472004,0.5889617406195603,0.5755616832465202,0.34564984223965833
976,0.6765099209249217,0.7103354169711676,0.707350283071671,0.2990145301321106
977,0.41164825302768143,0.43223066567906543,0.3913219778253824,0.639117797061423
978,0.6209069236788569,0.6519522698627996,0.6466930688969803,0.4673935109855034
979,0.5586381863032317,0.5865700956183932,0.5727771457099745,0.5528813502666103
980,0.729576488854367,0.7660553132970852,0.7591239242282486,0.25143708816809957
981,0.6660882737144539,0.6993926874001765,0.6964482467986981,0.3795300527367275
982,0.6784139303958362,0.7123346269156279,0.7093170913589818,0.36273173479715826
983,0.4866661841258777,0.5109994933321715,0.48333890092432596,0.46962777369523667
984,0.8207844050055579,0.8618236252558357,0.8325658286497057,0.21376636186496825
985,0.5898218161813684,0.6193129069904367,0.6104273890846035,0.32548397801240203
986,0.6110653433583008,0.6416186105262157,0.6353705447224091,0.2873707542394623
987,0.38412688389406824,0.4033332280887716,0.35907858663785563,0.7400228337156952
988,0.39449383739740396,0.4142185292672741,0.37109297058709023,0.5064560720837524
989,0.457123204464352,0.4799793646875695,0.4466083413412488,0.6269280835907629
990,0.7736805907412563,0.8123646202783189,0.79712200416574,0.24607137845904897
991,0.7533822520107616,0.7910513646112995,0.7802135480979141,0.30031608922798625
992,0.6932067291369416,0.7278670655937886,0.7243282137385292,0.256262577927623
993,0.6804929866222268,0.7145176359533381,0.7114557836263982,0.2982692901947493
994,0.6227991141391497,0.6539390698461071,0.6488517061183359,0.4121465679074104
995,0.31252894260262415,0.3281553897327553,0.28143487171261605,0.7909268099893749
996,0.38579750878055724,0.405087384219585,0.36100323872735607,0.6585630582598958
997,0.681130549410133,0.7151870768806395,0.7121097572528473,0.2620969012872376
998,0.601661977989943,0.63174507688944,0.6244101897221744,0.4879963423000078
999,0.6907320386866288,0.7252686406209601,0.7218506764116276,0.3306946818589632
1000,0.7222183483265928,0.7583292657429224,0.7523325897973279,0.31347723259490473
1001,0.6330270994908896,0.664678454465434,0.6604130614353299,0.365578671769772
1002,0.7161433843491855,0.7519505535666446,0.7466296301454124,0.3537147006633271
1003,0.7066817970251945,0.7420158868764541,0.7375762647240506,0.26596261201557075
1004,0.3921770296354869,0.41178588111726117,0.3683935143026964,0.6949959958598136
1005,0.6335378694089433,0.6652147628793903,0.6609855724284589,0.2914318746948563
1006,0.5342273438097805,0.5609387110002695,0.542680063559873,0.32689092413170046
1007,0.4478809358157398,0.4702749826065267,0.43521737076357575,0.6190653840517727
1008,0.6385137096763094,0.6704393951601247,0.6665380693399632,0.4334408318504569
1009,0.637036966228299,0.6688888145397138,0.6648949138261935,0.4175926686085491
1010,0.5703920825792,0.59891168670816,0.5870928930742509,0.36849930009405024
1011,0.5977481927430572,0.62763560238021,0.619809790750729,0.3388653617606078
1012,0.7009148254888845,0.7359605667633287,0.7319569556164797,0.3235688689716132
1013,0.9479745989268421,0.9953733288731841,0.9037734135761913,0.05187005247493508
1014,0.6398742280760962,0.6718679394799009,0.6680483311514318,0.38376820575561027
1015,0.4668336386099013,0.49017532054039625,0.458636796168631,0.40217103488428285
1016,0.477247616803352,0.5011099976435195,0.4715901538802759,0.48267194101708
1017,0.5366414501460862,0.5634735226533905,0.5456741301379411,0.4607810226554401
1018,0.8052962289456033,0.8455610403928833,0.8214908801916847,0.22203019195082135
1019,0.809853208268822,0.8503458686822629,0.8248077001232887,0.1410819513608259
1020,0.5739652328036019,0.6026634944437819,0.5914169728631627,0.35735617592967595
1021,0.5842009838228621,0.6134110330140051,0.603723693158089,0.4242250797832637
1022,0.49795344504152605,0.5228511172936022,0.49744182862397746,0.4897668219602127
1023,0.8453520883543165,0.8876196927720322,0.8489975760325881,0.13452711517586982
1024,0.47585504387527305,0.49964779606903664,0.46985540774850915,0.47376182037822634
1025,0.6156917232828494,0.6464763094469917,0.6407126569258588,0.3517862948987916
1026,0.7930029598728887,0.832653107866533,0.8122984772749968,0.2448308283230694
1027,0.5285826116320079,0.5550117422136083,0.5356675785533139,0.4073176786545972
1028,0.47369882761853593,0.4973837689994626,0.4671708326240293,0.47072421700499134
1029,0.5302676307520445,0.5567810122896467,0.5377624923284323,0.41590657563411876
1030,0.6321551800438107,0.663762939046001,0.659434662129057,0.2802803710316145
1031,0.8527985876915828,0.8954385170761617,0.8537090425694818,0.16572591498011666
1032,0.7268736761838701,0.7632173599930635,0.7566441670699201,0.22631579741633256
1033,0.7812625952629282,0.8203257250260745,0.8031837518184053,0.26992130226453154
1034,0.5942445431773636,0.6239567703362318,0.6156731159841065,0.3703687172624188
1035,0.5413410295503909,0.5684080810279103,0.5514930719173633,0.41069701749520965
1036,0.832304932109183,0.873920178714642,0.8404425644377818,0.12682757472426695
1037,0.5745603919911839,0.603288411590743,0.5921358568392864,0.42795868393640546
1038,0.5664679421981009,0.5947913393080059,0.5823285554277232,0.35749148302762757
1039,0.5313678846912911,0.5579362789258556,0.5391296774405158,0.46745255952520537
1040,0.6534798602871739,0.6861538533015324,0.6829580420887922,0.3727601817040976
1041,0.7850305498155417,0.8242820773063186,0.806144934197206,0.2027839501889584
1042,0.6446059170568103,0.6768362129096507,0.6732738032110559,0.25002979550166926
1043,0.9336011563139223,0.9802812141296182,0.8973394018768569,0.049679053559867334
1044,0.642449514323395,0.6745719900395647,0.6708976006353802,0.4256421658624786
1045,0.8488036848436907,0.8912438690858752,0.8511967610620234,0.17871636240258917
1046,0.60512097091352,0.6353770194591959,0.6284574320134861,0.37691885400453984
1047,0.5914627890263896,0.6210359284777089,0.6123767761557151,0.3689416544634583
1048,0.5161202844505268,0.5419262986730531,0.52013945359702,0.48591851658606033
1049,0.4464936991162641,0.4688183840720772,0.43351320717657876,0.5384249674411209
1050,0.6226831272612767,0.6538172836243404,0.6487195606252578,0.29881210087447363
1051,0.5617970416067358,0.5898868936870725,0.576637542617867,0.5046164042279556
1052,0.656953396732732,0.6898010665693685,0.6867065975397997,0.4211406756391902
1053,0.42174494073295954,0.4428321877696074,0.40341033680661464,0.5220159571055479
1054,0.7810987393195488,0.820153676285526,0.8030542082277357,0.2292822995220522
1055,0.6427158121499402,0.6748516027574372,0.6711915185364542,0.2674047104003227
1056,0.858930170108581,0.9018766786140099,0.8574965383640445,0.15031021537934033
1057,0.5580875184567141,0.5859918943795497,0.57210325939096,0.547931973726006
1058,0.7178329689916924,0.7537246174412768,0.7482244238469499,0.2720111266519473
1059,0.7475662432205726,0.7849445553816011,0.7751862804403811,0.18152588672676587
1060,0.5062763006648053,0.5315901156980455,0.5078447320513794,0.47371197446222163
1061,0.9205507095163642,0.9665782449921823,0.8911705211204572,0.07373576912297025
1062,0.4824334426049654,0.5065551147352136,0.4780559089302585,0.5649214741131976
1063,0.8498246109295743,0.8923158414760528,0.851842159388507,0.16760265010632935
1064,0.5725522257319463,0.6011798370185435,0.5897086607369368,0.31127841284702623
1065,0.6131384924529407,0.6437954170755876,0.6377686403733943,0.31081674037972984
1066,0.5689702092791252,0.5974187197430814,0.5853684167272492,0.35777704586942954
1067,0.6859362230850249,0.720233034239276,0.717010586247951,0.40779077736500624
1068,0.42580867113407483,0.4470991046907785,0.40830988281124947,0.49990076177140397
1069,0.774148495068315,0.8128559198217306,0.7975000851442022,0.24317544037858765
1070,0.6941060374304956,0.7288113393020202,0.7252251627213283,0.23841076490809057
1071,0.45158128536858066,0.4741603496370096,0.4397704872180631,0.6081702128117931
1072,0.6326683708708779,0.6643017894144216,0.6600106896487842,0.45820899104005003
1073,0.5938433714858241,0.6235355400601152,0.6151983803061005,0.4563223328025586
1074,0.6829678089230276,0.7171161993691788,0.7139893594430051,0.3070493154939903
1075,0.8695027197056205,0.9129778556909014,0.863834906587476,0.09616862915042333
1076,0.42970610648153107,0.45119141180560757,0.4130261244336222,0.6063432249956721
1077,0.5427477037309706,0.569885088917519,0.553232128400858,0.46008197873243756
1078,0.5796028275334478,0.6085829689101201,0.5982104419790137,0.465671842793793
1079,0.7657514078389812,0.8040389782309302,0.7906349601702479,0.17758998267169535
1080,0.6231254908929126,0.6542817654375581,0.6492234293113337,0.45548181777625274
1081,0.6449333896738741,0.6771800591575677,0.673633881863644,0.44974014181424987
1082,0.4546780150409022,0.47741191579294723,0.44358871540769607,0.6041739837083648
1083,0.5813176725835228,0.6103835562126989,0.6002695508484982,0.34783613005822
1084,0.8073672156779123,0.8477355764618077,0.8230043133187652,0.19853827902340143
1085,0.5527991113582276,0.5804390669261389,0.5656182332624421,0.412191851471267
1086,0.6065078164260774,0.6368332072473812,0.6300751176124015,0.4027177436031079
1087,0.6030659839052446,0.6332192831005067,0.6260550984754767,0.3249900811322591
1088,0.5895535998963733,0.6190312798911919,0.6101084249662817,0.47105834017506487
1089,0.6011885137299735,0.6312479394164721,0.6238548372460122,0.36469349647218813
1090,0.6479699018305385,0.6803683969220653,0.6769629471571876,0.3019824104014748
1091,0.5959390842811851,0.6257360384952443,0.617675950390633,0.41817472911487547
1092,0.6279112075175969,0.6593067678934766,0.6546530954025247,0.28829392632318185
1093,0.40258635239270874,0.4227156700123441,0.3805844586381453,0.763539589507052
1094,0.5524932429607389,0.5801179051087757,0.5652424450956023,0.494222372244506
1095,0.8932825701880852,0.9379466986974894,0.8772252958504358,0.08481293272057006
1096,0.7185425938973666,0.7544697235922349,0.7488922471192193,0.2927754606559076
1097,0.7534255984949468,0.791096878419694,0.7802507111959845,0.2191509421663692
1098,0.5152323051067165,0.5409939203620522,0.5190311829509127,0.4256699905841229
1099,0.6025558868321315,0.632683681173738,0.6254578123557958,0.45671179568168596
1100,0.6124645278977374,0.6430877542926242,0.6369897837320609,0.34173239299501396
1101,0.7096129851307245,0.7450936343872605,0.74040313870023,0.29590654259920685
1102,0.7809749042619784,0.8200236494750771,0.8029562622358011,0.17362065427700782
1103,0.6975994263715798,0.7324793976901587,0.7286921369228031,0.32132468218883065
1104,0.8870332056966969,0.9313848659815316,0.8738201193700997,0.12179777322455901
1105,0.5532683265328711,0.5809317428595145,0.5661945616211854,0.3282073683682079
1106,0.6742608613505904,0.7079739044181198,0.7050170246061321,0.3829653588117412
1107,0.6244996782123265,0.6557246621229428,0.6507865551440961,0.4536214964422857
1108,0.6762102006757408,0.7100207107095277,0.7070399674638339,0.35763405631406353
1109,0.4761834009498449,0.49999257099733707,0.4702643823558747,0.544367355890354
1110,0.6779512779849406,0.7118488418841875,0.7088398974401747,0.41780175517923335
1111,0.6820622614252131,0.7161653744964737,0.7130638615949247,0.2693448407139494
1112,0.5364801421808645,0.5633041492899076,0.545474170369968,0.5917784524032921
1113,0.6896484443286737,0.7241308665451073,0.7207615372368972,0.24160207207277729
1114,0.5378698134628236,0.5647633041359646,0.5471963398810227,0.513533685366361
1115,0.5940289023187181,0.6237303474346538,0.6154179597769288,0.3506938940938421
1116,0.47657105760977025,0.5003996104902587,0.47074726701758807,0.6280285547070834
1117,0.6986161200103945,0.7335469260109141,0.7296959689436774,0.3184120164969556
1118,0.6033029014420528,0.6334680465141553,0.626332380993867,0.39715417001124725
1119,0.5996129045811293,0.6295935498101856,0.6220043792103628,0.5140876109823126
1120,0.40533973539094265,0.4256067221604897,0.38383516295673276,0.4802730626342582
1121,0.7830386138946251,0.8221905445893563,0.80458373513028,0.24664253700809471
1122,0.7502570590650501,0.7877699120183025,0.777522272647407,0.25298034307882034
1123,0.6146104453739353,0.6453409676426319,0.6394671618593913,0.4481701216219636
1124,0.7595305177937662,0.7975070436834544,0.785439652535728,0.2097549013226887
1125,0.7234003259469601,0.759570342244308,0.753432126096643,0.286228496801821
1126,0.6154855563521023,0.6462598341697073,0.6404753244375727,0.4686101211637348
1127,0.4790434814732934,0.502995655546958,0.47382829324596,0.5687143658005884
1128,0.5917867322654816,0.6213760688787556,0.6127611805013738,0.514524432033766
1129,0.6543477085478621,0.6870650939752551,0.6838968553948666,0.32634325816423676
1130,0.8680209913887149,0.9114220409581505,0.8629611200242329,0.11362611773301098
1131,0.6962219841845614,0.7310330833937894,0.7273283933898361,0.2468720911493399
1132,0.3962865795673187,0.4161009085456846,0.37318735412318815,0.4702020061999316
1133,0.6015152381704324,0.6315910000789539,0.6242381053655255,0.40012948631617173
1134,0.40856885621668393,0.42899729902751804,0.38766078289982314,0.662776685755018
1135,0.48736464358051457,0.5117328757595402,0.4842110556684201,0.6113095861974576
1136,0.6202604740344732,0.6512734977361967,0.645954211442214,0.4582472781187576
1137,0.5371945931972877,0.564054322857152,0.5463597022813838,0.4302193184660245
1138,0.5938802324134155,0.6235742440340861,0.6152420096937,0.3115198336344479
1139,0.6946202541259962,0.7293512668322958,0.7257372150512393,0.3594534354813659
1140,0.6589919716981906,0.6919415702831,0.688895314971774,0.36919558418782394
1141,0.7338600413758452,0.7705530434446373,0.763018501538705,0.22649258034147252
1142,0.7375524593844786,0.7744300823537024,0.766340613956277,0.2668219039084456
1143,0.6672178644395219,0.7005787576614979,0.6976409433624692,0.26880497219229216
1144,0.4889277499283971,0.5133741374248169,0.48616322122174516,0.5860355574364817
1145,0.7904312215051534,0.8299527825804109,0.8103300392562288,0.2081488800450288
1146,0.6551597184205018,0.6879177043415268,0.6847739087300143,0.43002068486335127
1147,0.7216135199957433,0.7576941959955303,0.7517686768461397,0.29927400269457344
1148,0.9623331260288597,1.0,0.9098385841318839,0.044094171259255396
1149,0.6680719581349082,0.7014755560416535,0.6985409866657787,0.26501961459010814
1150,0.544680844029899,0.5719148862313939,0.5556199172985091,0.5352578454721774
1151,0.6659289335851023,0.6992253802643573,0.6962797914834833,0.4271156994070737
1152,0.5446010693538347,0.5718311228215263,0.5555214307145769,0.3842515663382484
1153,0.6374747883834224,0.6693485278025935,0.6653824926723708,0.4122857478286512
1154,0.5111996372146153,0.536759619075346,0.5139958893539287,0.41370924881755544
1155,0.8083525687862384,0.8487701972255501,0.8237208447404496,0.1727928463676481
1156,0.6372303786352496,0.6690918975670119,0.6651103502254504,0.44620276434497474
1157,0.5490301088105904,0.5764816142511199,0.560982526824719,0.3566755343515542
1158,0.677866958495602,0.7117603064203819,0.7087528780124104,0.2751987812227109
1159,0.5949583176020565,0.6247062334821593,0.6165172321770613,0.34232722949424105
1160,0.5455948906846815,0.5728746352189155,0.5567480485266207,0.5113544784580311
1161,0.6406448931283379,0.6726771377847547,0.6689022895973251,0.26328029532901076
1162,0.3687370766009595,0.3871739304310074,0.3415679669731455,0.7461889546094342
1163,0.5048676558058875,0.5301110385961818,0.5060842694246491,0.3876195448176631
1164,0.46225060689183917,0.48536313723643104,0.45295284861890095,0.6687226439032439
1165,0.526678348656798,0.5530122660896378,0.5332985760023959,0.6013918958746557
1166,0.6176490600059925,0.6485315130062921,0.6429624348380325,0.4522392072298761
1167,0.77191125359149,0.8105068162710644,0.7956875701679833,0.2718489975192945
1168,0.5558174869870057,0.583608361336356,0.5693224822713486,0.44429438893675965
1169,0.6999054315927826,0.7349007031724216,0.7309656020868256,0.2501142307568364
1170,0.42843296055090013,0.44985460857844506,0.4114837044687663,0.6763043849070662
1171,0.6241167832067512,0.6553226223670887,0.6503513395078795,0.35270774886668466
1172,0.6823058221855755,0.7164211132948541,0.7133129642038912,0.3812514017653592
1173,0.7507707891213047,0.7883093285773698,0.7779662845773841,0.2148511737247661
1174,0.7703804863266522,0.8088995106429847,0.7944404784551895,0.23578857394210423
1175,0.4710353059568124,0.49458707125465295,0.4638572813338324,0.6050467917099809
1176,0.8279167939258292,0.8693126336221205,0.8374783201480203,0.16174488741220255
1177,0.6023033182880354,0.6324184842024371,0.625161931556011,0.4272054118201771
1178,0.6697116809243118,0.7031972649705273,0.7002646475341868,0.27417510126604994
1179,0.8860760283178368,0.9303798297337285,0.8732914898307405,0.11530359141654431
1180,0.48765249266876226,0.5120351173022003,0.48457051634452974,0.48376955699336666
1181,0.7293940315873876,0.7658637331667568,0.758957068868098,0.25420158437251644
1182,0.5959426117475587,0.6257397423349366,0.6176801154797217,0.36168933043757734
1183,0.6119664316657772,0.642564753249066,0.6364137040681492,0.46771065631691083
1184,0.8024821094676452,0.8426062149410273,0.819418175112419,0.24781257703507156
1185,0.8592629326852669,0.90222607931953,0.8576997291113788,0.1132529975949628
1186,0.5844386557736811,0.613660588562365,0.6040079629311401,0.4668471054486408
1187,0.7317353289835687,0.7683220954327471,0.7610921711734036,0.22409913414640376
1188,0.6070833315665483,0.6374374981448756,0.6307455728769495,0.3490465595588717
1189,0.7042984533967678,0.739513376066606,0.7352631730437844,0.31483602232793834
1190,0.7501594070804647,0.7876673774344878,0.7774378013237043,0.1895037915678929
1191,0.7505508755221268,0.7880784192982331,0.7777762929299594,0.32411541189613613
1192,0.8371402647450784,0.8789972779823322,0.843658005257826,0.19453373298058224
1193,0.6737771706483081,0.7074660291807234,0.7045138143602975,0.3481673239269829
1194,0.35882640944437016,0.37676772991658863,0.33051251360169265,0.6425867514745986
1195,0.672500689808502,0.706125724298927,0.703183431092371,0.41641980101162834
1196,0.7288001543135227,0.7652401620291988,0.7584134280244068,0.3494470231696302
1197,0.5433514385057341,0.5705190104310207,0.5539781225348257,0.45816861914459345
1198,0.6535742982113312,0.6862530131218976,0.6830602747523018,0.35814529422661906
1199,0.6150752739997436,0.6458290376997307,0.6400028166571032,0.48121354196322075
1200,0.5848394416378611,0.614081413719754,0.6044871674042489,0.4957544807364508
1201,0.471530556611504,0.4951070844420791,0.46447316473812084,0.3778755831961443
1202,0.55655699615888,0.5843848459668239,0.5702288664257779,0.5715118828562608
1203,0.5750252350133701,0.6037764967640386,0.5926970598868394,0.30628724811985947
1204,0.7459949147955477,0.7832946605353249,0.773814124089902,0.17900007984273925
1205,0.7517201123390949,0.7893061179560494,0.7787851082027715,0.18166088485238263
1206,0.643822454764241,0.676013577502453,0.6724115037657483,0.41676493560983285
1207,0.5935594718141719,0.6232374454048804,0.6148622885036951,0.5250488421563536
1208,0.7433634586303878,0.7805316315619071,0.7715029672059621,0.1853958860574455
1209,0.5492908672986684,0.5767554106636017,0.5613036007284727,0.3331518016171415
1210,0.6874298342668298,0.7218013259801712,0.7185234437886412,0.2861117822085217
1211,0.7321148573125421,0.7687206001781691,0.7614370500431438,0.2961870668988589
1212,0.48325992829439757,0.5074229247091173,0.47908711814452687,0.599242507601033
1213,0.6633547356954093,0.6965224724801796,0.6935510527440725,0.24146693807605418
1214,0.6429787404364846,0.6751276774583087,0.6714815859850942,0.40513692820225233
1215,0.5047694613189012,0.5300079343848462,0.5059615441267572,0.40862763451962497
1216,0.6024324732798073,0.6325540969437976,0.6253132466667038,0.35869847760049095
1217,0.4862362675772728,0.5105480809561364,0.4828021213771558,0.41412978675954193
1218,0.5961262858528252,0.6259326001454664,0.6178969665052487,0.33857569576907337
1219,0.6879567729777449,0.7223546116266321,0.7190559970636983,0.3488518357779835
1220,0.7179347962146326,0.7538315360253641,0.7483203251462102,0.24291056115099602
1221,0.6999078430439497,0.7349032351961471,0.7309679731985503,0.38968848457244265
1222,0.5726391190212895,0.6012710749723539,0.5898137768188096,0.40550514232665313
1223,0.5530481942631892,0.5807006039763486,0.5659241994032128,0.31872379033279635
1224,0.5838755663671793,0.6130693446855382,0.6033343609062994,0.35294596616837476
1225,0.7610182019407543,0.7990691120377919,0.7866905447873609,0.28470478594076365
1226,0.7939371168974967,0.8336339727423714,0.8130095917191551,0.15200404767996167
1227,0.5734753404294554,0.602149107450928,0.5908249454302814,0.5521828215315744
1228,0.7943813540072464,0.8341004217076086,0.8133470326968117,0.15209545404907523
1229,0.3492104239961079,0.36667094519591326,0.3199616867192649,0.5576215117617133
1230,0.7411233294959073,0.7781794959707026,0.7695224465535049,0.28964481849655593
1231,0.5543589362219702,0.5820768830330686,0.5675334433978243,0.33306894009261084
1232,0.6191234358045641,0.6500796075947922,0.6446529469335729,0.26701999342763694
1233,0.7361992776575513,0.7730092415404287,0.7651269097324106,0.3253903093940787
1234,0.5474708212829081,0.5748443623470535,0.5590615077309901,0.5229521574628848
1235,0.7319838073767448,0.7685829977455819,0.7613180031114237,0.20123217257679354
1236,0.4670639050945138,0.4904171003492394,0.45892267302558526,0.6755716934571973
1237,0.561374667976637,0.5894434013754688,0.5761218959778482,0.30840013135898203
1238,0.681045994913817,0.7150982946595077,0.7120230771268751,0.329552637111616
1239,0.6275599254239844,0.6589379216951835,0.6542558940818513,0.32930715193614496
1240,0.6245940865174748,0.6558237908433485,0.6508938252759443,0.432898220732198
1241,0.8348147543827175,0.8765554921018532,0.8421182052211302,0.12642493613409161
1242,0.4561056841101131,0.4789109683156187,0.4453512881398957,0.5711266159707572
1243,0.7155423584068962,0.7513194763272408,0.7460607170375742,0.32016361650825326
1244,0.5954975312341921,0.6252724077959017,0.6171544461210111,0.3536286368485672
1245,0.6495655452320261,0.6820438224936274,0.6787051874641143,0.4302940255160789
1246,0.6406052400624211,0.6726355020655421,0.668858377904619,0.38107587143724253
1247,0.5307624757209842,0.5573005995070334,0.5383774625083898,0.3382715708861921
1248,0.9642550793002717,1.0,0.9106237971372936,0.043904544838838364
1249,0.36420760018200105,0.382417980191101,0.33649301300491335,0.6194166909232526
1250,0.45740843135321935,0.48027885292088024,0.4469608362952974,0.5112660993602631
1251,0.6977881119060144,0.732677517501315,0.7288786122386726,0.3113434082773429
1252,0.7362128335210792,0.7730234751971331,0.7651390899802792,0.18640275965157052
1253,0.5834458142838149,0.6126181049980056,0.6028200012337285,0.33609918625122515
1254,0.6366470914303799,0.6684794460018988,0.6644604349338303,0.45321607849266743
1255,0.6382615724510184,0.6701746510735692,0.6662578040427718,0.40118905641152214
1256,0.5065413152035992,0.5318683809637791,0.5081759151890816,0.47479201608981114
1257,0.45316907490112673,0.475827528646183,0.44172735026684623,0.5506223076245925
1258,0.4074009268826311,0.42777097322676255,0.38627548087985586,0.4775359747029614
1259,0.6397129535912415,0.6716986012708034,0.6678694859719096,0.4270673867674027
1260,0.42518899947288263,0.4464484494465267,0.4075615545637918,0.5387216348159373
1261,0.8944021830005355,0.9391222921505622,0.8778269412896509,0.09440162035822786
1262,0.5480637149658284,0.5754669007141198,0.5597921555317582,0.4565776011512272
1263,0.6899458816806596,0.7244431757646925,0.7210607566111096,0.3794406985943106
1264,0.6933110419661896,0.727976594064499,0.7244323458396599,0.3191122321100784
1265,0.651362455225607,0.6839305779868872,0.6806612446894729,0.30244791501988355
1266,0.7122275929059836,0.7478389725512826,0.7429079517375212,0.2535955221304824
1267,0.6220412240858213,0.6531432852901122,0.64798781950319,0.267874750714331
1268,0.8133257471295142,0.8539920344859898,0.8273024766624772,0.1745487999748648
1269,0.7358784199843522,0.7726723409835697,0.7648384841080516,0.30501558995151373
1270,0.6242411975256518,0.6554532574019343,0.6504927819177719,0.4675441027931947
1271,0.49931307485449006,0.5242787285972145,0.49914134441221764,0.4147999769961912
1272,0.8699425286135094,0.9134396550441847,0.8640933604655767,0.13375257807675286
1273,0.7043209709558672,0.7395370195036605,0.7352850878172239,0.3036332532601133
1274,0.759706087093466,0.7976913914481392,0.7855875538493338,0.2774661420266094
1275,0.5809810763894095,0.61003013020888,0.5998656582053776,0.5398726854254927
1276,0.651923698275002,0.6845198831887519,0.6812708984071697,0.3065300725563002
1277,0.6489659098821929,0.6814142053763025,0.6780510416878143,0.3283103009924248
1278,0.6954965873055965,0.7302714166708761,0.7266084905278096,0.22717595680511252
1279,0.5724929908164974,0.6011176403573222,0.589636998696634,0.48167317054644554
1280,0.5735159847190635,0.6021917839550166,0.5908740734769204,0.5033619278325211
1281,0.6728090020354814,0.7064494521372554,0.7035050795163859,0.3822199380262192
1282,0.3915676912373019,0.4111460757991669,0.36768489550301753,0.7515236164310068
1283,0.5728109401301246,0.6014514871366307,0.5900216071686474,0.33199119565440355
1284,0.8096471419003833,0.8501294989954024,0.8246587673868151,0.22341652713277246
1285,0.9655141988214707,1.0,0.9111348609968299,0.029642833218703698
1286,0.6346086275844447,0.6663390589636669,0.6621842334366136,0.274814811155676
1287,0.46932963408975764,0.4927961157942454,0.46173699846578653,0.5341676603063403
1288,0.518441559924618,0.5443636379208489,0.5230356309393285,0.5222674573507337
1289,0.47047768058319234,0.4940015646123519,0.463163962051352,0.45560241826025943
1290,0.5691465952853391,0.5976039250496059,0.5855824558061598,0.4070688679374997
1291,0.6228549519924634,0.6539976995920865,0.6489153148418935,0.42697413541186785
1292,0.6611842600358733,0.6942434730376669,0.6912396777407965,0.42204449431469543
1293,0.7292819893113948,0.7657460887769644,0.7588545682383985,0.2218809579868706
1294,0.7707263892852257,0.8092627087494869,0.7947227727049184,0.29613379343502505
1295,0.5316867898876899,0.5582711293820743,0.5395258427048147,0.5919605572282245
1296,0.7686019369747791,0.8070320338235178,0.7929844473287284,0.17097318651073445
1297,0.7022895182037489,0.7374039941139362,0.733303349553935,0.22881755040041793
1298,0.7610564543493762,0.7991092770668449,0.7867226384300633,0.23337451952026397
1299,0.5846624208832053,0.6138955419273655,0.6042755350833345,0.46425720846838975
1300,0.47607230815860524,0.49987592356653543,0.47012600980098546,0.6054399389265924
1301,0.4439541376792389,0.4661518445632008,0.43039755816283587,0.7052876034584746
1302,0.551126694524222,0.578683029250433,0.5635626013273806,0.3420034726326638
1303,0.7437366105513943,0.7809234410789638,0.7718317081405279,0.21848784385811945
1304,0.6196478900477566,0.6506302845501443,0.6452534169749777,0.3503516353728521
1305,0.8793503458012083,0.9233178630912685,0.8695234435538614,0.13264425170050204
1306,0.6115059256274502,0.6420812219088227,0.6358807514475425,0.2891545682853184
1307,0.604557579408529,0.6347854583789553,0.6277994384609428,0.37084262294104287
1308,0.7071116768008924,0.7424672606409368,0.7379920845402295,0.2807803593843948
1309,0.5319772137038997,0.5585760743890946,0.5398865830721761,0.3810612670589063
1310,0.5836527144167931,0.6128353501376327,0.60306766334265,0.4205729096491872
1311,0.6681008041312422,0.7015058443378042,0.6985713579585391,0.29001647024718985
1312,0.5788533449159663,0.6077960121617645,0.597309403037059,0.37477226632343713
1313,0.6266300308269536,0.6579615323683011,0.6532034065341885,0.4566904008779956
1314,0.5604030691652273,0.5884232226234886,0.5749351107804619,0.43698228040270404
1315,0.775291877359221,0.8140564712271819,0.7984217602454311,0.188222173056917
1316,0.6087807031042477,0.63921973825946,0.6327200067975154,0.3110504711638008
1317,0.6972114357163497,0.732072007502167,0.7283084382330957,0.21703147807702408
1318,0.7480069529081531,0.7854073005535607,0.7755700654826068,0.25644552181070995
1319,0.48276047349397905,0.506898497168678,0.4784639246936337,0.38688378118649913
1320,0.7205459589360483,0.7565732568828506,0.7507712373940028,0.2802949721124515
1321,0.5438638840855585,0.5710570782898363,0.5546111262123654,0.5627953779103104
1322,0.7822235732707086,0.8213347519342439,0.8039422006339337,0.1732857021898232
1323,0.5835075250849953,0.612682901339245,0.6028938753725807,0.42786758442001
1324,0.4958160091482396,0.5206068096056515,0.4947702021665904,0.4631613335415554
1325,0.6169766757306449,0.647825509517177,0.6421902959248824,0.34411618832391405
1326,0.5816359147298887,0.6107177104663831,0.6006512945383365,0.5207084214031344
1327,0.5318578638954917,0.5584507570902663,0.5397383416792102,0.5072590087865073
1328,0.8265224999774797,0.8678486249763536,0.8365272108296212,0.1582132777974665
1329,0.7148598204865381,0.7506028115108648,0.745413626167337,0.34880454964043184
1330,0.6440112277094322,0.6762117890949036,0.6726193790387891,0.4350661838156553
1331,0.6540985331737683,0.6868034598324566,0.6836274576201727,0.31396254151060327
1332,0.6745857597335655,0.7083150477202437,0.7053547544178816,0.39938675794311945
1333,0.7170449794010617,0.7528972283711147,0.7474814725494447,0.2080057265507199
1334,0.5387161689154241,0.5656519773611952,0.5482446469992764,0.5854676572050994
1335,0.3285100898544456,0.3449355943471678,0.29787248287871304,0.7881785911829426
1336,0.6689801015848535,0.7024291066640961,0.6994963147217907,0.40819531538714615
1337,0.6367960894698129,0.6686358939433035,0.6646265122027377,0.33351533621280904
1338,0.8559975304531339,0.8987974069757904,0.8556953412077652,0.1723048354659986
1339,0.8229444176566408,0.8640916385394727,0.8340659545079517,0.22618482784188254
1340,0.6129529061134419,0.6436005514191139,0.6375542423833895,0.291538606946991
1341,0.541338640979815,0.5684055730288057,0.5514901178692366,0.396176464088047
1342,0.5030391044750174,0.5281910596987682,0.5037988074974308,0.547643755382631
1343,0.6935814404485275,0.7282605124709538,0.724702162338196,0.25362852612055875
1344,0.5863868577058744,0.615706200591168,0.6063354639568068,0.35406525088833396
1345,0.728229798706108,0.7646412886414133,0.7578905331357907,0.2164125824301446
1346,0.7379720056556656,0.7748706059384487,0.7667160294627854,0.21943801374869173
1347,0.8893014519047677,0.933766524500006,0.8750652943350807,0.09620334133249513
1348,0.8451557768751773,0.887413565718936,0.8488716965839949,0.13768232868943997
1349,0.7311997719896277,0.767759760589109,0.7606049268157549,0.2147439560050145
1350,0.8537081762747567,0.8963935850884944,0.8542761215572768,0.1409500459900701
1351,0.6662712100673791,0.699584770570748,0.6966415831665254,0.3064806558887311
1352,0.7424143480537853,0.7795350654564744,0.7706653143252504,0.2703428083817923
1353,0.5509328913825876,0.5784795359517169,0.5633242477594581,0.46367161250911515
1354,0.608902618190041,0.639347749099543,0.6328616517634131,0.33027673770508775
1355,0.6411013496141416,0.6731564170948485,0.6694075562983531,0.3520358593719518
1356,0.7052208471163929,0.7404818894722124,0.7361599238597379,0.3030106571575606
1357,0.6650746348509677,0.698328366593516,0.6953757239883442,0.3048547842668422
1358,0.6895594570469568,0.7240374298993044,0.7206719786072404,0.27281614103589996
1359,0.6417929407246126,0.6738825877608431,0.6701723568110929,0.44793058895131826
1360,0.593882314433246,0.6235764301549082,0.6152444739619115,0.468550775316706
1361,0.43916221649028986,0.4611203273148043,0.42453378819596965,0.5202158766482865
1362,0.5575080488264996,0.5853834512678245,0.5713938376108086,0.5425826985516443
1363,0.6727916682009907,0.7064312516110401,0.703487001249042,0.3193008414138037
1364,0.6543507345150342,0.6870682712407858,0.6839001261831339,0.41025411666934286
1365,0.6719231632723733,0.7055193214359918,0.7025803811233392,0.33984484270674575
1366,0.45204304805618023,0.47464520045898917,0.44033939399802635,0.711172127611781
1367,0.6013527539894465,0.6314203916889187,0.6240475207168289,0.34471166867545633
1368,0.8008400889356625,0.8408820933824455,0.818200122111751,0.22991477098479415
1369,0.6809659674308896,0.7150142658024339,0.7119410235044171,0.34632258877620214
1370,0.7038572983124182,0.739050163228039,0.7348335933731602,0.31251604117919946
1371,1.0,1.0,0.9241418199787564,0.008015369199262726
1372,0.9152803117534082,0.9610443273410785,0.8885882885199949,0.0750372675425732
1373,0.7238505045117293,0.7600430297373156,0.7538500407374947,0.24022519679463156
1374,0.7985209181803391,0.8384469640893559,0.8164688856214712,0.177017868716913
1375,0.5220872966396458,0.548191661471628,0.5275810944120248,0.4483113753792979
1376,0.7077469187942623,0.7431342647339754,0.738605771351917,0.24307686364896888
1377,0.6071402379178759,0.6374972498137695,0.6308118394494273,0.35248944922318737
1378,1.0,1.0,0.9241418199787564,0.009695371974610735
1379,0.5440385942345789,0.5712405239463078,0.5548268983353871,0.45983303518709645
1380,0.46973539038737844,0.4932221599067473,0.46224126255717607,0.673979189137377
1381,0.6906198734761977,0.7251508671500074,0.7217380584707325,0.23933111349178282
1382,0.7476018360565776,0.7849819278594063,0.7752172931860339,0.2411533510444238
1383,0.6812184719974484,0.7152793955973208,0.7121998736551112,0.3370110583420256
1384,0.5355202438990377,0.5622962560939895,0.5442839649057166,0.35312557015537516
1385,0.6112145575219691,0.6417752853980674,0.6355433730786973,0.281057635896252
1386,0.7394815663597561,0.7764556446777439,0.7680633302453874,0.25879321381736525
1387,0.5116514066675842,0.5372339770009633,0.5145601406175431,0.5629909656123482
1388,0.5993326672776176,0.6292993006414983,0.6216748830645826,0.32578086120983835
1389,0.20533309514408893,0.21559974990129332,0.18643631170336428,0.5783231097679178
1390,0.5761039567463763,0.604909154583695,0.5939984623304132,0.5340742147592834
1391,0.6165507793977367,0.6473783183676235,0.6417008315191829,0.46988539536268986
1392,0.5239552415207415,0.5501530035967784,0.5299083042226528,0.3992364041986678
1393,0.6741403328516743,0.7078473494942579,0.7048916787570612,0.3391153475832476
1394,0.697052604428609,0.7319052346500393,0.7281512658345857,0.3274777297169885
1395,0.6750378415640327,0.7087897336422342,0.7058243157882722,0.3211444085198981
1396,0.6295430531931232,0.6610202058527792,0.6564954185440893,0.3494765592686623
1397,0.5712670331414224,0.5998303847984934,0.5881529924253465,0.48767069253116263
1398,0.6312962371992457,0.6628610490592078,0.658469493288415,0.45977720835967484
1399,0.6412460693307765,0.6733083727973153,0.6695676698120095,0.2567138314494953
1400,0.6305740257658926,0.6621027270541872,0.657656947869811,0.4497742523440834
1401,0.691152182726204,0.7257097918625142,0.72227226716128,0.28448175065762094
1402,0.4256323450165829,0.446913962267412,0.40809690433143564,0.7412753166628345
1403,0.5958861738509821,0.625680482543531,0.617613473828377,0.4954017474965596
1404,0.4731791452810357,0.4968381025450874,0.4665240856851339,0.5608040325541572
1405,0.6599713802070255,0.6929699492173766,0.6899438700393494,0.25427647530872327
1406,0.5336486739309787,0.5603311076275276,0.5419619085186316,0.4078435495394078
1407,0.6394959403674962,0.6714707373858709,0.6676287529579756,0.27121272194597124
1408,0.4727117571803837,0.4963473450394028,0.46594251518258506,0.4818763135897071
1409,0.8078682652840065,0.8482616785482067,0.8233689530645768,0.2167367197532109
1410,0.5983041765141757,0.6282193853398843,0.6204646479070076,0.3486610284673925
1411,0.6626896020737998,0.6958240821774897,0.6928437673107973,0.2691960184015569
1412,0.48318467977702795,0.5073439137658793,0.4789932227868999,0.4606501125344053
1413,0.5736820047993983,0.6023661050393682,0.5910747283796657,0.3104732487801645
1414,0.5746026000775292,0.6033327300814055,0.5921868244303691,0.4522772729164326
1415,0.6942526873398711,0.7289653217068646,0.7253712558840707,0.23999000200126047
1416,0.45031903965345615,0.4728349916361289,0.4382161706399081,0.5802798483076024
1417,0.48391290556138267,0.5081085508394517,0.47990196674726016,0.39239022616642144
1418,0.5491322722142921,0.5765888858250066,0.5611083274964457,0.4098550759865003
1419,0.5992246163832219,0.6291858472023829,0.6215478094435156,0.40122921304189313
1420,0.45794873841823475,0.4808461753391464,0.44762871558700734,0.5854508523213906
1421,0.6662497054278091,0.6995621906991994,0.6966188595842052,0.255157712915642
1422,0.5706866313502451,0.5992209629177573,0.5874498621712186,0.38438962771274315
1423,0.6633434534093243,0.6965106260797904,0.6935390630411317,0.3325735687659084
1424,0.40170645969806645,0.4217917826829697,0.3795478756892482,0.7084495630508002
1425,0.786588284556631,0.8259176987844624,0.8073592098218291,0.1734774850248019
1426,0.5256574516839511,0.5519403242681485,0.5320279013942979,0.5717008191326439
1427,0.5342521336462078,0.5609647403285182,0.5427108249083141,0.5619998258273455
1428,0.5945638136709649,0.624292004354513,0.6160507746576649,0.38563572213766056
1429,0.608841063112432,0.6392831162680536,0.6327901379110561,0.4704253699200986
1430,0.48705701217255687,0.5114098627811846,0.48382690926188565,0.6523411266621062
1431,0.733648738958312,0.7703311759062275,0.76282740859996,0.2967915426435851
1432,0.44020518722417185,0.4622154465853804,0.4258083009341197,0.6108754129691603
1433,0.5190083336882323,0.5449587503726439,0.523742547758275,0.5625718143092714
1434,0.6889526321428341,0.7234002637499757,0.720060788824384,0.3657415418004479
1435,0.629302974623354,0.6607681233545216,0.6562246681027185,0.46543130385497955
1436,0.8241443482025994,0.8653515656127292,0.8348946426653688,0.15234455408266562
1437,0.7613033782869726,0.7993685472013211,0.7869297220937386,0.20224072298386866
1438,0.6407760330827457,0.6728148347368829,0.6690474926617777,0.28685620248531046
1439,0.7494912770148676,0.7869658408656108,0.7768592387019151,0.26823006207133254
1440,0.64732749165138,0.6796938662339489,0.676260123758249,0.270257361063055
1441,0.3181862286688625,0.3340955401023055,0.28719041576121873,0.7378510570715622
1442,0.3731154087405625,0.3917711791775905,0.3465083234768294,0.5452227814157391
1443,0.7529059007942275,0.7905511958339387,0.7798048511183593,0.22162740088363367
1444,0.5343337185590448,0.561050404486997,0.5428120601422246,0.5183857823184617
1445,0.7581719154978183,0.7960805112727091,0.7842926460492377,0.3085679207366638
1446,0.5124960911133396,0.5381208956690064,0.5156150343816854,0.620237002944137
1447,0.6663983896103824,0.6997183090909015,0.6967759519517186,0.24858758588956942
1448,0.49996979261320657,0.5249682822438668,0.49996224076657997,0.6045149234584637
1449,0.6262703247948002,0.65758384103454,0.6527958756241763,0.3179297919989771
1450,0.6890238445589095,0.7234750367868549,0.7201325557907698,0.3755132338223499
1451,0.45655475923128475,0.4793824971928489,0.4459059941013706,0.5912827428743992
1452,0.5686771768212721,0.5971110356623356,0.5850127594942114,0.4555453790356485
1453,0.5641184701338492,0.5923243936405416,0.5794686057589646,0.44438092262476736
1454,0.4980914224083162,0.5229959935287319,0.49761429611521824,0.4718095705768084
1455,0.7910752916164664,0.8306290561972896,0.8108244973193763,0.2676982346068114
1456,0.6849765548207452,0.7192253825617823,0.7160359590578759,0.28144675908082806
1457,0.5233865779034289,0.5495559067986002,0.5291999583082949,0.46503661077760683
1458,0.6344688061026522,0.6661922464077847,0.6620278279862697,0.387817338298156
1459,0.6910511192800419,0.7256036752440439,0.7221708916473928,0.370266562155245
1460,0.4483792407664404,0.47079820280476237,0.435829894097158,0.6759503672345504
1461,0.7023391385995754,0.737456095529554,0.7333518679369858,0.3182585286918131
1462,0.7168887615708743,0.7527331996494179,0.7473340111933094,0.3087547796302828
1463,0.5504140785288554,0.5779347824552981,0.5626860293067185,0.3239290704581702
1464,0.6533774921139663,0.6860463667196646,0.6828472046748189,0.2867718456823511
1465,0.6246857560818556,0.6559200438859483,0.6509979689297904,0.42346229902383814
1466,0.6650772553711752,0.6983311181397339,0.6953784994832893,0.3280699879561551
1467,0.7743265394766444,0.8130428664504765,0.7976438123205809,0.19287610535692823
1468,0.6992672412981165,0.7342306033630221,0.7303376235864358,0.3193327685021697
1469,0.5846748611410851,0.6139086041981393,0.6042904089705013,0.3719336936814364
1470,0.6148418720211828,0.6455839656222419,0.6397338945909662,0.4458039967036363
1471,0.7462777527723071,0.7835916404109223,0.7740615479916582,0.2960423784900752
1472,0.6130265935235076,0.6436779231996829,0.6376393760705112,0.3316144873661994
1473,0.6023035531610332,0.6324187308190848,0.6251622067501923,0.32823934035526403
1474,0.6864799950927513,0.7208039948473887,0.7175619347182864,0.23323254587415856
1475,0.8003541768928151,0.8403718857374557,0.8178384488045503,0.19906108705370396
1476,0.6754715150882116,0.709245090842622,0.7062743467023878,0.32643096319378395
1477,0.6758179375437183,0.7096088344209042,0.7066335465142592,0.3916028751982108
1478,0.6238745969607568,0.6550683268087945,0.6500759303281773,0.37118534403895037
1479,0.544315432172751,0.5715312037813884,0.5551687589007563,0.4128179386265415
1480,0.7402636871708922,0.7772768715294367,0.7687592428676289,0.21445949482551988
1481,0.8610104595915863,0.9040609825711654,0.8587628358528634,0.14506484079619225
1482,0.5966318772247333,0.6264634710859699,0.6184936397422227,0.30746158897772097
1483,0.7206678129058879,0.7567012035511822,0.750885222763435,0.35560070209581995
1484,0.5720318239847879,0.6006334151840272,0.5890789519594375,0.43770831566953594
1485,0.7581910856371757,0.7961006399190343,0.7843088614069642,0.18015712360187977
1486,0.7527318261035058,0.7903684174086809,0.7796553635535448,0.2244846427673267
1487,0.8438285570232509,0.8860199848744132,0.8480183887012974,0.1922979871965266
1488,0.6594723358158792,0.692445952606673,0.6894098360198575,0.2938924069862
1489,0.75036544379096,0.7878837159805079,0.7776160012504472,0.23598175686383743
1490,0.48528347493680674,0.509547648683647,0.4816126393037965,0.3775147002446765
1491,0.7753807875773694,0.8141498269562377,0.7984932987858194,0.27599979260582996
1492,0.6750778460757519,0.7088317383795394,0.7058658460325448,0.24611304212128163
1493,0.6153942968650836,0.6461640117083377,0.6403702476071828,0.47655602074418524
1494,0.6789343960453067,0.712881115847572,0.7098533635191028,0.2968024081245824
1495,0.5873525515290524,0.6167201791055049,0.6074873909400902,0.32532774068736375
1496,0.6448169943852122,0.6770578441044727,0.6735059206735498,0.4335704683948634
1497,0.48981640847956565,0.5143072289035439,0.4872732601335306,0.5990148847169124
1498,0.6828460214239241,0.7169883224951202,0.7138649929956724,0.3158841331247208
1499,0.4518507421253627,0.47444327923163077,0.4401024476523162,0.6085698891434443
1500,0.6073785970818083,0.6377475269358986,0.6310893514100729,0.46312818204988726
1501,0.43031748229016137,0.4518333564046694,0.4137674170795525,0.4092459946866769
1502,0.6816501071920142,0.7157326125516148,0.7126420349376017,0.2832107702386655
1503,0.8227948580155623,0.8639346009163402,0.8339624334264767,0.17574031457289815
1504,0.665363858993849,0.6986320519435413,0.6956819667409173,0.4070899803500362
1505,0.4782314557925125,0.5021430285821381,0.47281615110448655,0.5122452956961232
1506,0.7055797507676483,0.7408587383060307,0.7365083226889995,0.3142908982039516
1507,0.7442175192534067,0.781428395216077,0.7722548895322618,0.3076552606881003
1508,0.8376565585016452,0.8795393864267274,0.8439981968743295,0.17219648214766087
1509,0.4299199428291936,0.4514159399706532,0.4132853561725132,0.4211164926529365
1510,0.5020433310646712,0.5271454976179047,0.5025541416140927,0.4554228508353712
1511,0.5415366515285434,0.5686134841049705,0.5517349936921301,0.4327452500393572
1512,0.5766033206039821,0.6054334866341812,0.5946004643780463,0.48574762930941456
1513,0.4803578471888071,0.5043757395482473,0.4754670249195789,0.4336687885224007
1514,0.6660706078590541,0.6993741382520068,0.696429572951262,0.24424447101187127
1515,0.48634988842722077,0.5106673828485817,0.4829439807952624,0.47285438053469053
1516,0.5042837820163008,0.5294979711171157,0.5053545228142017,0.6163788981197156
1517,0.5949152457547567,0.6246610080424945,0.6164663148646119,0.4617503610093623
1518,0.944783560090751,0.9920227380952884,0.9023768704170498,0.053603376287335545
1519,0.5791257427843501,0.6080820299235675,0.5976369600689312,0.33901232620325367
1520,0.5796565028156687,0.608639327956452,0.5982749458126921,0.5055428700640057
1521,0.6628043565835398,0.6959445744127166,0.692965859069509,0.4269229476090565
1522,0.6986096157010812,0.733540096486135,0.7296895543536606,0.3157410571490358
1523,0.5345496535249573,0.5612771362012051,0.5430799875328557,0.516804339917393
1524,0.5876097185722813,0.6169902045008953,0.6077939513842515,0.3720176564529733
1525,0.6594694494668486,0.6924429219401909,0.6894067458296521,0.43077621703767677
1526,0.7848679884069373,0.824111387827284,0.8060178809410432,0.26871134011617287
1527,0.5723750602960958,0.6009938133109004,0.5894943157445383,0.3462028568119633
1528,0.8154607002890806,0.8562337353035344,0.8288222889543388,0.1817639860942603
1529,0.661734103721989,0.6948208089080884,0.6918261275420209,0.3769989903019104
1530,0.604641247540847,0.6348733099178893,0.6278971857679347,0.4277531963930818
1531,0.632381842001119,0.6640009341011749,0.6596891355001437,0.32605473223493453
1532,0.5318974684596155,0.5584923418825962,0.5397875342921774,0.352501800226511
1533,0.5780441697475188,0.6069463782348946,0.5963358630035999,0.526044480334974
1534,0.7173327623740813,0.7531994004927852,0.7477529752027002,0.26039116840338383
1535,0.6499361156364062,0.6824329214182264,0.6791090947772418,0.2614604171806014
1536,0.7863550123635108,0.8256727629816862,0.8071777402973573,0.20983475634038837
1537,0.7737366953770201,0.8124235301458709,0.7971673661763374,0.24192200632216634
1538,0.5277385455840624,0.5541254728632654,0.5346177085193405,0.46228197785605474
1539,0.6728856828752012,0.7065299670189612,0.7035850459025336,0.33003148991402925
1540,0.641632806893517,0.6737144472381927,0.6699953516970665,0.3853247819435353
1541,0.7953797524341119,0.8351487400558173,0.8141037000091301,0.1696163986028724
1542,0.7379515600278882,0.7748491380292825,0.7666977441776497,0.19211382480091863
1543,0.7749246320668965,0.8136708636702412,0.7981260678344915,0.24497881140727454
1544,0.5984692257176337,0.6283926870035152,0.6206589643341909,0.40828743881225543
1545,0.6787444151696085,0.7126816359280888,0.7096576807331141,0.2869967293709674
1546,0.6841482268423492,0.7183556381844666,0.71519309283461,0.3562458098809883
1547,0.8385448332901737,0.8804720749546823,0.8445820784144568,0.17412412683349446
1548,0.6826936499016386,0.7168283323967204,0.7137093492632257,0.4091498496123584
1549,0.7078503427062275,0.7432428598415387,0.7387055979022126,0.24454855674561693
1550,0.6506819487265957,0.6832160461629253,0.6799212108835645,0.32255422803414313
1551,0.7706923149020655,0.8092269306471686,0.7946949770926853,0.280815315381396
1552,0.4791237187999939,0.5030799047399935,0.47392831615712033,0.4463583135688365
1553,0.591512992541845,0.6210886421689371,0.6124363588835093,0.4801712411126966
1554,0.7062039456791451,0.7415141429631023,0.7371135436858888,0.32647860045246746
1555,0.34258968892863667,0.3597191733750684,0.3128021080019924,0.5567600724305585
1556,0.5850162218557728,0.6142670329485613,0.6046984730970797,0.3486870582224018
1557,0.6328493383873883,0.6644918053067577,0.6602137027002098,0.4165304202349339
1558,0.44238240145294483,0.464501521525592,0.42847202240598714,0.4761935288208812
1559,0.6124117632048461,0.6430323513650883,0.6369287766255577,0.3747423607360854
1560,0.5481165912980881,0.5755224208629924,0.5598573047254584,0.38765490853734896
1561,0.811034095653925,0.8515858004366211,0.8256592554184068,0.140865785623185
1562,0.6259305906254815,0.6572271201567554,0.6524107662041663,0.35723352076177906
1563,0.8039175194422813,0.8441133954143952,0.8204777441580855,0.243172208857577
1564,0.773697547648325,0.8123824250307411,0.7971357150494564,0.17540967324914664
1565,0.4089630544053082,0.42941120712557357,0.38812876000118907,0.5908984282635819
1566,0.5659457802975048,0.5942430693123799,0.5816934129359926,0.3930048771581596
1567,0.5358550059018884,0.5626477561969827,0.5446991040831717,0.5029720969260849
1568,0.802045656075702,0.8421479388794869,0.8190950355236185,0.20999972810595965
1569,0.7478418944112318,0.7852339891317933,0.7754263814634071,0.17973712951207207
1570,0.5794478271094193,0.6084202184648903,0.5980241524000952,0.4162658834419979
1571,0.39893008955886156,0.41887659403680455,0.37628433019798285,0.4392824071135528
1572,0.8700126882902196,0.9135133227047304,0.8641345515717809,0.10786358586966474
1573,0.5619346883832684,0.5900314228024317,0.5768055500074587,0.3811092405573724
1574,0.6066516249717214,0.6369842062203074,0.6302426967441473,0.3515809595292417
1575,0.8110231377293893,0.8515742946158587,0.8256513685279545,0.23623124593312134
1576,0.6756453320415692,0.7094275986436476,0.7064546067875742,0.35600799335734
1577,0.5608641220098962,0.5889073281103909,0.5754983846010411,0.5053625367827419
1578,0.721867037689572,0.7579603895740505,0.7520051492423792,0.291675896781794
1579,0.4584359797067058,0.481357778692041,0.448231161855394,0.689001933237402
1580,0.45837038252143053,0.481288901647502,0.44815004575825007,0.6983256626305694
1581,0.6169224782543665,0.6477686021670848,0.6421280255251516,0.290675663442453
1582,0.4857716946081615,0.5100602793385695,0.48222211562366735,0.5412396834137916
1583,0.6774926458788884,0.7113672781728326,0.708366394892139,0.3772681823981432
1584,0.8023025010668902,0.8424176261202345,0.8192852518944105,0.2280657767004422
1585,0.5988642570182883,0.6288074698692026,0.6211238870231557,0.2859009283771256
1586,0.5710212236498345,0.5995722848323262,0.5878552492060211,0.4363934677582435
1587,0.719580030351569,0.7555590318691473,0.7498664505585977,0.21552987858803846
1588,0.654468681458195,0.6871921155311047,0.6840276016438172,0.3134365463729505
1589,0.5522962162454229,0.5799110270576939,0.5650003394568685,0.5119901168945492
1590,0.6347597857308179,0.6664977750173587,0.6623532802782175,0.32881901693571525
1591,0.6118134846210196,0.6424041588520705,0.6362367325364244,0.4391714215370481
1592,0.48737566904550195,0.511744452497777,0.4842248237689017,0.5100108209142824
1593,0.9132526110086462,0.9589152415590784,0.8875806240819019,0.10134409799991569
1594,0.7775129683962256,0.8163886168160368,0.8002031994621572,0.17348654171825875
1595,0.7174804030179971,0.7533544231688968,0.7478921884922393,0.3367848607120544
1596,0.9056973885545405,0.9509822579822674,0.8837557294636313,0.08969635922394847
1597,0.45432438647457374,0.4770406057983023,0.44315234998047787,0.5375611572243175
1598,0.8490383709007407,0.8914902894457777,0.8513453274797921,0.1528368192478223
1599,0.8026389505907794,0.8427708981203182,0.8195341865432492,0.21137842833228762
1600,0.679959618362784,0.7139575992809231,0.7109080086635218,0.33216281976595036
1601,0.6715111192853555,0.7050866752496231,0.702149695517055,0.2413202320394681
1602,0.5191087510224548,0.5450641885735774,0.5238677848999317,0.5525318076189044
1603,0.6223882938338495,0.6535077085255419,0.6483835501387544,0.4660526336204831
1604,0.48380860811987125,0.5079990385258647,0.4797718069573264,0.6014063437195446
1605,0.38269550675789427,0.4018302820957889,0.3574331592322967,0.49459601560322597
1606,0.6262311283337546,0.6575426847504422,0.6527514542342909,0.43415693448973347
1607,0.5028635039949638,0.5280066791947119,0.5035793188497883,0.49137156043046804
1608,0.7330358622175859,0.7696876553284651,0.7622725484751693,0.1940213644931426
1609,0.6298346933179605,0.6613264279838584,0.6568241810944873,0.33158323739260753
1610,0.5764731979289354,0.605296857825382,0.5944436238868567,0.41112053189600495
1611,0.4475746844018262,0.4699534186219174,0.43484102026616445,0.6665348145162082
1612,0.5321953197769335,0.55880508576578,0.5401574688859145,0.3676882075958233
1613,0.6244746805982364,0.6556984146281482,0.6507581493930851,0.30711540876417665
1614,0.7020415348672623,0.7371436116106252,0.7330607894740189,0.29935574060919995
1615,0.590009512611939,0.6195099882425359,0.6106505424333141,0.3404705714475729
1616,0.6671915890098676,0.7005511684603609,0.6976132302024657,0.3657357466044198
1617,0.5888146063147133,0.6182553366304488,0.6092291235414021,0.4678550178851571
1618,0.5981111004790078,0.6280166555029582,0.6202372857776186,0.44726069556465364
1619,0.5755513201797455,0.6043288861887327,0.5933319086036731,0.5267178312307768
1620,0.5777245275477797,0.6066107539251686,0.595951083447829,0.4139230894949201
1621,0.6954682675014109,0.7302416808764813,0.7265803611791161,0.3950214755760961
1622,0.7104808191770631,0.746004860135916,0.7412362842864575,0.2380587239736604
1623,0.6468230932198745,0.6791642478808682,0.6757077327814526,0.34813833776814224
1624,0.49550257649207347,0.520277705316677,0.494378457500425,0.5640505724961419
1625,0.34058650006465657,0.35761582506788936,0.3106531583348888,0.6318890645835459
1626,0.41193810494763894,0.43253501019502083,0.3916672299647044,0.528238770305667
1627,0.7148127577939658,0.750553395683664,0.7453689676462891,0.28561256761225545
1628,0.6763373888422443,0.7101542582843563,0.7071716753738178,0.38559044885675137
1629,0.6678689885169541,0.7012624379428016,0.6983272354063267,0.4221724694412932
1630,0.709815153043407,0.7453059106955773,0.7405973812446184,0.2484122197937362
1631,0.508432023644284,0.5338536248264981,0.5105384686123894,0.5880735830125373
1632,0.47163765381019696,0.4952195365007067,0.46460636290041013,0.39750341409420625
1633,0.47249808036065183,0.49612298437868435,0.4656766680882737,0.5599817643340768
1634,0.534432458739631,0.5611540816766124,0.5429345778850855,0.37748135149058776
1635,0.618977921987025,0.6499268180863761,0.6444862611273796,0.3240068687602744
1636,0.7898978097382162,0.8293927002251269,0.8099197856264226,0.2308659996189817
1637,0.7901710178889387,0.8296795687833856,0.810129998197872,0.23165270707106328
1638,0.7355874990950176,0.7723668740497683,0.7645767573322504,0.1853295993824808
1639,0.5546413167663692,0.5823733826046875,0.5678799466235549,0.5281038383503799
1640,0.6738732628640949,0.7075669260072995,0.7046138240838905,0.2603853811144862
1641,0.36148165179033587,0.37955573437985257,0.3334567757602098,0.5729658375997015
1642,0.5752566742691322,0.6040195079825887,0.5929763854700448,0.52913170248248
1643,0.626143170566519,0.6574503290948449,0.6526517619255772,0.41382755196531174
1644,0.6273266941320574,0.6586930288386602,0.6539920560899676,0.47088935416351757
1645,0.6876582682651418,0.7220411816783987,0.7187543871526926,0.3452461268911603
1646,0.6328288034737237,0.6644702436474098,0.6601906691742753,0.3660283820929971
1647,0.699579130662384,0.7345580871955031,0.7306446378428708,0.25869340645551775
1648,0.5335601523588751,0.5602381599768188,0.5418520338593327,0.4150734366618703
1649,0.5296042862042678,0.5560845005144811,0.5369379387921005,0.493074285209947
1650,0.5677576970962239,0.5961455819510351,0.583896201589887,0.496200195271848
1651,0.8450035643013599,0.8872537425164277,0.8487740350144559,0.19398503445404955
1652,0.6938188061814262,0.7285097464904974,0.7249388821080056,0.3051557912963676
1653,0.7720244052045302,0.8106256254647566,0.7957795294260595,0.17765984305923643
1654,0.5473017061455487,0.5746667914528261,0.5588530530005575,0.4278233492411332
1655,0.7879399706485372,0.8273369691809639,0.8084081676907262,0.22913900239039758
1656,0.7820168627828804,0.8211177059220243,0.803779241811291,0.22406010158784861
1657,0.7688558879836965,0.8072986823828813,0.793192812917277,0.24140113981572386
1658,0.6789519893214383,0.7128995887875101,0.7098714808781437,0.3945395104962175
1659,0.45790036389086075,0.48079538208540373,0.4475689115821504,0.5432453558910137
1660,0.6714509903417025,0.7050235398587875,0.7020868162123662,0.31873224661580996
1661,0.6935677830157053,0.7282461721664905,0.7246885382295419,0.22160530007087986
1662,0.6547054340332998,0.6874407057349647,0.6842833971082793,0.2755320339803858
1663,0.7638601175666998,0.8020531234450347,0.789065319028535,0.1834079666417888
1664,0.4552824955514218,0.4780466203289928,0.4443348246984955,0.6488984202234817
1665,0.588176895179324,0.6175857399382901,0.6084697634555497,0.3244285368339557
1666,0.5663515009666205,0.5946690760149513,0.5821869432927104,0.31740004992915505
1667,0.48061995793017004,0.5046509558266784,0.47579388502978154,0.5672721905463817
1668,0.46972924223438783,0.4932157043461071,0.4622336212026007,0.6852964511261029
1669,0.43706333192358376,0.45891649851976285,0.4219720021707514,0.49942997670796146
1670,0.5095307113112186,0.5350072468767795,0.5119111351795179,0.5752358944314175
1671,0.7779864023205518,0.8168857224365793,0.8005813889691973,0.28705804724154294
1672,0.5297135740258452,0.5561992527271373,0.5370738002557126,0.541576611163168
1673,0.6315620229191099,0.6631401240650653,0.6587682896431923,0.3043017514794418
1674,0.8525158709985311,0.8951416645484574,0.8535324119677945,0.1626159198342756
1675,0.5345879776258196,0.5613173765071104,0.5431275366405877,0.4496856669668071
1676,0.761242001889924,0.79930410198442,0.7868782622508959,0.1984393819266146
1677,0.7212526759511517,0.7573153097487092,0.751431833821327,0.24091278292059345
1678,0.47679503796850303,0.5006347898669281,0.4710262932527575,0.5313716019438258
1679,0.5484092628908367,0.5758297260353784,0.5602178695084667,0.46826749508402515
1680,0.6581546375082336,0.6910623693836451,0.6879973248255815,0.31674752726992916
1681,0.7083737711153579,0.7437924596711257,0.7392104420335859,0.2331119003122793
1682,0.35154854232570215,0.3691259694419872,0.3225107342865714,0.822075838544098
1683,0.7829469577581186,0.8220943056460244,0.8045116701742838,0.2429097957270491
1684,0.8574461739696575,0.9003184826681402,0.8565874374070923,0.15221599125973234
1685,0.844155141152301,0.8863628982099159,0.8482287251631511,0.13429930164474202
1686,0.5433078189874779,0.5704732099368517,0.5539242329601711,0.34110872560000344
1687,0.8391147419748212,0.8810704790735621,0.8449557514147913,0.1956765632104558
1688,0.7870377687162561,0.8263896571520687,0.8077085104572113,0.2695793016078478
1689,0.7033951818031009,0.7385649408932559,0.7343831247834696,0.3636743534743168
1690,0.5862485406219793,0.6155609676530781,0.6061703753839166,0.4168543382593325
1691,0.721287751306418,0.7573521388717388,0.7514645896076806,0.24916085987769435
1692,0.5984111951263232,0.6283317548826393,0.6205906479204814,0.3238371157665898
1693,0.6519749404266009,0.6845736874479308,0.6813265296478412,0.32171317570338526
1694,0.5396136607267344,0.566594343763071,0.5493558245661606,0.41792459636172274
1695,0.5794550857181707,0.6084278400040791,0.5980328768997752,0.42698982741422764
1696,0.7924842506130576,0.8321084631437103,0.8119027198236499,0.263203045705662
1697,0.8290864893032871,0.8705408137684513,0.8382727765723883,0.16915650413079578
1698,0.7238350805317807,0.7600268345583696,0.7538357300766535,0.20729157257504535
1699,0.522896089084558,0.5490408935387858,0.5285888948779113,0.361900262211493
1700,0.7358832403114673,0.7726774023270406,0.7648428190144709,0.28137615669440985
1701,0.651677034559373,0.6842608862873415,0.6810030346978079,0.355445969776137
1702,0.6523376062274618,0.6849544865388348,0.6817201113724607,0.3954355386245276
1703,0.5385151271638068,0.5654408835219971,0.5479956724260511,0.5435262871790701
1704,0.4583489469768732,0.4812663943257168,0.4481235396133705,0.5186559571074539
1705,0.643828821020248,0.6760202620712602,0.6724185153393477,0.3372642886804521
1706,0.7030961366671159,0.7382509435004716,0.7340913570605521,0.22866517228747715
1707,0.646618926423852,0.6789498727450445,0.6754840005945112,0.35405913060626304
1708,0.49660740452217467,0.5214377747482833,0.4957593573366935,0.43565683531950306
1709,0.7187409491814227,0.7546779966404937,0.7490787072604665,0.3497825609220939
1710,0.4597473259012721,0.48273469219633564,0.4498533172807596,0.4855512877330469
1711,0.6485927044257206,0.6810223396470065,0.6776435567199179,0.3007005993546935
1712,0.6360087720368091,0.6678092106386494,0.6637484864726921,0.41685778663578604
1713,0.6785624352168415,0.7124905569776834,0.7094701658995585,0.280179990339136
1714,0.7956157214957021,0.8353965075704871,0.8142821902915736,0.26163038997043153
1715,0.7556618397659491,0.7934449317542465,0.7821618272107178,0.3004077177078608
1716,0.7109792605542218,0.7465282235819327,0.7417140147016963,0.355638686882795
1717,0.9642695116737843,1.0,0.9106296700803607,0.026077154688964554
1718,0.6007390366109958,0.6307759884415455,0.6233273191764556,0.3466896604241263
1719,0.7724664227422119,0.8110897438793223,0.7961384658729448,0.19730194785638394
1720,0.8611617246432548,0.9042198108754174,0.8588545450703915,0.1438348072175672
1721,0.6180576071466568,0.6489604875039895,0.6434312317371236,0.33962162635697907
1722,0.6886035352600245,0.7230337120230256,0.7197088107497023,0.33784286355699983
1723,0.7789149456475748,0.8178606929299534,0.8013215682667068,0.23827002566208239
1724,0.5248006894834587,0.5510407239576316,0.5309611981970442,0.4795074823392263
1725,0.7321860158369022,0.7687953166287472,0.7615016739990387,0.24409508350623152
1726,0.6129202540960014,0.6435662668008013,0.637516515586236,0.49792853795317077
1727,0.6280690463564318,0.6594724986742533,0.6548314965525025,0.4077308215659831
1728,0.9102862802092699,0.9558005942197333,0.8860921739474473,0.08827025948856775
1729,0.7636382655333371,0.8018201788100039,0.7888806331890805,0.29624348566333913
1730,0.6627307136520731,0.6958672493346767,0.6928875106149,0.3373299208079724
1731,0.718744070642702,0.7546812741748369,0.7490816407952137,0.2159370960359959
1732,0.7858469890147906,0.8251393384655299,0.8067820833586279,0.261476888507926
1733,0.6320788806245706,0.6636828246557991,0.6593489800762027,0.3314619994922752
1734,0.5718268514961128,0.6004181940709183,0.5888308460644659,0.33665642117246164
1735,0.6132926019115944,0.643957232007174,0.6379466331522772,0.38771269901260114
1736,0.3944508659427817,0.41417340923992074,0.3710428279458707,0.504197976069454
1737,0.5906685579166028,0.6202019858124328,0.6114337175491313,0.41409338167585547
1738,0.5035022437919117,0.5286773559815071,0.5043776928747984,0.45582586318778945
1739,0.6919064991487359,0.7265018241061726,0.7230281932206275,0.343422115344457
1740,0.39361484151639325,0.41329558359221286,0.3700678396379367,0.6810832500187427
1741,0.48699579030349294,0.5113455798186675,0.48375046237329467,0.4659548896088664
1742,0.6872838429572405,0.7216480351051024,0.7183757883520658,0.2915354556942459
1743,0.47385575846624955,0.497548546389562,0.4673661555406543,0.460270251904048
1744,0.49156923896489063,0.5161477009131351,0.4894631089480612,0.5257418432604275
1745,0.6330624531152595,0.6647155757710224,0.6604527036823672,0.4738122670384762
1746,0.45667720012127544,0.47951106012733913,0.44605725880943026,0.670698428938168
1747,0.4264519784531578,0.4477745773758156,0.40908720386830233,0.578398556992937
1748,0.44848399799668454,0.47090819789651867,0.43595868811304883,0.3873228546195121
1749,0.6265161121886147,0.6578419177980454,0.6530743660626531,0.2958965848397583
1750,0.6577774934884609,0.6906663681628838,0.6875923983646488,0.33621010363086895
1751,0.5000612260640693,0.5250642873672727,0.5000765325794889,0.629162513900733
1752,0.7729569359850847,0.8116047827843389,0.7965362331993433,0.20713268379431585
1753,0.6061196561871055,0.6364256389964607,0.6296226406840565,0.4558555623568193
1754,0.6902514023888429,0.7247639725082848,0.7213679030022724,0.32864735988725996
1755,0.7494857828478275,0.7869600719902188,0.7768544766249315,0.180986926203041
1756,0.8228102818529163,0.8639507959455619,0.833973111775301,0.12615507562847963
1757,0.5651841193127654,0.5934433252784035,0.580766465357177,0.3795312900393357
1758,0.48379148835435354,0.5079810627720711,0.479750442312746,0.4144279469452638
1759,0.5949299348326886,0.624676431574323,0.6164836798206537,0.3895779284556854
1760,0.38353968847656056,0.40271667290038854,0.3584031774094836,0.7831155688940625
1761,0.55482695747084,0.5825683053443819,0.5681077062660287,0.5337248630150847
1762,0.777310557863087,0.8161760857562412,0.8000413453056192,0.2717535597180426
1763,0.534546616687608,0.5612739475219882,0.5430762196638137,0.3434768690058938
1764,0.781026754209861,0.820078091920354,0.8029972768606961,0.2183722124507694
1765,0.6384226097040308,0.6703437401892322,0.6664368199518881,0.3850791715898026
1766,0.47505848514128024,0.4988114093983442,0.46886344888698717,0.583122949278175
1767,0.5888233808522563,0.618264549894869,0.6092395682181766,0.3105929045046273
1768,0.6768888733144585,0.7107333169801813,0.7077423557437696,0.3097638980726475
1769,0.45591582577322387,0.478711617061885,0.44511681244267237,0.5434352031042167
1770,0.6277366403446011,0.659123472361831,0.6544557359294478,0.2620965233757863
1771,0.45224724296719654,0.4748596051155563,0.44059101889741886,0.43961551800815607
1772,0.7782831184047939,0.8171972743250335,0.8008181381941626,0.26813675692405636
1773,0.6769647863475857,0.7108130256649648,0.7078208599933145,0.2684398270591331
1774,0.5510622479567742,0.5786153603546128,0.5634833433818892,0.38693395860863594
1775,0.532381948442685,0.5590010458648192,0.5403892412084093,0.35174936384852834
1776,0.6391123999888413,0.6710680199882832,0.6672030770468054,0.2769831143811808
1777,0.5271691400852149,0.5535275970894755,0.5339092941418505,0.4807675256328765
1778,0.6779902296682417,0.7118897411516537,0.7088800911957689,0.37160691427365294
1779,0.6398823192823846,0.6718764352465038,0.6680573026101958,0.3139288529901484
1780,0.5495408912337811,0.5770179357954701,0.5616114089037474,0.5447695240262203
1781,0.5108696338868111,0.5364131155811516,0.5135836989821685,0.5108869600786258
1782,0.7442181922858511,0.7814291019001435,0.7722554813872815,0.22875928960464625
1783,0.6358369738867942,0.6676288225811338,0.6635567444327048,0.3282593854983641
1784,0.8880797508318626,0.9324837383734557,0.874395944266156,0.10179326492315763
1785,0.6285177570505913,0.6599436449031207,0.6553384243732339,0.360694956743797
1786,0.7104063177104369,0.7459266335959587,0.7411648290765828,0.3575696079287441
1787,0.3886987109494589,0.4081336464969318,0.3643561855768559,0.47978646375801687
1788,0.5876565055540468,0.617039330831749,0.6078497154899294,0.3992551070083181
1789,0.5148898774463166,0.5406343713186323,0.5186037546648902,0.41008766035066546
1790,0.7377276478461104,0.7746140302384158,0.7664974259370798,0.1843643437598199
1791,0.5878200898653071,0.6172110943585724,0.6080446649665521,0.4280927546545893
1792,0.5728658125613313,0.6015091031893978,0.5900879726674437,0.4203822130548311
1793,0.4913507103768503,0.5159182458956927,0.48919007269551246,0.38954259392434065
1794,0.5476648538078156,0.5750480964982063,0.5593006504845413,0.3236648672943154
1795,0.6800552616376131,0.7140580247194936,0.7110062807327816,0.36092397964890294
1796,0.5454648125270742,0.5727380531534279,0.5565875393912613,0.4948755119167516
1797,0.7379924783559738,0.7748921022737724,0.766734337960809,0.32485926291902295
1798,0.5938003222111398,0.6234903383216966,0.6151474239123323,0.4509268958497609
1799,0.46155897172969473,0.4846369203161794,0.45209609935633477,0.48937080734587063
1800,0.7378336405299573,0.774725322556455,0.766592264927831,0.24003542522993768
1801,0.5842195621352687,0.613430540242032,0.6037459164508793,0.3333468387443247
1802,0.6352952942076595,0.6670600589180423,0.6629518290873128,0.33097367177525777
1803,0.637301152881691,0.6691662105257754,0.6651891663925941,0.381861515718716
1804,0.5488304752078821,0.5762719989682761,0.5607366819326296,0.4228990979186929
1805,0.7466213230633839,0.783952389216553,0.7743618420415297,0.2175210852619524
1806,0.6975486471377068,0.732426079494592,0.7286419387594172,0.31962254403421486
1807,0.5135067280371826,0.5391820644390416,0.5168769961607964,0.5662305814664714
1808,0.5819212234921155,0.6110172846667212,0.6009934294449101,0.36982205807435864
1809,0.7714943053727368,0.8100690206413734,0.7953484472598071,0.23159416055603702
1810,0.6021808615780022,0.6322899046569023,0.6250184414101769,0.5094840339455012
1811,0.7380893181372754,0.7749937840441391,0.7668209271026889,0.21381749574036998
1812,0.5913887700791243,0.6209582085830804,0.6122889225749155,0.3899060241017727
1813,0.7730356978994767,0.8116874827944504,0.7966000489916114,0.2731386349869576
1814,0.2950862610897044,0.3098405741441896,0.26413843009094307,0.6680943697454192
1815,0.6506478157951473,0.6831802065849045,0.6798840682740439,0.45144048187258007
1816,0.5206418427436729,0.5466739348808565,0.5257794236515789,0.3363725355233908
1817,0.7372798139945794,0.7741438046943082,0.766096422264892,0.24546400904574142
1818,0.47085310978741507,0.49439576527678575,0.4636307336076496,0.4064038072527293
1819,0.6879667863239614,0.7223651256401593,0.7190661111569223,0.2790081406855127
1820,0.996491137276475,1.0,0.9229027096096254,0.01231962301398392
1821,0.6666917028388019,0.7000262879807418,0.6970857174600572,0.2503053724744256
1822,0.8277558506918625,0.8691436432264555,0.8373687617837047,0.19407408170743
1823,0.8184502349064078,0.859372746651728,0.8309325918590813,0.14418169570108416
1824,0.7149863242815617,0.7507356404956397,0.7455336420205686,0.3250411057133888
1825,0.8729283302601143,0.9165747467731199,0.8658370535265925,0.12956831033042823
1826,0.7491973035218151,0.7866571686979058,0.7766043350163742,0.28690962044322055
1827,0.5857457984528935,0.6150330883755382,0.6055701227144323,0.4437063305751393
1828,0.5635618455549445,0.5917399378326916,0.578790251583744,0.3432512160157933
1829,0.5298712226235119,0.5563647837546875,0.5372697718520276,0.5872537750290884
1830,0.7338338836263512,0.7705255778076686,0.7629948513380372,0.21052613973763304
1831,0.6546748541218746,0.6874085968279683,0.6842503638138897,0.41701905598222216
1832,0.628681231274909,0.6601152928386543,0.655523020518853,0.4367192286448505
1833,0.35133852752796557,0.3689054539043638,0.32228133845679385,0.7944864511270538
1834,0.5300726681593694,0.5565763015673377,0.5375201702755373,0.3707798509877572
1835,0.3898771778401711,0.4093710367321796,0.3657219423300536,0.7541659578077493
1836,0.5116725004919567,0.5372561255165544,0.514586485498317,0.6256879118092105
1837,0.8293896317076735,0.8708591132930571,0.8384781586245137,0.12752910317765837
1838,0.6106759077074574,0.6412097030928301,0.6349193137617204,0.3375860907388899
1839,0.49958499859754024,0.5245642485274171,0.4994812484330557,0.479881889621868
1840,0.4533523032130558,0.4760199183737085,0.44195328675934176,0.4980279488187385
1841,0.7749390626565761,0.8136860157894048,0.798137692928631,0.1936721307755405
1842,0.45495031128558433,0.47769782684986345,0.4439247789217733,0.4746346953371588
1843,0.5220619789951497,0.5481650779449071,0.5275495435440724,0.4677955899898942
1844,0.7581559306465103,0.7960637271788357,0.7842791243407978,0.2517081961523664
1845,0.6434644184405098,0.6756376393625352,0.6720170511688758,0.3383389812054053
1846,0.5724869802018792,0.601111329211973,0.5896297268789497,0.5048983413885023
1847,0.8529496795169991,0.8955971634928489,0.8538033665852293,0.16096924288430145
1848,0.4330059279026598,0.45465622429779273,0.41703175162899064,0.428479199959153
1849,0.5438617445424033,0.5710548317695234,0.5546084836864789,0.4183115580522453
1850,0.6844356293633221,0.7186574108314882,0.7154857101716159,0.31852977181853953
1851,0.5429226858948277,0.5700688201895691,0.5534483668215853,0.33400483031689193
1852,0.7871985580827848,0.8265584859869239,0.8078333449510213,0.20946157497697881
1853,0.5168674547356801,0.542710827472464,0.521071829966584,0.4346505589385989
1854,0.6306825793589806,0.6622167083269296,0.6577791385172888,0.354324498022289
1855,0.6375778021792247,0.6694566922881858,0.6654971623049954,0.3880817007228946
1856,0.5087181898761205,0.5341540993699264,0.5108960120427344,0.4509963263475416
1857,0.5908188304932422,0.6203597720179043,0.6116122132879711,0.35034914722357013
1858,0.4379680605086461,0.45986646353407834,0.4230757590089575,0.7277659970197832
1859,0.5949550165780645,0.6247027674069676,0.6165133299674559,0.5098458763689716
1860,0.8419098767346346,0.8840053705713662,0.8467778280929954,0.18824316005804956
1861,0.6724119142632905,0.706032509976455,0.703090778135202,0.406493594236356
1862,0.4991709431125337,0.5241294902681602,0.49896368037462313,0.42356030448212073
1863,0.5735918443437773,0.602271436560966,0.5909657625655567,0.47929792966588414
1864,0.7923892544770581,0.8320087172009109,0.8118301715982941,0.17357603512660136
1865,0.7649776896786796,0.8032265741626134,0.7899938672167575,0.2287288508899278
1866,0.6129385763146933,0.6435855051304279,0.637537685654546,0.47187445069182926
1867,0.7280907901997327,0.7644953297097191,0.7577629752038604,0.22498786985820685
1868,0.5597588814244605,0.5877468254956835,0.5741477731954265,0.5529006163982872
1869,0.6618966247273902,0.6949914559637596,0.6919993501464329,0.32487901356290877
1870,0.5621129390638165,0.5902185860170073,0.5770230908660999,0.5532024242004329
1871,0.6832653282573877,0.717428594670257,0.7142930426809109,0.3982100859412073
1872,0.3627237010007074,0.38085988605074267,0.334838510531824,0.6303184339738006
1873,0.8716960195903808,0.9152808205698997,0.8651196927118474,0.10687852801444458
1874,0.5749688552896695,0.6037172980541529,0.5926290057372493,0.537860233042332
1875,0.781890090371821,0.8209845948904119,0.8036792509961774,0.23004528733241333
1876,0.9631160041830051,1.0,0.9101591760219562,0.04587283089848118
1877,0.6853959128569013,0.7196657084997462,0.7164621029937953,0.35226789974541795
1878,0.7540750299482654,0.7917787814456785,0.780806960597765,0.3184629707368633
1879,0.7218381012456365,0.7579300063079182,0.7519781659788433,0.2551074169672635
1880,0.5603827383229947,0.5884018752391443,0.5749102678543787,0.40880258871905784
1881,0.7669627125696177,0.8053108481980984,0.7916357398556138,0.23826014209702315
1882,0.7073839939254055,0.7427531936216757,0.7382552750932422,0.27080686195759585
1883,0.6646352758577974,0.6978670396506871,0.6949101809630833,0.42296110044104807
1884,0.6532912423114628,0.6859558044270359,0.6827538030496404,0.41852628913121753
1885,0.6599613350930903,0.6929594018477447,0.6899331256163734,0.3750447246765326
1886,0.5961926964938289,0.6260023313185202,0.6179753612986008,0.43269095416613335
1887,0.6878898887088066,0.7222843831442468,0.7189884341641177,0.4010936124000952
1888,0.5821093048000162,0.6112147700400169,0.601218917808444,0.38625839380714316
1889,0.8589327679685652,0.9018794063669934,0.8574981256000904,0.1795499302749719
1890,0.6256230637900476,0.6569042169795499,0.6520619937614224,0.30785284445306516
1891,0.741353573716126,0.7784212524019322,0.7697265610683708,0.26679580757703775
1892,0.5390145954010005,0.5659653251710505,0.5486141804291224,0.33549878049194787
1893,0.47161667457131523,0.4951975082998809,0.4645802703531688,0.44033803407917776
1894,0.48522738702943036,0.5094887563809017,0.48154262459628333,0.44604819066037554
1895,0.8126349459195392,0.8532666932155161,0.8268084341232367,0.1928777503693148
1896,0.9176317377976552,0.9635133246875378,0.8897469275235919,0.08823480131504291
1897,0.712620464604641,0.7482514878348729,0.7432829567586574,0.36836370222571474
1898,0.6646931930456695,0.6979278526979529,0.6949715726186985,0.42119869139898586
1899,0.5776413800799527,0.6065234490839502,0.595850972652739,0.4083610898964211
1900,0.6991673296229012,0.7341256961040461,0.7302392269521254,0.38065088518474255
1901,0.4146908236673574,0.4354253648507252,0.3949514440563066,0.632125535085174
1902,0.5550537252543836,0.5828064115171027,0.5683858849909733,0.5028153591311816
1903,0.486882847885688,0.5112269902799723,0.48360943475969953,0.4642037267258667
1904,0.5645029245776073,0.5927280708064876,0.5799369624756238,0.32647838527814055
1905,0.5594757426578078,0.5874495297906981,0.5738015967887837,0.3363067703675855
1906,0.5374999089245582,0.5643749043707861,0.5467380391350602,0.3655018962766704
1907,0.5943677563357247,0.6240861441525108,0.6158188789135681,0.32660998421260834
1908,0.6046462110001103,0.6348785215501157,0.6279029841199663,0.3182213374305509
1909,0.5500847977711982,0.577589037659758,0.5622808562413643,0.5678309805082232
1910,0.7564292836727248,0.7942507478563609,0.7828149228033795,0.18130207792105354
1911,0.7445850989779402,0.7818143539268371,0.7725779723798404,0.21882193941262676
1912,0.5852041234218313,0.6144643295929227,0.6049230292806569,0.49597390768881366
1913,0.85361146719464,0.8962920405543718,0.8542159154370199,0.14434089714092413
1914,0.6510161954756287,0.68356700524941,0.6802848093239604,0.38229174064758753
1915,0.8374701487908902,0.8793436562304345,0.8438754391272218,0.1888526260311967
1916,0.6948428039765161,0.7295849441753418,0.7259586440343845,0.2752235056177422
1917,0.7313794460187001,0.767948418319635,0.7607684683091809,0.2086651542202415
1918,0.577450064668978,0.6063225679024268,0.5956205957481996,0.41326972662368416
1919,0.4244507431342831,0.4456732802909972,0.40667058067521433,0.4582442898686618
1920,0.7042589445940951,0.7394718918237997,0.7352247190697285,0.3284705482333518
1921,0.594813441110324,0.6245541131658401,0.616345956522205,0.500673139000302
1922,0.6877272516847934,0.722113614269033,0.7188241056820366,0.3281738742082974
1923,0.5944325242313594,0.6241541504429272,0.6158954919220617,0.4182219440485141
1924,0.6531186531107535,0.685774585766291,0.6825668585705722,0.3339886719202459
1925,0.7904072511739091,0.8299276137326044,0.8103116179388247,0.16548080449000194
1926,0.6417870628775232,0.6738764160213992,0.6701658605417676,0.28413674850586346
1927,0.5225612813763351,0.5486893454451517,0.5281717336085701,0.5463783005502024
1928,0.6729185888331659,0.7065645182748241,0.7036193579556416,0.28085122694426545
1929,0.5874831816492817,0.6168573407317457,0.6076431214506282,0.3157293160787469
1930,0.7694905146913958,0.8079650404259655,0.7937128430744347,0.2158431737194697
1931,0.7736296885620337,0.8123111729901353,0.7970808419291624,0.18315868326231186
1932,0.800956776946997,0.8410046157943467,0.8182868919400346,0.20524433926699623
1933,0.6312732798546634,0.6628369438473964,0.6584436787289406,0.4157261071717745
1934,0.7755690290666033,0.8143474805199333,0.7986446981656257,0.21658941670029622
1935,0.7894355000233207,0.8289072750244867,0.8095636683937355,0.2695053676601936
1936,0.4303849296969361,0.4519041761817828,0.41384922100190674,0.49665570824549626
1937,0.5197902489061572,0.545779761351465,0.5247176461652556,0.4614909451450814
1938,0.7067366080454099,0.7420734384476804,0.7376293066954899,0.33308260563080294
1939,0.6215194719620899,0.6525954455601943,0.6473925327541592,0.2954128879206821
1940,0.7123448496047564,0.7479620920849941,0.7430199134316506,0.27777937690281035
1941,0.7008012695611178,0.7358413330391735,0.7318455448692206,0.31791495042293644
1942,0.5560160916210022,0.5838168962020522,0.56956594920521,0.4481271961725838
1943,0.5015157074745309,0.5265914928482573,0.5018946252751438,0.44365724470696255
1944,0.5799265279479421,0.6089228543453391,0.5985993946633827,0.5324052888254459
1945,0.5791768955556514,0.6081357403334339,0.5976984613062148,0.3138654624096067
1946,0.5294080979582736,0.5558785028561872,0.5366940330738195,0.36553002381995897
1947,0.44338874889800733,0.46555818634290763,0.4297046541145702,0.41418220883738577
1948,0.3456518251959514,0.3629344164557489,0.31610264062449933,0.6722093405699556
1949,0.5859537439571113,0.6152514311549667,0.6058184394999998,0.4705908813965802
1950,0.6264411782738077,0.657763237187498,0.6529894729694399,0.39500184599860216
1951,0.5099768022926686,0.5354756424073019,0.5124684174237321,0.5788077841084045
1952,0.642377202287289,0.6744960624016534,0.6708177653810974,0.34740036311178935
1953,0.35527691900930736,0.3730407649597727,0.32659734349377734,0.6194287872813675
1954,0.4162084664514315,0.437018889774003,0.39676619797344415,0.565581172745203
1955,0.669917057492798,0.7034129103674377,0.7004801398198064,0.29693118037812694
1956,0.37985352670788225,0.3988462030432763,0.3541761577489745,0.46508095372549113
1957,0.6749496491591801,0.708697131617139,0.7057327477333137,0.36647356441866835
1958,0.7185761157597305,0.7545049215477169,0.7489237651794562,0.30432749139717263
1959,0.8688568251980082,0.9122996664579085,0.863454596058154,0.13609770609225916
1960,0.4852881212950192,0.5095525273597701,0.4816184393994863,0.5538205777105853
1961,0.5400385983824773,0.567040528301601,0.5498817655496308,0.5762254718128728
1962,0.6544025794243806,0.6871227083955995,0.6839561628667408,0.44875234746066467
1963,0.5533988122303801,0.5810687528418991,0.5663548030580611,0.48370219721208463
1964,0.6956515132351264,0.7304340888968827,0.726762342602127,0.35123056701759126
1965,0.4599898038721416,0.4829892940657486,0.4501533841664708,0.5882924179227031
1966,0.4867669909448531,0.5111053404920957,0.48346477058645937,0.6635595732116708
1967,0.5788730649175323,0.6078167181634089,0.59733311915615,0.5162559901336488
1968,0.5701962342743263,0.5987060459880426,0.5868554901806445,0.37060847232343264
1969,0.7213438587647705,0.7574110517030088,0.7515169806158486,0.24375976203331892
1970,0.7182176799903746,0.7541285639898931,0.7485866190028607,0.2721798453291741
1971,0.5112327982037669,0.5367944381139551,0.5140373080154694,0.4704191735548836
1972,0.5317966694284247,0.5583865028998459,0.5396623308436347,0.46853098761467904
1973,0.479617968406919,0.5035988668272648,0.4745444877637869,0.4189786646958718
1974,0.6752629664084134,0.709026114728834,0.7060579821336537,0.3245155933375281
1975,0.6761266699669971,0.7099330034653468,0.7069534495459521,0.38259430880879397
1976,0.7349399974538037,0.7716869973264937,0.7639935095583312,0.3251230913199998
1977,0.6718272561202902,0.7054186189263045,0.7024801670272549,0.3417824281177963
1978,0.7590293690297015,0.7969808374811864,0.7850170720262704,0.3107022638103947
1979,0.5867988041898812,0.6161387443993751,0.6068269993606188,0.3322527926697741
1980,0.37484695947974755,0.3935893074537349,0.3484713843024241,0.7526031062041111
1981,0.8129944645665592,0.853644187794887,0.8270656915288996,0.1460092731316805
1982,0.825954435640766,0.8672521574228041,0.8361384270844474,0.190952207486676
1983,0.5574864868438258,0.585360811186017,0.5713674344450262,0.3523937545474378
1984,0.6888777848364767,0.7233216740783004,0.7199853465385413,0.28388766708156454
1985,0.6646727081293825,0.6979063435358515,0.6949498595989956,0.33676498445425485
1986,0.4706312047118206,0.49416276494741157,0.4633548310201874,0.4167738848363415
1987,0.37890825678504253,0.3978536696242946,0.35309582084109914,0.7482736233481118
1988,0.3244110524414918,0.3406316050635664,0.2936038606975333,0.8413230698644011
1989,0.701845659148206,0.7369379421056161,0.7328690983180163,0.37087284210550336
1990,0.5228439871341735,0.548986186490882,0.5285239798779409,0.4654061600952117
1991,0.7771532226301425,0.8160108837616495,0.7999154669305706,0.2416736917687605
1992,0.5574519633601819,0.5853245615281909,0.5713251587639142,0.4316912130356879
1993,0.5814233449686937,0.6104945122171284,0.6003963224690988,0.36048479733153965
1994,0.5656485831053816,0.5939310122606506,0.5813317898065338,0.4844136425800908
1995,0.82696109477264,0.8683091495112719,0.8368268775120563,0.13234589888782308
1996,0.6669783370052299,0.7003272538554913,0.6973882563225634,0.2345388019067842
1997,0.5214453122382566,0.5475175778501694,0.5267809856026232,0.4051771702888436
1998,0.6699836053739383,0.7034827856426351,0.7005499464564404,0.4109272841488828
1999,0.6452452722094791,0.6775075358199529,0.6739766278555483,0.4593888424154318
